patient_id,outer_fold,n_tiles
CH_L_275a,0,23
CH_L_276a,4,22
CH_L_277a,4,16
CH_L_278a,2,11
CH_L_279a,0,16
CH_L_280a,1,34
CH_L_281a,2,26
CH_L_281b,2,20
CH_L_282a,2,15
CH_L_283a,1,33
CH_L_284a,0,10
CH_L_285a,1,21
CH_L_287a,0,22
CH_L_288a,2,25
CH_L_289a,4,33
CH_L_290a,1,21
CH_L_291a,1,28
CH_L_292a,2,28
CH_L_293a,0,29
CH_L_294a,2,25
CH_L_295a,4,19
CH_L_296a,4,24
CH_L_298a,0,15
CH_L_299a,4,23
CH_L_300a,2,10
CH_L_301a,2,31
CH_L_302a,0,33
CH_L_303a,2,21
CH_L_305a,0,28
CH_L_306a,4,12
CH_L_306b,1,22
CH_L_307a,1,24
CH_L_308a,3,27
CH_L_309a,1,20
CH_L_310a,1,15
CH_L_311a,0,25
CH_L_312a,2,19
CH_L_313a,4,6
CH_L_314a,2,22
CH_L_315a,0,23
CH_L_317a,0,28
CH_L_318a,3,34
CH_L_319a,1,23
CH_L_320a,3,23
CH_L_321a,0,34
CH_L_322a,1,28
CH_L_323a,3,29
CH_L_326a,1,29
CH_L_327a,3,27
CH_L_328a,0,32
CH_L_329a,3,26
CH_L_333a,4,8
CH_L_334a,4,27
CH_L_335a,2,10
CH_L_336a,3,20
CH_L_337a,0,16
CH_L_338a,2,19
CH_L_339a,3,23
CH_L_340a,3,30
CH_L_341a,3,13
CH_L_342a,4,13
CH_L_344a,3,24
CH_L_345a,0,27
CH_L_346a,4,32
CH_L_347a,3,29
CH_L_348a,1,23
CH_L_349a,1,17
CH_L_350a,0,28
CH_L_351a,1,15
CH_L_352a,1,23
CH_L_353a,1,26
CH_L_356a,4,17
CH_L_359a,0,21
CH_L_360a,2,26
CH_L_361a,4,31
CH_L_362a,3,30
CH_L_363a,2,21
CH_L_364a,1,10
CH_L_367a,1,22
CH_L_368a,4,26
CH_L_369a,2,25
CH_L_371a,3,29
CH_L_372a,4,31
CH_L_373a,0,17
CH_L_376a,3,3
CH_L_387a,4,6
CH_L_388a,4,2
CH_L_389a,2,4
CH_L_390a,3,1
CH_L_395a,2,4
CH_L_399a,0,3
CH_L_400a,3,2
CH_L_403a,3,8
