target,patient_id,n_tiles,mean_true,mean_pred,r_within
FMRP,CH_L_275a,23,-0.0012999181888754601,-0.02528392272474973,0.8309065913168973
FMRP,CH_L_276a,22,-0.0391264987940138,-0.02369309902529825,-0.7763554560320979
FMRP,CH_L_277a,16,0.032989744169753976,-0.022097528912127018,0.06180660326948795
FMRP,CH_L_278a,11,0.05418798653408885,-0.022193323143503883,-0.2238814116165575
FMRP,CH_L_279a,16,-0.04535562579985708,-0.024660756113007665,0.27444253093494353
FMRP,CH_L_280a,34,-0.010384974936160314,-0.02442265290986089,-0.07892348037987865
FMRP,CH_L_281a,26,-0.07753166685310695,-0.02269379859073804,-0.0374542522933849
FMRP,CH_L_281b,20,-0.03901068387785926,-0.020381208136677743,0.1789666080998431
FMRP,CH_L_282a,15,-0.07992626031239827,-0.02152692452073097,-0.15986109743829244
FMRP,CH_L_283a,33,-0.043985214761712334,-0.0262296682393009,-0.1334329200431375
FMRP,CH_L_284a,10,-0.0854529820382595,-0.024971997551620006,-0.42326900921471067
FMRP,CH_L_285a,21,-0.08926610861505781,-0.02461229965445541,-0.04752650911935753
FMRP,CH_L_287a,22,-0.06473508494144137,-0.02470291769978675,-0.3577946878846327
FMRP,CH_L_288a,25,-0.08973878771066665,-0.020473647713661194,0.12433765987096625
FMRP,CH_L_289a,33,-0.028389547710751438,-0.024376015545743885,-0.4215736476915375
FMRP,CH_L_290a,21,0.032730610797270424,-0.026953613030768576,-0.5352006317394313
FMRP,CH_L_291a,28,-0.020409852933620902,-0.025524975931538,0.07670245388111413
FMRP,CH_L_292a,28,-0.07291865668126515,-0.022233203519135714,0.0018568193046446422
FMRP,CH_L_293a,29,-0.06397113268231523,-0.0253319992073651,-0.07137129716387007
FMRP,CH_L_294a,25,-0.09365323930978775,-0.02185024730861187,-0.20062923364347546
FMRP,CH_L_295a,19,-0.07211195167742278,-0.0240489731689817,-0.006643926666142864
FMRP,CH_L_296a,24,-0.10310692588488261,-0.022243976360186934,-0.1363100741518001
FMRP,CH_L_298a,15,-0.01893072062327216,-0.025177337477604547,-0.7069714990864666
FMRP,CH_L_299a,23,-0.055941552652612976,-0.02286413830259572,-0.7769154982272656
FMRP,CH_L_300a,10,-0.07802534364163875,-0.022088988125324248,0.6214258773214373
FMRP,CH_L_301a,31,-0.006397000718636498,-0.022263429878700162,-0.22712024174099177
FMRP,CH_L_302a,33,-0.00013303290347032475,-0.025483319197188724,-0.022467032818790245
FMRP,CH_L_303a,21,-0.02030576885209441,-0.022544199689513163,0.2125055416034309
FMRP,CH_L_305a,28,-0.043520767807162235,-0.02482001530006528,-0.5577167568112364
FMRP,CH_L_306a,12,-0.07874865550547838,-0.024915349824974935,0.16900372232375485
FMRP,CH_L_306b,22,-0.06848350235007027,-0.027113178829577835,-0.5763722467817904
FMRP,CH_L_307a,24,-0.03612422885635169,-0.02714512962847948,0.16624692393572432
FMRP,CH_L_308a,27,-0.03276547022094881,-0.026716568265800125,0.2942399089189181
FMRP,CH_L_309a,20,-0.020664652021150687,-0.025699347164481877,0.25994955373055295
FMRP,CH_L_310a,15,-0.02354168357948462,-0.026480711127320925,-0.5635520424460688
FMRP,CH_L_311a,25,-0.04036493469029665,-0.025208053141832353,0.25032511522545053
FMRP,CH_L_312a,19,0.03295792477499498,-0.021585570942414433,0.024164575652911
FMRP,CH_L_313a,6,-0.020225704958041508,-0.022532111033797264,-0.036035869122780985
FMRP,CH_L_314a,22,-0.03564277527303519,-0.022833612832156094,-0.3288020326760109
FMRP,CH_L_315a,23,0.01895684059127234,-0.024717650497737137,-0.5958758597004702
FMRP,CH_L_317a,28,-0.04064503892940203,-0.024604161669101034,-0.4194890304732997
FMRP,CH_L_318a,34,0.004834449747303391,-0.029103683746036363,-0.09747327206421687
FMRP,CH_L_319a,23,-0.0268924617431248,-0.02665737166028956,-0.005835320932782381
FMRP,CH_L_320a,23,-0.01766413535274889,-0.026175607724682144,0.402774629275707
FMRP,CH_L_321a,34,-0.005051797244103749,-0.02472523260204231,-0.3420824713608399
FMRP,CH_L_322a,28,-0.043730474509564896,-0.02536253451502749,0.35473120014182036
FMRP,CH_L_323a,29,0.026758830528706312,-0.025759051072186435,0.017557391821778855
FMRP,CH_L_326a,29,0.004739215487116498,-0.026262304456583386,-0.21493198540223443
FMRP,CH_L_327a,27,-4.150652481863896e-05,-0.02663529933326774,0.33698927509894594
FMRP,CH_L_328a,32,0.011783676309278235,-0.024792939773760736,0.2860080901417789
FMRP,CH_L_329a,26,-0.00835675800716182,-0.025935260220788993,-0.6724280614001196
FMRP,CH_L_333a,8,-0.03702772318501957,-0.022982633439823985,0.19037521034562527
FMRP,CH_L_334a,27,-0.01523796288313827,-0.023087783475165016,-0.2963268588094401
FMRP,CH_L_335a,10,-0.022512876545079052,-0.02087349221110344,-0.6388036517212882
FMRP,CH_L_336a,20,0.01758114332333207,-0.02695476757362485,-0.010894370741058004
FMRP,CH_L_337a,16,-0.0788476038724184,-0.02540243125986308,0.3648245500565063
FMRP,CH_L_338a,19,-0.07773557873932939,-0.022371189864842517,0.060656037459776636
FMRP,CH_L_339a,23,-0.020370579318058964,-0.025530501066342644,0.185981929283881
FMRP,CH_L_340a,30,-0.019878691343183163,-0.026061458699405193,-0.30989293880720964
FMRP,CH_L_341a,13,-0.10811496869875835,-0.026188240744746648,0.7878526357139154
FMRP,CH_L_342a,13,-0.09479421319869849,-0.023634848972925775,0.49900786758894267
FMRP,CH_L_344a,24,-0.02149871946615652,-0.026384529347221058,-0.12071461838828758
FMRP,CH_L_345a,27,-0.008111213489125172,-0.02456362483402093,0.5309411264693106
FMRP,CH_L_346a,32,0.013572863466833951,-0.023638009908609092,0.3070111422853444
FMRP,CH_L_347a,29,-0.019925430848600406,-0.02612943003146813,0.3416554597842382
FMRP,CH_L_348a,23,-0.013423317891505101,-0.025077210820239525,-0.028306765760933158
FMRP,CH_L_349a,17,-0.0352463510216159,-0.027208622216301805,0.3532415862030391
FMRP,CH_L_350a,28,0.017638953144861653,-0.024477781994002207,0.0870487856270487
FMRP,CH_L_351a,15,0.02470921613276005,-0.02628571167588234,-0.5807794329661087
FMRP,CH_L_352a,23,-0.021493815294335313,-0.024511378987327866,-0.05535418153715297
FMRP,CH_L_353a,26,0.0015824711579345884,-0.02511014474126009,-0.4193577891744483
FMRP,CH_L_356a,17,-0.014050892204977572,-0.02394074420718586,-0.18848933639941953
FMRP,CH_L_359a,21,-0.025553126861008683,-0.02483159676194191,-0.5152037513708458
FMRP,CH_L_360a,26,-0.002863063954954179,-0.022112902970268175,-0.09433344156640225
FMRP,CH_L_361a,31,-0.02379371347882214,-0.023678146362785372,0.03687596612946427
FMRP,CH_L_362a,30,-0.0363607291248627,-0.026332396455109118,-0.05139300051737224
FMRP,CH_L_363a,21,-0.007917542952955478,-0.021940179346572785,0.42286080153159966
FMRP,CH_L_364a,10,0.05136229582130909,-0.026193130761384964,0.5097255014815754
FMRP,CH_L_367a,22,0.002607226005982904,-0.02548253248361024,0.08304115972130516
FMRP,CH_L_368a,26,0.01756613402036377,-0.022301651465778168,-0.1165527371691715
FMRP,CH_L_369a,25,0.009821386765688658,-0.02081161715090275,0.03513964687950252
FMRP,CH_L_371a,29,-0.013053739467507293,-0.026357679467262893,-0.2519350018985275
FMRP,CH_L_372a,31,-0.017799221888004292,-0.024319316110303326,0.15976637486851966
FMRP,CH_L_373a,17,-0.017265883315464154,-0.02407293810563929,-0.13438559509283032
FMRP,CH_L_376a,3,-0.044305638099710144,-0.02502005733549595,
FMRP,CH_L_387a,6,0.0036995032957444587,-0.022463406436145306,0.21806323372799935
FMRP,CH_L_388a,2,-0.037960393354296684,-0.02240823768079281,
FMRP,CH_L_389a,4,-0.018382492009550333,-0.02032861579209566,
FMRP,CH_L_390a,1,-0.02701641246676445,-0.026583880186080933,
FMRP,CH_L_395a,4,0.028526972979307175,-0.02020703162997961,
FMRP,CH_L_399a,3,-0.0691671750197808,-0.02449440707763036,
FMRP,CH_L_400a,2,-0.047957051545381546,-0.025274593383073807,
FMRP,CH_L_403a,8,-0.019447647966444492,-0.025392703711986542,0.18143310237072724
Cell_cycle,CH_L_275a,23,0.0940552270444839,0.107881435557552,0.2869193757133272
Cell_cycle,CH_L_276a,22,0.1693753752518784,0.11198178340088237,0.45558672962164687
Cell_cycle,CH_L_277a,16,0.13353551481850445,0.11288110911846161,-0.24250687578180985
Cell_cycle,CH_L_278a,11,0.15711652081121097,0.11962915008718317,0.13583458646205754
Cell_cycle,CH_L_279a,16,0.09979087999090552,0.11021033069118857,-0.5200438589856616
Cell_cycle,CH_L_280a,34,0.22602159486097448,0.1041858159005642,-0.04987979961829675
Cell_cycle,CH_L_281a,26,0.043225393344003424,0.11762459633442071,0.2966476896833917
Cell_cycle,CH_L_281b,20,0.0738561000674963,0.12127849683165551,-0.14888388588968812
Cell_cycle,CH_L_282a,15,0.03340878486633301,0.12019200374682744,0.7585053176836656
Cell_cycle,CH_L_283a,33,0.16972319905956587,0.10147074813192541,-0.4613336823185044
Cell_cycle,CH_L_284a,10,0.032185725122690204,0.11228150203824043,0.3073795336771136
Cell_cycle,CH_L_285a,21,0.042238468038184304,0.10365240346817743,-0.030058382132903058
Cell_cycle,CH_L_287a,22,0.06825788454575972,0.10769093951041048,-0.3078311832965432
Cell_cycle,CH_L_288a,25,0.06887630172073841,0.12044457703828812,0.2315496589721209
Cell_cycle,CH_L_289a,33,0.040602774331063934,0.11304701548634154,-0.08200871632665176
Cell_cycle,CH_L_290a,21,0.12299691867970285,0.10270159478698458,0.08049198725918101
Cell_cycle,CH_L_291a,28,0.22254097182303667,0.10145504958927631,-0.39663169170839657
Cell_cycle,CH_L_292a,28,0.03891722332420094,0.11921197548508644,-0.04822103650843702
Cell_cycle,CH_L_293a,29,0.23993606634181122,0.11018098608173173,0.04744409715546945
Cell_cycle,CH_L_294a,25,0.06277605667710304,0.11815911620855331,0.614679263705773
Cell_cycle,CH_L_295a,19,0.0772581998454897,0.11413854987997758,-0.011586650044680551
Cell_cycle,CH_L_296a,24,0.06945336610078812,0.11276567230621974,-0.043185486964674995
Cell_cycle,CH_L_298a,15,0.09818654482563337,0.1120990018049876,0.16822948399517018
Cell_cycle,CH_L_299a,23,0.17811441324327304,0.11355611779119658,-0.14990888369272776
Cell_cycle,CH_L_300a,10,0.09227542616426945,0.11853239759802818,-0.7006845649377813
Cell_cycle,CH_L_301a,31,0.05476821177909451,0.11682181973611155,0.22395556479533946
Cell_cycle,CH_L_302a,33,0.08272968373741164,0.10802604551568176,-0.110641744031001
Cell_cycle,CH_L_303a,21,0.07377660824429422,0.116750805860474,-0.5684289868638764
Cell_cycle,CH_L_305a,28,0.10951770855379957,0.10811313135283333,0.33735416784604527
Cell_cycle,CH_L_306a,12,0.06339468092968066,0.11049326819678147,0.30121734836562236
Cell_cycle,CH_L_306b,22,0.06229159845547243,0.10224228860302405,-0.11627492737600549
Cell_cycle,CH_L_307a,24,0.11090848074915509,0.10244420015563567,0.4543581827213628
Cell_cycle,CH_L_308a,27,0.1554073652735463,0.10051761953919022,-0.3022013854984898
Cell_cycle,CH_L_309a,20,0.10179484412074088,0.10407052263617515,0.6201571608995954
Cell_cycle,CH_L_310a,15,0.055462053542335826,0.101673557360967,0.6837134916723793
Cell_cycle,CH_L_311a,25,0.14465401619672774,0.10946950733661652,0.3623834988615946
Cell_cycle,CH_L_312a,19,0.15541855314452396,0.12065666482636803,0.26540016418936385
Cell_cycle,CH_L_313a,6,0.20495046923557916,0.1136818565428257,-0.8621900509786357
Cell_cycle,CH_L_314a,22,0.0868517438119108,0.11765422942963513,-0.02340422865748696
Cell_cycle,CH_L_315a,23,0.05179416679817697,0.11272205056055733,0.23718128312065836
Cell_cycle,CH_L_317a,28,0.07045077745403562,0.11169623689992088,0.5072395361068568
Cell_cycle,CH_L_318a,34,0.1386043214622666,0.10204834271879758,-0.13311673811341773
Cell_cycle,CH_L_319a,23,0.20339262436913408,0.10374939830406853,0.11845702245038754
Cell_cycle,CH_L_320a,23,0.12322198534789293,0.10695643301891244,-0.4802431981506442
Cell_cycle,CH_L_321a,34,0.2193378144327332,0.10933868148747612,0.10859756626598979
Cell_cycle,CH_L_322a,28,0.3940917434436934,0.10325034973876816,0.5732026808558542
Cell_cycle,CH_L_323a,29,0.08708737687817936,0.1057246879770838,0.06181603058682621
Cell_cycle,CH_L_326a,29,0.10718395715129786,0.10237314577760367,0.5571359221846407
Cell_cycle,CH_L_327a,27,0.12508270855027218,0.10162864846211893,-0.1178037321060466
Cell_cycle,CH_L_328a,32,0.07833226001821458,0.10927137942053378,0.20165033887529232
Cell_cycle,CH_L_329a,26,0.11862416250201371,0.10410106783876052,0.49879114471568176
Cell_cycle,CH_L_333a,8,0.07554239220917225,0.11383364349603653,-0.7538832314107318
Cell_cycle,CH_L_334a,27,0.10699460213934933,0.11402685885076169,0.2908699592302966
Cell_cycle,CH_L_335a,10,0.03538330346345901,0.12023944109678268,0.25424550508103316
Cell_cycle,CH_L_336a,20,0.21071670055389405,0.1031581275165081,0.6485071635876569
Cell_cycle,CH_L_337a,16,0.04701538663357496,0.10776771046221256,-0.19585662341797877
Cell_cycle,CH_L_338a,19,0.031151576751941128,0.11592875930823777,-0.10412599274813407
Cell_cycle,CH_L_339a,23,0.19242560993070187,0.10727798161299332,0.0934796018008198
Cell_cycle,CH_L_340a,30,0.0448172985886534,0.1006416288514932,-0.20132256622059952
Cell_cycle,CH_L_341a,13,0.033134862494010195,0.10208191608007137,-0.16726779959711344
Cell_cycle,CH_L_342a,13,0.0848696782038762,0.11108074451868351,0.14725898483810818
Cell_cycle,CH_L_344a,24,0.2500859561065833,0.1011075812081496,0.07198089109440528
Cell_cycle,CH_L_345a,27,0.17493303506462662,0.11346677525175942,-0.14067352457127863
Cell_cycle,CH_L_346a,32,0.03168045304482803,0.11174544040113688,0.18846744038590152
Cell_cycle,CH_L_347a,29,0.11538842898504488,0.1071693938353966,-0.1130744701691844
Cell_cycle,CH_L_348a,23,0.057345040628443596,0.10273725928171822,0.047320060074410475
Cell_cycle,CH_L_349a,17,0.06028712255989804,0.10209782465415843,-0.07928167078645344
Cell_cycle,CH_L_350a,28,0.03142649151517877,0.11256674437650613,-0.11354271530025511
Cell_cycle,CH_L_351a,15,0.1134061835706234,0.1004478375116984,0.22886274393110573
Cell_cycle,CH_L_352a,23,0.03659010779760454,0.10392758476993312,0.03170085988298608
Cell_cycle,CH_L_353a,26,0.07220251378245078,0.104132279753685,0.23554278757731698
Cell_cycle,CH_L_356a,17,0.07582707856507863,0.11048193319755442,0.4206389069257165
Cell_cycle,CH_L_359a,21,0.08223488554358482,0.10867317907866977,-0.27145581140459746
Cell_cycle,CH_L_360a,26,0.12754153546232444,0.11545130524497765,-0.3203822451046857
Cell_cycle,CH_L_361a,31,0.038477846271088044,0.11298371659171197,-0.09894112984753836
Cell_cycle,CH_L_362a,30,0.10769031910846631,0.10713710561394692,-0.16550451846386532
Cell_cycle,CH_L_363a,21,0.051092856142315124,0.11897323245093935,-0.48127405555570363
Cell_cycle,CH_L_364a,10,0.08544261008501053,0.10240632221102715,-0.5166595964713968
Cell_cycle,CH_L_367a,22,0.10142552429302172,0.10333871638233011,-0.11749813078990202
Cell_cycle,CH_L_368a,26,0.08862401623851977,0.11343092242112526,0.3249583206260629
Cell_cycle,CH_L_369a,25,0.021927015162073075,0.11977774828672409,0.19246337174780456
Cell_cycle,CH_L_371a,29,0.07966986838085897,0.10435075235777888,-0.4105312971652405
Cell_cycle,CH_L_372a,31,0.16085832007229328,0.11211553384219447,-0.22166483859592645
Cell_cycle,CH_L_373a,17,0.08651857823133469,0.11319412334876902,-0.3660174539943047
Cell_cycle,CH_L_376a,3,0.24152078727881113,0.10685545206069946,
Cell_cycle,CH_L_387a,6,0.348916952808698,0.11424094438552856,-0.1294858690025815
Cell_cycle,CH_L_388a,2,0.1282343491911888,0.11399665474891663,
Cell_cycle,CH_L_389a,4,0.19828512892127037,0.12161470577120781,
Cell_cycle,CH_L_390a,1,0.16734373569488525,0.10097415745258331,
Cell_cycle,CH_L_395a,4,0.12089687027037144,0.12235703133046627,
Cell_cycle,CH_L_399a,3,0.202419380346934,0.1127712478240331,
Cell_cycle,CH_L_400a,2,0.30953793227672577,0.10560224950313568,
Cell_cycle,CH_L_403a,8,0.24979672208428383,0.10603614337742329,0.12250036841736262
YAP,CH_L_275a,23,0.38525029109871906,0.39375196462092193,0.7929783920102916
YAP,CH_L_276a,22,0.3544031097130342,0.38832822848450055,0.3695387206839404
YAP,CH_L_277a,16,0.37246950156986713,0.3735523000359535,-0.30246088305828195
YAP,CH_L_278a,11,0.3557094362649051,0.3811730281873183,0.031034981589241204
YAP,CH_L_279a,16,0.3742112498730421,0.389697527512908,0.057361770255229726
YAP,CH_L_280a,34,0.31601954908931956,0.39346620089867534,0.31624766824881184
YAP,CH_L_281a,26,0.49862557305739474,0.3846220442881951,0.24715421184238107
YAP,CH_L_281b,20,0.39288807958364486,0.3781123995780945,0.2583157804791337
YAP,CH_L_282a,15,0.5166034638881684,0.3791015783945719,-0.21623519834457938
YAP,CH_L_283a,33,0.39436351259549457,0.3977779998923793,-0.5818349994356652
YAP,CH_L_284a,10,0.5081864923238755,0.38786939680576327,-0.33143678057960685
YAP,CH_L_285a,21,0.49575771462349666,0.39347071448961896,0.06298940972683201
YAP,CH_L_287a,22,0.5008367598056793,0.3924008702689951,-0.2930073861664683
YAP,CH_L_288a,25,0.4880428373813629,0.3786905288696289,0.36820964810384216
YAP,CH_L_289a,33,0.38162616708061914,0.3881092667579651,0.3586005570622079
YAP,CH_L_290a,21,0.3670855661233266,0.39758549559684025,-0.1867447062535091
YAP,CH_L_291a,28,0.3819526785186359,0.3958759978413582,-0.13670087131771672
YAP,CH_L_292a,28,0.46518223732709885,0.38131275453737806,-0.06125349399018732
YAP,CH_L_293a,29,0.36342118218027314,0.3901832761435673,-0.28573250362084357
YAP,CH_L_294a,25,0.545100257396698,0.38273266911506654,0.6666836791506555
YAP,CH_L_295a,19,0.5077770070025796,0.3820868714859611,-0.101517060462535
YAP,CH_L_296a,24,0.5950574427843094,0.37404658272862434,0.07505523817200738
YAP,CH_L_298a,15,0.39925381938616433,0.3882119258244832,0.34559176266304276
YAP,CH_L_299a,23,0.3928852781005528,0.37869723853857623,-0.5053646416970398
YAP,CH_L_300a,10,0.4744374960660934,0.38257727921009066,-0.7862009449424155
YAP,CH_L_301a,31,0.40830433176409814,0.3856064398442545,-0.07349790032775876
YAP,CH_L_302a,33,0.3586042369856979,0.39238287553642737,-0.07439322396452326
YAP,CH_L_303a,21,0.34887416731743587,0.38799511250995455,-0.14944503644938084
YAP,CH_L_305a,28,0.44216417521238327,0.3933612672345979,-0.40808836187315317
YAP,CH_L_306a,12,0.496459720035394,0.39537856976191205,0.2415848435294205
YAP,CH_L_306b,22,0.5199645039710131,0.3981397788633,-0.21987122647349494
YAP,CH_L_307a,24,0.37483760962883633,0.39826425289114314,0.4582689368074498
YAP,CH_L_308a,27,0.4150624893329762,0.39815296287889834,-0.13294800849482813
YAP,CH_L_309a,20,0.3441877946257591,0.3949216023087502,0.6591639815108316
YAP,CH_L_310a,15,0.37293117443720497,0.3975754996140798,0.737721372983505
YAP,CH_L_311a,25,0.3198704445362091,0.39076378345489504,0.26840953317908256
YAP,CH_L_312a,19,0.3285694514450274,0.3798865142621492,0.3173122165786233
YAP,CH_L_313a,6,0.3353893558184306,0.3758726765712102,-0.7249565748481946
YAP,CH_L_314a,22,0.3815788355740634,0.38472903045740997,-0.15176938646774518
YAP,CH_L_315a,23,0.357442240352216,0.38783078219579614,-0.2785027181121824
YAP,CH_L_317a,28,0.39969197447810856,0.3885291176182883,0.5403086492237029
YAP,CH_L_318a,34,0.33667895548483906,0.399885389734717,-0.12984379229917797
YAP,CH_L_319a,23,0.34534507601157477,0.39682203012964,-0.1412191191864161
YAP,CH_L_320a,23,0.34814268868902454,0.3912352971408678,0.2261980080650977
YAP,CH_L_321a,34,0.35517847888609944,0.3903445268378538,-0.342304429082746
YAP,CH_L_322a,28,0.30476658046245575,0.3945967565689768,0.05671227125577782
YAP,CH_L_323a,29,0.33346491641011733,0.3919364296156785,-0.11309833569851564
YAP,CH_L_326a,29,0.3401009286272115,0.3973615498378359,0.5539323323383222
YAP,CH_L_327a,27,0.36088088044413813,0.39637661421740494,0.331083610033975
YAP,CH_L_328a,32,0.352214939892292,0.3910251474007964,0.00015778408388166247
YAP,CH_L_329a,26,0.325640741449136,0.39296834629315597,0.11876962205036039
YAP,CH_L_333a,8,0.36415525525808334,0.3775011971592903,-0.6060191684617798
YAP,CH_L_334a,27,0.3421605251453541,0.3769789371225569,-0.24197963883179213
YAP,CH_L_335a,10,0.3751814365386963,0.37924025058746336,0.45534956485602884
YAP,CH_L_336a,20,0.3236435502767563,0.3958882287144661,0.7322503686863113
YAP,CH_L_337a,16,0.5121114365756512,0.39282149635255337,0.28830656553227013
YAP,CH_L_338a,19,0.5190292204681196,0.3879688633115668,-0.4253978766297285
YAP,CH_L_339a,23,0.3116417203260505,0.3905003744622935,0.22670554270161242
YAP,CH_L_340a,30,0.403515354792277,0.3967371592919032,-0.4675758966406384
YAP,CH_L_341a,13,0.5601955927335299,0.395648697247872,-0.29966449723049454
YAP,CH_L_342a,13,0.4865437104151799,0.3941265940666199,0.8071888920002189
YAP,CH_L_344a,24,0.3491446723540624,0.3969125139216582,-0.170307047503929
YAP,CH_L_345a,27,0.35937945048014325,0.3872340785132514,0.39968901824124303
YAP,CH_L_346a,32,0.38461296167224646,0.38916207011789083,-0.009122502094433235
YAP,CH_L_347a,29,0.41143335350628557,0.3910128165935648,0.05729068595342627
YAP,CH_L_348a,23,0.3560344239939814,0.3943627437819605,0.06751890532988061
YAP,CH_L_349a,17,0.4015743679860059,0.3988288798752953,0.17467021592017454
YAP,CH_L_350a,28,0.3522104248404503,0.3874504342675209,0.2115596149473783
YAP,CH_L_351a,15,0.3385684351126353,0.39887019991874695,-0.6402889826395506
YAP,CH_L_352a,23,0.37527332746464276,0.3938716559306435,-0.06365971387204349
YAP,CH_L_353a,26,0.3088249604289348,0.3947491966761075,0.45860508991398835
YAP,CH_L_356a,17,0.3614843627985786,0.3940691246705897,0.6616373496158126
YAP,CH_L_359a,21,0.4145894235088712,0.39162833775792805,-0.5261431378599429
YAP,CH_L_360a,26,0.3466727767999356,0.38750719221738666,0.09063190764512749
YAP,CH_L_361a,31,0.3816223000326464,0.384851150935696,-0.4705860117468964
YAP,CH_L_362a,30,0.38821700811386106,0.39098736345767976,0.33005682487784427
YAP,CH_L_363a,21,0.3804265062014262,0.38252719385283335,-0.6149717340482708
YAP,CH_L_364a,10,0.3114173337817192,0.39675218760967257,-0.06394479397789297
YAP,CH_L_367a,22,0.33300294930284674,0.3951065635139292,-0.26495442089328125
YAP,CH_L_368a,26,0.37128992951833284,0.37625034153461456,0.21182555621764948
YAP,CH_L_369a,25,0.3400937604904175,0.37949461698532105,0.5666561515851722
YAP,CH_L_371a,29,0.383959469096414,0.39360672132722263,0.1013419866515547
YAP,CH_L_372a,31,0.4202791077475394,0.3884802383761252,0.36454332243929777
YAP,CH_L_373a,17,0.35106563392807455,0.38723911432658925,-0.3300515571994281
YAP,CH_L_376a,3,0.33722918232282,0.3911582827568054,
YAP,CH_L_387a,6,0.41724060972531635,0.3755653152863185,-0.5269861410391293
YAP,CH_L_388a,2,0.3584219068288803,0.3776435852050781,
YAP,CH_L_389a,4,0.34971366822719574,0.3783445358276367,
YAP,CH_L_390a,1,0.4752192497253418,0.39729219675064087,
YAP,CH_L_395a,4,0.4386235922574997,0.3777046352624893,
YAP,CH_L_399a,3,0.5207736194133759,0.3878224690755208,
YAP,CH_L_400a,2,0.36605001986026764,0.39230571687221527,
YAP,CH_L_403a,8,0.37709005549550056,0.3911879137158394,0.2791269617663516
WNT,CH_L_275a,23,-0.04680060036480427,-0.03273428636400596,0.6578840714350138
WNT,CH_L_276a,22,0.0019401352090591734,-0.0289806846359914,0.42552239334118425
WNT,CH_L_277a,16,0.020900497736874968,-0.016874954162631184,0.08587541577579398
WNT,CH_L_278a,11,0.012871281328526411,-0.021513988009907982,-0.4700223778068043
WNT,CH_L_279a,16,-0.014665785289253108,-0.02967560209799558,0.05520197848977478
WNT,CH_L_280a,34,0.0253560980234076,-0.025692338616970706,-0.0034735950934855664
WNT,CH_L_281a,26,-0.1237617266865877,-0.023585357918189123,0.18450123394917264
WNT,CH_L_281b,20,-0.06854068282991647,-0.01844424391165376,0.2457318765123721
WNT,CH_L_282a,15,-0.1272075891494751,-0.02028745214144389,-0.2948966217418344
WNT,CH_L_283a,33,-0.03861201887555195,-0.031648808525818764,-0.4783552454462669
WNT,CH_L_284a,10,-0.1263868309557438,-0.028719390369951726,-0.2780362431488756
WNT,CH_L_285a,21,-0.11744311984096255,-0.02629953631687732,0.2014643553002247
WNT,CH_L_287a,22,-0.1030821180479093,-0.03169196242974563,-0.16298121367892338
WNT,CH_L_288a,25,-0.1205721977353096,-0.01943188488483429,0.12889474433141931
WNT,CH_L_289a,33,-0.05204733678450187,-0.034800324024576126,-0.1129263548754762
WNT,CH_L_290a,21,0.017175211172018732,-0.03068315468373753,-0.3857406981595994
WNT,CH_L_291a,28,0.030751677562615702,-0.03005265850307686,-0.10967943319025737
WNT,CH_L_292a,28,-0.09408867475576699,-0.021632491278329065,-0.026989068901303807
WNT,CH_L_293a,29,0.01142077251128724,-0.030090308972987635,-0.09963491489918831
WNT,CH_L_294a,25,-0.13632442861795424,-0.022307239249348642,0.49457768333960805
WNT,CH_L_295a,19,-0.0875624175134458,-0.02895951349484293,-0.21875688146218072
WNT,CH_L_296a,24,-0.1574906799942255,-0.01896791982774933,-0.06989709029088191
WNT,CH_L_298a,15,-0.023868250210459033,-0.028977660089731218,-0.09219578841056236
WNT,CH_L_299a,23,-0.03618572938063627,-0.020115771411877613,-0.6972920491495919
WNT,CH_L_300a,10,-0.11017649695277214,-0.02238597571849823,-0.8727261854665562
WNT,CH_L_301a,31,-0.013461223987471913,-0.02428836976328204,0.4628478921132806
WNT,CH_L_302a,33,-0.012490898444163824,-0.031564267690886154,0.10813496038598232
WNT,CH_L_303a,21,-0.04393871620829616,-0.026213907769748142,-0.21132622533446566
WNT,CH_L_305a,28,-0.061311231826299,-0.032896245563668866,-0.4756669854841653
WNT,CH_L_306a,12,-0.121627867842714,-0.04102295637130737,0.6741804651573821
WNT,CH_L_306b,22,-0.11039915054359219,-0.03135850390588695,-0.19200052951321653
WNT,CH_L_307a,24,-0.01712231357426693,-0.031341042602434754,0.22094905158102263
WNT,CH_L_308a,27,-0.036717190855631125,-0.05192023722661866,0.04935769790784338
WNT,CH_L_309a,20,-0.040696333064988724,-0.027064502891153096,0.44098368231208857
WNT,CH_L_310a,15,-0.07738410358627637,-0.031210921704769135,0.5581043931813146
WNT,CH_L_311a,25,-0.022457758014643333,-0.03041471153497696,0.30788155214596136
WNT,CH_L_312a,19,0.004696962252063186,-0.020366017853743153,0.19579510567547873
WNT,CH_L_313a,6,-0.013439149770420045,-0.01880494536211093,-0.6099184743626241
WNT,CH_L_314a,22,-0.06588068833066658,-0.02374617831612175,-0.5457806163600969
WNT,CH_L_315a,23,0.006951037769043899,-0.028295581026569656,-0.480983525640697
WNT,CH_L_317a,28,-0.05844149279541203,-0.028967772011778185,0.17420769924013074
WNT,CH_L_318a,34,0.013092741896638045,-0.061598002910614014,-0.20358510902510493
WNT,CH_L_319a,23,-0.013789337948369592,-0.02932097673740076,-0.2420242026307628
WNT,CH_L_320a,23,-0.0290383056373052,-0.024241020741022152,0.17270695696883429
WNT,CH_L_321a,34,0.02846654211787288,-0.030216996777145302,-0.31264478558251085
WNT,CH_L_322a,28,0.013132444988254324,-0.027370323626590625,0.2242473384433227
WNT,CH_L_323a,29,0.031855322862172436,-0.012726563896084654,-0.13480721991705655
WNT,CH_L_326a,29,-0.01055940102227835,-0.03071919488238877,0.44923656793831046
WNT,CH_L_327a,27,-0.02113521816553893,-0.039534570925213675,0.2796337764482153
WNT,CH_L_328a,32,0.025804933702602284,-0.030443715455476195,0.08983825214731958
WNT,CH_L_329a,26,-0.014978288413168719,-0.025116241178833522,-0.6033554349265303
WNT,CH_L_333a,8,-0.06838981306646019,-0.02117514074780047,-0.03373642418884679
WNT,CH_L_334a,27,-0.01326169785870998,-0.02023379725438577,0.03745024485323015
WNT,CH_L_335a,10,-0.027945697667018977,-0.019667011685669422,-0.12112021739101324
WNT,CH_L_336a,20,-0.00855941731715575,-0.03983433647081256,0.44759395445783007
WNT,CH_L_337a,16,-0.13708449061959982,-0.031572846695780754,0.05017258539542128
WNT,CH_L_338a,19,-0.13424875469584213,-0.025835264964323295,0.15909453739330848
WNT,CH_L_339a,23,0.0020934601476335006,-0.01982627525601698,0.6224745771122241
WNT,CH_L_340a,30,-0.052849763383467994,-0.03729425234099229,-0.4784136770914682
WNT,CH_L_341a,13,-0.14266809477255896,-0.034322020382835314,-0.2965755074205774
WNT,CH_L_342a,13,-0.13164128019259527,-0.03392055415763305,0.5721986491665014
WNT,CH_L_344a,24,0.0986793825480466,-0.04199613785992066,0.5659054982530392
WNT,CH_L_345a,27,-0.0058631113950266605,-0.02758043783682364,0.5333915229174111
WNT,CH_L_346a,32,0.015456575580174103,-0.029168169014155865,-0.0694359724942174
WNT,CH_L_347a,29,0.022399778815050578,-0.027704577443414723,0.30995106219823254
WNT,CH_L_348a,23,-0.04086906940716764,-0.02753273907886899,0.1722116755768873
WNT,CH_L_349a,17,-0.07298513830584638,-0.03209355166729759,0.12315155391124731
WNT,CH_L_350a,28,0.02222288809883009,-0.02790814744574683,-0.13178278851240233
WNT,CH_L_351a,15,0.006922263752979537,-0.03344140499830246,-0.32181409477386064
WNT,CH_L_352a,23,-0.06534465084500286,-0.025654125472773678,-0.5347087241353766
WNT,CH_L_353a,26,-0.03718090187668657,-0.02649484617778888,-0.20461054380269797
WNT,CH_L_356a,17,-0.05025091120863662,-0.036040815579540586,0.4369710294007233
WNT,CH_L_359a,21,-0.05715057120791504,-0.031171952773417746,-0.4898495031579267
WNT,CH_L_360a,26,-0.01354133622505917,-0.025774879667621393,-0.15050258178985332
WNT,CH_L_361a,31,-0.0563092375955274,-0.02755199054316167,-0.3987681033968942
WNT,CH_L_362a,30,-0.005204241303727031,-0.0333701279014349,-0.26477477763229906
WNT,CH_L_363a,21,0.0009984319497432028,-0.022274619411854518,-0.4068488188564104
WNT,CH_L_364a,10,0.0017613868112675846,-0.030263546295464037,-0.377404544729839
WNT,CH_L_367a,22,-0.004857620002109219,-0.027736172418702732,-0.19635934773843333
WNT,CH_L_368a,26,0.009139708149282692,-0.015641853786431827,0.01578799705721949
WNT,CH_L_369a,25,0.018797403851058336,-0.020020966604351997,0.5086633929399592
WNT,CH_L_371a,29,-0.003963204887535037,-0.029098436043694102,0.2728258972620676
WNT,CH_L_372a,31,0.05137689898331319,-0.03520665480004203,0.2519667330134685
WNT,CH_L_373a,17,-0.0075878141557469084,-0.02708287876756752,0.07581561268503652
WNT,CH_L_376a,3,0.022941165836527944,-0.015514982864260674,
WNT,CH_L_387a,6,0.0988400833060344,-0.013139121855298678,-0.14023235117603516
WNT,CH_L_388a,2,-0.009056351147592068,-0.011357199400663376,
WNT,CH_L_389a,4,0.08861797396093607,-0.018672818318009377,
WNT,CH_L_390a,1,-0.03782229870557785,-0.03359553590416908,
WNT,CH_L_395a,4,0.08345815632492304,-0.017934458795934916,
WNT,CH_L_399a,3,-0.009880200028419495,-0.027975995714465778,
WNT,CH_L_400a,2,0.016203727573156357,-0.01473851129412651,
WNT,CH_L_403a,8,0.061253943014889956,-0.023745293729007244,-0.18116434223372124
EMT,CH_L_275a,23,0.41059226575105084,0.39359257920928625,-0.7548553913917563
EMT,CH_L_276a,22,0.43563712997870013,0.3927306668324904,0.3318134172085579
EMT,CH_L_277a,16,0.4845065772533417,0.39611251279711723,0.011666387612092361
EMT,CH_L_278a,11,0.45901645855470136,0.3965279189023105,-0.24454721851167804
EMT,CH_L_279a,16,0.3649598518386483,0.39763719215989113,-0.08795669928575467
EMT,CH_L_280a,34,0.37052197929690867,0.3941880911588669,0.020553138082903363
EMT,CH_L_281a,26,0.29094663663552356,0.39697988216693586,0.01710843624139194
EMT,CH_L_281b,20,0.5036134615540504,0.3987012043595314,-0.3734263301048223
EMT,CH_L_282a,15,0.3187167435884476,0.39597063859303794,-0.14823770761940488
EMT,CH_L_283a,33,0.34471875248533307,0.3858754309740933,0.7742372066963561
EMT,CH_L_284a,10,0.26436393409967424,0.39929079115390775,-0.30815495509860813
EMT,CH_L_285a,21,0.31761519894713447,0.3982678765342349,0.3756276068563684
EMT,CH_L_287a,22,0.32588366351344367,0.39464039694179187,0.21808625764962095
EMT,CH_L_288a,25,0.310156477689743,0.3972925961017609,-0.33897334890821473
EMT,CH_L_289a,33,0.41940112095890625,0.39421041174368426,0.34547827839396056
EMT,CH_L_290a,21,0.5079396253540402,0.3861674808320545,-0.2122618209024962
EMT,CH_L_291a,28,0.364599750776376,0.39190961314099176,0.13685790767630276
EMT,CH_L_292a,28,0.34530595211046083,0.3972635492682457,-0.2754264513874046
EMT,CH_L_293a,29,0.30702924728393555,0.3994883966856989,0.231257608458048
EMT,CH_L_294a,25,0.23954571902751923,0.39603752851486207,0.09226905715776176
EMT,CH_L_295a,19,0.34307792861210673,0.39470077815808746,-0.24290660695800542
EMT,CH_L_296a,24,0.2376668577392896,0.3956936113536358,-0.050867106421891586
EMT,CH_L_298a,15,0.4187870442867279,0.39948763251304625,0.5909953551948186
EMT,CH_L_299a,23,0.34300865816033405,0.3958826738855113,-0.4134263571091462
EMT,CH_L_300a,10,0.3776113063097,0.39613983035087585,0.20398637576126308
EMT,CH_L_301a,31,0.45270245594363057,0.39471845088466523,0.4414345892469723
EMT,CH_L_302a,33,0.4128912100286195,0.39904765829895483,-0.11259345596055503
EMT,CH_L_303a,21,0.45307283600171405,0.39110904648190453,-0.08144229670724625
EMT,CH_L_305a,28,0.3653628948543753,0.3920160840664591,-0.06420881269653245
EMT,CH_L_306a,12,0.35685200865070027,0.3938583806157112,0.3554851619367415
EMT,CH_L_306b,22,0.28979091481728986,0.387751122767275,0.33527587164271605
EMT,CH_L_307a,24,0.44892695794502896,0.3843454209466775,-0.02491968569906281
EMT,CH_L_308a,27,0.36357711255550385,0.3936035688276644,0.417121681133369
EMT,CH_L_309a,20,0.47178982496261596,0.3814969897270203,-0.659368406626828
EMT,CH_L_310a,15,0.5639465431372325,0.3866341431935628,0.17809968525313832
EMT,CH_L_311a,25,0.3704649370908737,0.3986850309371948,0.06268738359926437
EMT,CH_L_312a,19,0.4881778829976132,0.39753030789525884,0.35313642023377756
EMT,CH_L_313a,6,0.4698855181535085,0.3953966200351715,0.7459708727550718
EMT,CH_L_314a,22,0.44957546618851746,0.3960000953891061,0.2638482594250675
EMT,CH_L_315a,23,0.49682803257651953,0.39901587237482483,-0.03216719724893828
EMT,CH_L_317a,28,0.3846426840339388,0.3978848404117993,-0.07860941229341134
EMT,CH_L_318a,34,0.46917638357947855,0.3923988517592935,-0.07329173061013006
EMT,CH_L_319a,23,0.31119647946046747,0.3789418508177218,-0.18638531907937073
EMT,CH_L_320a,23,0.46483025732247724,0.39507998720459314,0.36455700649280115
EMT,CH_L_321a,34,0.3807707884732415,0.3981494342579561,0.026134854622864155
EMT,CH_L_322a,28,0.31878620226468357,0.388779345367636,0.6262423896946432
EMT,CH_L_323a,29,0.47819507738639566,0.39725205302238464,-0.37297821163542344
EMT,CH_L_326a,29,0.4492440788910307,0.38389007593023367,-0.09158992053009166
EMT,CH_L_327a,27,0.4371413235311155,0.39417803287506104,-0.13732932185212454
EMT,CH_L_328a,32,0.4129240261390805,0.39608410838991404,-0.05149230039566431
EMT,CH_L_329a,26,0.43002222593014056,0.3959849121478888,-0.5040349771404168
EMT,CH_L_333a,8,0.49083950370550156,0.39513999596238136,0.2747353839183904
EMT,CH_L_334a,27,0.2645761889440042,0.39502231390387926,0.0916926537299707
EMT,CH_L_335a,10,0.5105770617723465,0.39728722274303435,0.7689130521747269
EMT,CH_L_336a,20,0.42817859053611756,0.3937020093202591,-0.026757586753963874
EMT,CH_L_337a,16,0.29196550231426954,0.3976751286536455,-0.7609942361109926
EMT,CH_L_338a,19,0.30372588807030726,0.39057776802464533,-0.5818160750275684
EMT,CH_L_339a,23,0.34006003322808637,0.3962515761022982,-0.12522739755598872
EMT,CH_L_340a,30,0.3335409243901571,0.3950127313534419,-0.044048065303502394
EMT,CH_L_341a,13,0.2896037525855578,0.39476695427527797,0.2799710085772427
EMT,CH_L_342a,13,0.23385024185364062,0.39007973900208104,-0.4695226033283998
EMT,CH_L_344a,24,0.29671244012812775,0.3943646587431431,-0.3191769400971009
EMT,CH_L_345a,27,0.29266337939986475,0.4005713396602207,0.027021657734530236
EMT,CH_L_346a,32,0.4378249542787671,0.3921915292739868,-0.1250929168830017
EMT,CH_L_347a,29,0.3609138660389802,0.39501730018648606,0.2910633301634149
EMT,CH_L_348a,23,0.485308271387349,0.39451789337655774,-0.5279217768968433
EMT,CH_L_349a,17,0.4184068651760326,0.3869024304782643,0.2154413665129697
EMT,CH_L_350a,28,0.42770140298775267,0.3996117796216692,-0.25922423014587437
EMT,CH_L_351a,15,0.4867307702700297,0.3734748760859172,-0.4930635763824574
EMT,CH_L_352a,23,0.4026938171490379,0.3866854802421901,0.2674830764320312
EMT,CH_L_353a,26,0.5566074148966715,0.37880393404227036,-0.8113448549573401
EMT,CH_L_356a,17,0.4041860629530514,0.3910348310190089,0.7480322404379383
EMT,CH_L_359a,21,0.40343737460318063,0.3963434100151062,0.5103886709565522
EMT,CH_L_360a,26,0.4146598485799936,0.39212297934752244,0.6003252284287546
EMT,CH_L_361a,31,0.5021978703237349,0.393278032541275,-0.05717280136167418
EMT,CH_L_362a,30,0.37193451325098675,0.39453831712404885,-0.12174963351700385
EMT,CH_L_363a,21,0.3449339824063437,0.3953051297437577,0.27163842453167136
EMT,CH_L_364a,10,0.5250078231096268,0.3837385207414627,-0.28115292082731286
EMT,CH_L_367a,22,0.41903523965315387,0.3891269104047255,-0.12724530761350197
EMT,CH_L_368a,26,0.5655849014337246,0.39599361098729646,0.13598257146124584
EMT,CH_L_369a,25,0.38390411496162413,0.3970009756088257,0.16610147112920903
EMT,CH_L_371a,29,0.33023599817835053,0.3948163441542921,-0.13256868278777947
EMT,CH_L_372a,31,0.36168287454112885,0.3947486617872792,-0.24847032777873976
EMT,CH_L_373a,17,0.46558983711635366,0.4014396667480469,-0.3668291856855604
EMT,CH_L_376a,3,0.41088958581288654,0.39747145771980286,
EMT,CH_L_387a,6,0.4327608247598012,0.3964640398820241,-0.0912933156117834
EMT,CH_L_388a,2,0.33127741515636444,0.39687907695770264,
EMT,CH_L_389a,4,0.45958656072616577,0.3981854319572449,
EMT,CH_L_390a,1,0.19804160296916962,0.39301326870918274,
EMT,CH_L_395a,4,0.5995593667030334,0.39838549494743347,
EMT,CH_L_399a,3,0.2706858863433202,0.39989912509918213,
EMT,CH_L_400a,2,0.5513498485088348,0.39912833273410797,
EMT,CH_L_403a,8,0.4740869663655758,0.3973352387547493,0.18062933153110475
