outer_fold,target,selected_alpha,inner_cv_mse,at_grid_edge,n_train_patients,n_test_patients,n_train_tiles,n_test_tiles
0,FMRP,1000000.0,1.0593751764485464,True,74,19,1522,430
0,Cell_cycle,1000000.0,1.1016317660799164,True,74,19,1522,430
0,YAP,1000000.0,1.032202932430473,True,74,19,1522,430
0,WNT,1000000.0,1.1021875790008264,True,74,19,1522,430
0,EMT,1000000.0,1.0156249398470865,True,74,19,1522,430
1,FMRP,1000000.0,1.046710792109272,True,74,19,1518,434
1,Cell_cycle,1000000.0,1.059727051826648,True,74,19,1518,434
1,YAP,1000000.0,1.0929549949756567,True,74,19,1518,434
1,WNT,1000000.0,1.0617387693704194,True,74,19,1518,434
1,EMT,100000.0,1.0359624830002212,False,74,19,1518,434
2,FMRP,1000000.0,1.024939924516018,True,74,19,1590,362
2,Cell_cycle,1000000.0,1.0440184491235505,True,74,19,1590,362
2,YAP,1000000.0,1.0579979086821933,True,74,19,1590,362
2,WNT,1000000.0,1.043844796426641,True,74,19,1590,362
2,EMT,1000000.0,1.0401504516601563,True,74,19,1590,362
3,FMRP,1000000.0,1.0383788597174795,True,75,18,1574,378
3,Cell_cycle,1000000.0,1.1027037682345437,True,75,18,1574,378
3,YAP,1000000.0,1.0748965543288893,True,75,18,1574,378
3,WNT,31622.776601683792,1.0328751579779076,False,75,18,1574,378
3,EMT,1000000.0,1.0449947856432904,True,75,18,1574,378
4,FMRP,1000000.0,1.0295399691993161,True,75,18,1604,348
4,Cell_cycle,1000000.0,1.0962351848954275,True,75,18,1604,348
4,YAP,316227.7660168379,1.007592836223041,False,75,18,1604,348
4,WNT,100000.0,1.036971427555988,False,75,18,1604,348
4,EMT,1000000.0,1.0490973322766082,True,75,18,1604,348
