patient_id,in_visium,he_file,he_size_mb,cytassist_file,status
CH_L_375a,True,CH_L_375a_vis.tif,54.4,CAVG10489_2024-11-12_14-00-09_2024-11-12_13-50-49_V44U10-339_D1_CH_L_375a_vis.tif,HE_TOO_SMALL
CH_L_376a,True,CH_L_376a_vis.tif,79.9,CAVG10489_2024-11-12_14-00-09_2024-11-12_13-50-49_V44U10-339_A1_CH_L_376a_vis.tif,HE_TOO_SMALL
CH_L_377a,True,CH_L_377a_vis.tif,68.5,CAVG10489_2024-11-15_13-45-55_2024-11-15_13-29-40_V44F14-072_D1_CH_L_377a_vis.tif,HE_TOO_SMALL
CH_L_378a,True,CH_L_378a_vis.tif,80.8,CAVG10489_2024-11-19_11-16-31_2024-11-19_11-00-25_V44U10-276_D1_CH_L_378a_vis.tif,HE_TOO_SMALL
CH_L_382a,True,CH_L_382a_vis.tif,48.1,CAVG10489_2024-11-19_11-16-31_2024-11-19_11-00-25_V44U10-276_A1_CH_L_382a_vis.tif,HE_TOO_SMALL
CH_L_383a,True,CH_L_383a_vis.tif,70.2,CAVG10489_2024-11-19_12-07-10_2024-11-19_11-57-12_V44U10-304_D1_CH_L_383a_vis.tif,HE_TOO_SMALL
CH_L_385a,True,CH_L_385a_vis.tif,81.5,CAVG10489_2024-11-19_12-59-59_2024-11-19_12-49-10_V44U10-366_D1_CH_L_385a_vis.tif,HE_TOO_SMALL
CH_L_387a,True,CH_L_387a_vis.tif,81.9,CAVG10489_2024-11-19_13-54-11_2024-11-19_13-45-56_V44U17-312_D1_CH_L_387a_vis.tif,HE_TOO_SMALL
CH_L_388a,True,CH_L_388a_vis.tif,66.5,CAVG10489_2024-11-19_13-54-11_2024-11-19_13-45-56_V44U17-312_A1_CH_L_388a_vis.tif,HE_TOO_SMALL
CH_L_394a,True,CH_L_394a_vis.tif,74.3,CAVG10489_2024-11-26_11-02-30_2024-11-26_10-36-55_V44T19-319_A1_CH_L_394a_vis.tif,HE_TOO_SMALL
CH_L_395a,True,CH_L_395a_vis.tif,75.3,CAVG10489_2024-11-26_11-53-20_2024-11-26_11-37-58_V44U10-399_D1_CH_L_395a_vis.tif,HE_TOO_SMALL
CH_L_396a,True,CH_L_396a_vis.tif,88.5,CAVG10489_2024-11-26_11-53-20_2024-11-26_11-37-58_V44U10-399_A1_CH_L_396a_vis.tif,HE_TOO_SMALL
CH_L_400a,True,CH_L_400a_vis.tif,77.0,CAVG10489_2024-11-29_12-38-50_2024-11-29_12-26-21_V44L24-369_A1_CH_L_400a_vis.tif,HE_TOO_SMALL
CH_L_401a,True,CH_L_401a_vis.tif,60.3,CAVG10489_2024-11-29_13-29-06_2024-11-29_13-14-27_V44T19-315_D1_CH_L_401a_vis.tif,HE_TOO_SMALL
CH_L_405a,True,CH_L_405a_vis.tif,51.4,CAVG10489_2024-12-03_11-32-56_2024-12-03_11-24-01_V44A01-325_A1_CH_L_405a_vis.tif,HE_TOO_SMALL
CH_L_410a,True,CH_L_410a_vis.tif,58.5,CAVG10489_2024-12-03_13-05-11_2024-12-03_12-54-07_V44A01-345_A1_CH_L_410a_vis.tif,HE_TOO_SMALL
CH_L_437a,True,CH_L_437a_vis.tif,73.9,CAVG10489_2024-12-31_09-37-50_2024-12-31_09-13-04_V44U10-301_A1_CH_L_437a_vis.tif,HE_TOO_SMALL
CH_L_275a,True,CH_L_275a_vis.tif,835.5,CAVG10489_2024-08-27_11-28-21_2024-08-27_11-13-04_V44F14-133_A1_CH_L_275a_vis.tif,MATCHED
CH_L_276a,True,CH_L_276a_vis.tif,687.9,CAVG10489_2024-08-27_12-12-56_2024-08-27_12-03-40_V44F12-046_D1_CH_L_276a_vis.tif,MATCHED
CH_L_277a,True,CH_L_277a_vis.tif,191.7,CAVG10489_2024-08-27_12-12-56_2024-08-27_12-03-40_V44F12-046_A1_CH_L_277a_vis.tif,MATCHED
CH_L_278a,True,CH_L_278a_vis.tif,1184.2,CAVG10489_2024-08-27_13-00-13_2024-08-27_12-53-48_V44M27-318_D1_CH_L_278a_vis.tif,MATCHED
CH_L_279a,True,CH_L_279a_vis.tif,672.8,CAVG10489_2024-08-27_13-00-13_2024-08-27_12-53-48_V44M27-318_A1_CH_L_279a_vis.tif,MATCHED
CH_L_280a,True,CH_L_280a_vis.tif,593.6,CAVG10489_2024-08-27_13-42-50_2024-08-27_13-38-59_V44J25-044_D1_CH_L_280a_vis.tif,MATCHED
CH_L_281a,True,CH_L_281a_vis.tif,1254.1,CAVG10489_2024-08-27_13-42-50_2024-08-27_13-38-59_V44J25-044_A1_CH_L_281a_vis.tif,MATCHED
CH_L_281b,True,CH_L_281b_vis.tif,177.9,CAVG10489_2024-08-29_12-34-10_2024-08-29_12-26-53_V44M27-375_D1_CH_L_281b_vis.tif,MATCHED
CH_L_282a,True,CH_L_282a_vis.tif,582.4,CAVG10489_2024-08-29_12-34-10_2024-08-29_12-26-53_V44M27-375_A1_CH_L_282a_vis.tif,MATCHED
CH_L_283a,True,CH_L_283a_vis.tif,887.9,CAVG10489_2024-08-29_13-52-07_2024-08-29_13-41-35_V44M27-367_D1_CH_L_283a_vis.tif,MATCHED
CH_L_284a,True,CH_L_284a_vis.tif,652.0,CAVG10489_2024-08-29_13-52-07_2024-08-29_13-41-35_V44M27-367_A1_CH_L_284a_vis.tif,MATCHED
CH_L_285a,True,CH_L_285a_vis.tif,663.6,CAVG10489_2024-09-05_11-09-33_2024-09-05_10-48-20_V44A01-296_D1_CH_L_285a_vis.tif,MATCHED
CH_L_287a,True,CH_L_287a_vis.tif,946.8,CAVG10489_2024-09-05_11-54-04_2024-09-05_11-44-29_V44A01-358_D1_CH_L_287a_vis.tif,MATCHED
CH_L_288a,True,CH_L_288a_vis.tif,347.4,CAVG10489_2024-09-05_11-54-04_2024-09-05_11-44-29_V44A01-358_A1_CH_L_288a_vis.tif,MATCHED
CH_L_289a,True,CH_L_289a_vis.tif,1230.7,CAVG10489_2024-09-11_10-56-00_2024-09-11_10-45-56_V44U10-367_D1_CH_L_289a_vis.tif,MATCHED
CH_L_290a,True,CH_L_290a_vis.tif,955.7,CAVG10489_2024-09-11_10-56-00_2024-09-11_10-45-56_V44U10-367_A1_CH_L_290a_vis.tif,MATCHED
CH_L_291a,True,CH_L_291a_vis.tif,953.9,CAVG10489_2024-09-11_11-45-41_2024-09-11_11-35-11_V44U10-364_D1_CH_L_291a_vis.tif,MATCHED
CH_L_292a,True,CH_L_292a_vis.tif,799.9,CAVG10489_2024-09-20_11-07-58_2024-09-20_10-49-12_V44U10-363_D1_CH_L_292a_vis.tif,MATCHED
CH_L_293a,True,CH_L_293a_vis.tif,943.5,CAVG10489_2024-09-11_11-45-41_2024-09-11_11-35-11_V44U10-364_A1_CH_L_293a_vis.tif,MATCHED
CH_L_294a,True,CH_L_294a_vis.tif,1248.3,CAVG10489_2024-09-20_11-07-58_2024-09-20_10-49-12_V44U10-363_A1_CH_L_294a_vis.tif,MATCHED
CH_L_295a,True,CH_L_295a_vis.tif,1180.6,CAVG10489_2024-09-20_11-51-12_2024-09-20_11-44-09_V44U19-365_D1_CH_L_295a_vis.tif,MATCHED
CH_L_296a,True,CH_L_296a_vis.tif,435.6,CAVG10489_2025-04-01_11-29-55_2025-04-01_11-06-35_V44T13-276_D1_CH_L_296a_vbu.tif,MATCHED
CH_L_298a,True,CH_L_298a_vis.tif,440.1,CAVG10489_2024-09-20_12-35-59_2024-09-20_12-31-08_V44M27-347_A1_CH_L_298a_vis.tif,MATCHED
CH_L_299a,True,CH_L_299a_vis.tif,447.6,CAVG10489_2024-09-20_13-17-41_2024-09-20_13-13-52_V44A03-380_D1_CH_L_299a_vis.tif,MATCHED
CH_L_300a,True,CH_L_300a_vis.tif,759.5,CAVG10489_2024-09-20_13-17-41_2024-09-20_13-13-52_V44A03-380_A1_CH_L_300a_vis.tif,MATCHED
CH_L_301a,True,CH_L_301a_vis.tif,931.2,CAVG10489_2024-09-27_10-16-17_2024-09-27_10-06-27_V44M27-361_D1_CH_L_301a_vis.tif,MATCHED
CH_L_302a,True,CH_L_302a_vis.tif,1171.0,CAVG10489_2024-09-27_10-16-17_2024-09-27_10-06-27_V44M27-361_A1_CH_L_302a_vis.tif,MATCHED
CH_L_303a,True,CH_L_303a_vis.tif,1340.6,CAVG10489_2024-09-27_11-11-20_2024-09-27_11-00-29_V44A03-319_D1_CH_L_303a_vis.tif,MATCHED
CH_L_305a,True,CH_L_305a_vis.tif,1931.0,CAVG10489_2024-09-24_11-35-43_2024-09-24_11-26-38_V44J25-031_D1_CH_L_305a_vis.tif,MATCHED
CH_L_306a,True,CH_L_306a_vis.tif,1034.9,CAVG10489_2024-09-24_11-35-43_2024-09-24_11-26-38_V44J25-031_A1_CH_L_306a_vis.tif,MATCHED
CH_L_306b,True,CH_L_306b_vis.tif,876.9,CAVG10489_2024-09-24_12-20-25_2024-09-24_12-14-24_V44J22-375_D1_CH_L_306b_vis.tif,MATCHED
CH_L_307a,True,CH_L_307a_vis.tif,1051.3,CAVG10489_2024-09-24_12-20-25_2024-09-24_12-14-24_V44J22-375_A1_CH_L_307a_vis.tif,MATCHED
CH_L_308a,True,CH_L_308a_vis.tif,1298.1,CAVG10489_2024-09-27_12-00-07_2024-09-27_11-46-53_V44A01-351_D1_CH_L_308a_vis.tif,MATCHED
CH_L_309a,True,CH_L_309a_vis.tif,937.3,CAVG10489_2024-09-27_12-00-07_2024-09-27_11-46-53_V44A01-351_A1_CH_L_309a_vis.tif,MATCHED
CH_L_310a,True,CH_L_310a_vis.tif,825.2,CAVG10489_2024-09-27_12-55-10_2024-09-27_12-37-43_V44A03-294_D1_CH_L_310a_vis.tif,MATCHED
CH_L_311a,True,CH_L_311a_vis.tif,1227.6,CAVG10489_2024-09-27_12-55-10_2024-09-27_12-37-43_V44A03-294_A1_CH_L_311a_vis.tif,MATCHED
CH_L_312a,True,CH_L_312a_vis.tif,486.9,CAVG10489_2024-10-01_11-13-03_2024-10-01_11-06-17_V44A01-333_D1_CH_L_312a_vis.tif,MATCHED
CH_L_313a,True,CH_L_313a_vis.tif,343.5,CAVG10489_2024-10-01_11-13-03_2024-10-01_11-06-17_V44A01-333_A1_CH_L_313a_vis.tif,MATCHED
CH_L_314a,True,CH_L_314a_vis.tif,501.4,CAVG10489_2024-10-01_11-55-24_2024-10-01_11-47-59_V44A01-307_D1_CH_L_314a_vis.tif,MATCHED
CH_L_315a,True,CH_L_315a_vis.tif,501.2,CAVG10489_2024-10-01_11-55-24_2024-10-01_11-47-59_V44A01-307_A1_CH_L_315a_vis.tif,MATCHED
CH_L_317a,True,CH_L_317a_vis.tif,510.8,CAVG10489_2024-10-01_12-42-45_2024-10-01_12-33-25_V44A01-388_A1_CH_L_317a_vis.tif,MATCHED
CH_L_318a,True,CH_L_318a_vis.tif,1035.9,CAVG10489_2024-10-01_13-25-16_2024-10-01_13-16-03_V44A03-336_D1_CH_L_318a_vis.tif,MATCHED
CH_L_319a,True,CH_L_319a_vis.tif,814.1,CAVG10489_2024-10-01_13-25-16_2024-10-01_13-16-03_V44A03-336_A1_CH_L_319a_vis.tif,MATCHED
CH_L_320a,True,CH_L_320a_vis.tif,436.7,CAVG10489_2024-10-04_11-40-46_2024-10-04_11-22-47_V44U10-293_D1_CH_L_320a_vis.tif,MATCHED
CH_L_321a,True,CH_L_321a_vis.tif,816.6,CAVG10489_2024-10-04_11-40-46_2024-10-04_11-22-47_V44U10-293_A1_CH_L_321a_vis.tif,MATCHED
CH_L_322a,True,CH_L_322a_vis.tif,950.6,CAVG10489_2024-10-04_12-36-57_2024-10-04_12-20-57_V44U10-376_D1_CH_L_322a_vis.tif,MATCHED
CH_L_323a,True,CH_L_323a_vis.tif,333.9,CAVG10489_2024-10-04_12-36-57_2024-10-04_12-20-57_V44U10-376_A1_CH_L_323a_vis.tif,MATCHED
CH_L_326a,True,CH_L_326a_vis.tif,1187.4,CAVG10489_2024-10-08_12-12-21_2024-10-08_12-02-28_V44U19-363_D1_CH_L_326a_vis.tif,MATCHED
CH_L_327a,True,CH_L_327a_vis.tif,398.9,CAVG10489_2024-10-08_12-12-21_2024-10-08_12-02-28_V44U19-363_A1_CH_L_327a_vis.tif,MATCHED
CH_L_328a,True,CH_L_328a_vis.tif,999.0,CAVG10489_2024-10-08_13-06-37_2024-10-08_12-52-24_V44U19-283_D1_CH_L_328a_vis.tif,MATCHED
CH_L_329a,True,CH_L_329a_vis.tif,662.9,CAVG10489_2024-10-08_13-06-37_2024-10-08_12-52-24_V44U19-283_A1_CH_L_329a_vis.tif,MATCHED
CH_L_330a,True,CH_L_330a_vis.tif,493.3,CAVG10489_2024-12-03_11-32-56_2024-12-03_11-24-01_V44A01-325_D1_CH_L_330a_vis.tif,MATCHED
CH_L_333a,True,CH_L_333a_vis.tif,546.0,CAVG10489_2024-10-11_10-17-24_2024-10-11_09-51-58_V44U17-293_D1_CH_L_333a_vis.tif,MATCHED
CH_L_334a,True,CH_L_334a_vis.tif,595.3,CAVG10489_2024-10-11_10-17-24_2024-10-11_09-51-58_V44U17-293_A1_CH_L_334a_vis.tif,MATCHED
CH_L_335a,True,CH_L_335a_vis.tif,375.2,CAVG10489_2024-10-11_11-11-32_2024-10-11_10-53-10_V44U10-352_D1_CH_L_335a_vis.tif,MATCHED
CH_L_336a,True,CH_L_336a_vis.tif,1042.0,CAVG10489_2024-10-11_11-11-32_2024-10-11_10-53-10_V44U10-352_A1_CH_L_336a_vis.tif,MATCHED
CH_L_337a,True,CH_L_337a_vis.tif,1064.0,CAVG10489_2024-10-22_12-16-14_2024-10-22_12-07-23_V44U10-354_D1_CH_L_337a_vis.tif,MATCHED
CH_L_338a,True,CH_L_338a_vis.tif,1232.8,CAVG10489_2024-10-22_12-16-14_2024-10-22_12-07-23_V44U10-354_A1_CH_L_338a_vis.tif,MATCHED
CH_L_339a,True,CH_L_339a_vis.tif,363.3,CAVG10489_2024-10-29_11-43-10_2024-10-29_11-22-12_V44U10-321_D1_CH_L_339a_vis.tif,MATCHED
CH_L_340a,True,CH_L_340a_vis.tif,910.5,CAVG10489_2024-10-22_13-10-00_2024-10-22_12-53-56_V44U17-363_D1_CH_L_340a_vis.tif,MATCHED
CH_L_341a,True,CH_L_341a_vis.tif,648.6,CAVG10489_2024-10-22_13-10-00_2024-10-22_12-53-56_V44U17-363_A1_CH_L_341a_vis.tif,MATCHED
CH_L_342a,True,CH_L_342a_vis.tif,1363.9,CAVG10489_2024-10-22_14-07-42_2024-10-22_13-59-38_V44U10-357_A1_CH_L_342a_vis.tif,MATCHED
CH_L_344a,True,CH_L_344a_vis.tif,1051.3,CAVG10489_2024-10-25_11-43-18_2024-10-25_11-22-13_V44A03-399_D1_CH_L_344a_vis.tif,MATCHED
CH_L_345a,True,CH_L_345a_vis.tif,405.6,CAVG10489_2024-10-25_11-43-18_2024-10-25_11-22-13_V44A03-399_A1_CH_L_345a_vis.tif,MATCHED
CH_L_346a,True,CH_L_346a_vis.tif,712.9,CAVG10489_2024-10-29_12-33-06_2024-10-29_12-24-10_V44U17-390_D1_CH_L_346a_vis.tif,MATCHED
CH_L_347a,True,CH_L_347a_vis.tif,537.3,CAVG10489_2024-10-29_12-33-06_2024-10-29_12-24-10_V44U17-390_A1_CH_L_347a_vis.tif,MATCHED
CH_L_348a,True,CH_L_348a_vis.tif,494.4,CAVG10489_2024-10-29_13-19-54_2024-10-29_13-13-09_V44U10-397_D1_CH_L_348a_vis.tif,MATCHED
CH_L_349a,True,CH_L_349a_vis.tif,1009.0,CAVG10489_2024-10-25_12-45-20_2024-10-25_12-33-14_V44U17-328_D1_CH_L_349a_vis.tif,MATCHED
CH_L_350a,True,CH_L_350a_vis.tif,343.1,CAVG10489_2024-10-29_13-19-54_2024-10-29_13-13-09_V44U10-397_A1_CH_L_350a_vis.tif,MATCHED
CH_L_351a,True,CH_L_351a_vis.tif,1185.3,CAVG10489_2024-10-25_12-45-20_2024-10-25_12-33-14_V44U17-328_A1_CH_L_351a_vis.tif,MATCHED
CH_L_352a,True,CH_L_352a_vis.tif,342.3,CAVG10489_2024-10-29_14-11-16_2024-10-29_13-57-19_V44U19-301_D1_CH_L_352a_vis.tif,MATCHED
CH_L_353a,True,CH_L_353a_vis.tif,443.7,CAVG10489_2024-10-29_14-11-16_2024-10-29_13-57-19_V44U19-301_A1_CH_L_353a_vis.tif,MATCHED
CH_L_356a,True,CH_L_356a_vis.tif,572.9,CAVG10489_2024-11-05_11-35-49_2024-11-05_11-10-57_V44U19-398_D1_CH_L_356a_vis.tif,MATCHED
CH_L_359a,True,CH_L_359a_vis.tif,682.1,CAVG10489_2024-11-05_11-35-49_2024-11-05_11-10-57_V44U19-398_A1_CH_L_359a_vis.tif,MATCHED
CH_L_360a,True,CH_L_360a_vis.tif,1611.7,CAVG10489_2024-11-12_11-50-46_2024-11-12_11-35-22_V44U17-330_A1_CH_L_360a_vis.tif,MATCHED
CH_L_361a,True,CH_L_361a_vis.tif,995.0,CAVG10489_2024-11-05_12-31-45_2024-11-05_12-17-17_V44U17-405_D1_CH_L_361a_vis.tif,MATCHED
CH_L_362a,True,CH_L_362a_vis.tif,784.1,CAVG10489_2024-11-05_12-31-45_2024-11-05_12-17-17_V44U17-405_A1_CH_L_362a_vis.tif,MATCHED
CH_L_363a,True,CH_L_363a_vis.tif,1100.9,CAVG10489_2024-11-05_13-18-38_2024-11-05_13-07-04_V44U19-345_D1_CH_L_363a_vis.tif,MATCHED
CH_L_364a,True,CH_L_364a_vis.tif,910.7,CAVG10489_2024-11-05_13-18-38_2024-11-05_13-07-04_V44U19-345_A1_CH_L_364a_vis.tif,MATCHED
CH_L_367a,True,CH_L_367a_vis.tif,741.2,CAVG10489_2024-11-12_12-32-35_2024-11-12_12-24-54_V44U10-314_D1_CH_L_367a_vis.tif,MATCHED
CH_L_368a,True,CH_L_368a_vis.tif,329.3,CAVG10489_2024-11-08_12-19-27_2024-11-08_12-05-28_V44U19-361_D1_CH_L_368a_vis.tif,MATCHED
CH_L_369a,True,CH_L_369a_vis.tif,473.8,CAVG10489_2024-11-12_12-32-35_2024-11-12_12-24-54_V44U10-314_A1_CH_L_369a_vis.tif,MATCHED
CH_L_371a,True,CH_L_371a_vis.tif,663.2,CAVG10489_2024-11-08_12-19-27_2024-11-08_12-05-28_V44U19-361_A1_CH_L_371a_vis.tif,MATCHED
CH_L_372a,True,CH_L_372a_vis.tif,1279.1,CAVG10489_2024-11-08_13-09-38_2024-11-08_12-56-59_V44U10-311_D1_CH_L_372a_vis.tif,MATCHED
CH_L_373a,True,CH_L_373a_vis.tif,213.4,CAVG10489_2024-11-12_13-15-55_2024-11-12_13-07-48_V44U10-284_A1_CH_L_373a_vis.tif,MATCHED
CH_L_384a,True,CH_L_384a_vis.tif,110.6,CAVG10489_2024-11-19_12-07-10_2024-11-19_11-57-12_V44U10-304_A1_CH_L_384a_vis.tif,MATCHED
CH_L_386a,True,CH_L_386a_vis.tif,229.5,CAVG10489_2024-11-19_12-59-59_2024-11-19_12-49-10_V44U10-366_A1_CH_L_386a_vis.tif,MATCHED
CH_L_389a,True,CH_L_389a_vis.tif,132.3,CAVG10489_2024-11-22_12-56-23_2024-11-22_12-38-49_V44U19-377_D1_CH_L_389a_vis.tif,MATCHED
CH_L_390a,True,CH_L_390a_vis.tif,432.8,CAVG10489_2024-11-22_12-56-23_2024-11-22_12-38-49_V44U19-377_A1_CH_L_390a_vis.tif,MATCHED
CH_L_391a,True,CH_L_391a_vis.tif,216.6,CAVG10489_2024-11-22_13-45-50_2024-11-22_13-37-06_V44U10-337_D1_CH_L_391a_vis.tif,MATCHED
CH_L_392a,True,CH_L_392a_vis.tif,160.5,CAVG10489_2024-11-22_13-45-50_2024-11-22_13-37-06_V44U10-337_A1_CH_L_392a_vis.tif,MATCHED
CH_L_393a,True,CH_L_393a_vis.tif,101.9,CAVG10489_2024-11-26_11-02-30_2024-11-26_10-36-55_V44T19-319_D1_CH_L_393a_vis.tif,MATCHED
CH_L_397a,True,CH_L_397a_vis.tif,160.9,CAVG10489_2024-11-29_11-47-49_2024-11-29_11-19-15_V44T19-353_D1_CH_L_397a_vis.tif,MATCHED
CH_L_398a,True,CH_L_398a_vis.tif,165.1,CAVG10489_2024-11-29_11-47-49_2024-11-29_11-19-15_V44T19-353_A1_CH_L_398a_vis.tif,MATCHED
CH_L_399a,True,CH_L_399a_vis.tif,253.6,CAVG10489_2024-11-29_12-38-50_2024-11-29_12-26-21_V44L24-369_D1_CH_L_399a_vis.tif,MATCHED
CH_L_402a,True,CH_L_402a_vis.tif,191.0,CAVG10489_2024-11-29_13-29-06_2024-11-29_13-14-27_V44T19-315_A1_CH_L_402a_vis.tif,MATCHED
CH_L_403a,True,CH_L_403a_vis.tif,628.4,CAVG10489_2024-11-29_14-20-03_2024-11-29_14-10-42_V44T20-384_D1_CH_L_403a_vis.tif,MATCHED
CH_L_406a,True,CH_L_406a_vis.tif,1079.2,CAVG10489_2024-12-03_12-18-57_2024-12-03_12-09-42_V44A03-375_D1_CH_L_406a_vis.tif,MATCHED
CH_L_407a,True,CH_L_407a_vis.tif,220.3,CAVG10489_2024-12-03_12-18-57_2024-12-03_12-09-42_V44A03-375_A1_CH_L_407a_vis.tif,MATCHED
CH_L_409a,True,CH_L_409a_vis.tif,1009.6,CAVG10489_2024-12-03_13-05-11_2024-12-03_12-54-07_V44A01-345_D1_CH_L_409a_vis.tif,MATCHED
CH_L_410b,True,CH_L_410b_vis.tif,687.3,CAVG10489_2024-12-03_13-51-43_2024-12-03_13-39-51_V44A03-298_D1_CH_L_410b_vis.tif,MATCHED
CH_L_411a,True,CH_L_411a_vis.tif,548.2,CAVG10489_2024-12-03_13-51-43_2024-12-03_13-39-51_V44A03-298_A1_CH_L_411a_vis.tif,MATCHED
CH_L_412a,True,CH_L_412a_vis.tif,1122.5,CAVG10489_2024-12-06_11-48-06_2024-12-06_11-23-45_V44A03-348_D1_CH_L_412a_vis.tif,MATCHED
CH_L_413a,True,CH_L_413a_vis.tif,500.1,CAVG10489_2024-12-06_11-48-06_2024-12-06_11-23-45_V44A03-348_A1_CH_L_413a_vis.tif,MATCHED
CH_L_414a,True,CH_L_414a_vis.tif,115.6,CAVG10489_2024-12-10_15-37-13_2024-12-10_15-23-28_V44T20-359_A1_CH_L_414a_vis.tif,MATCHED
CH_L_414b,True,CH_L_414b_vis.tif,350.6,CAVG10489_2024-12-11_10-21-45_2024-12-11_10-05-57_V44T19-367_D1_CH_L_414b_vis.tif,MATCHED
CH_L_414c,True,CH_L_414c_vis.tif,537.6,CAVG10489_2024-12-11_10-21-45_2024-12-11_10-05-57_V44T19-367_A1_CH_L_414c_vis.tif,MATCHED
CH_L_415a,True,CH_L_415a_vis.tif,546.8,CAVG10489_2024-12-11_11-06-22_2024-12-11_10-57-13_V44T19-362_D1_CH_L_415a_vis.tif,MATCHED
CH_L_416a,True,CH_L_416a_vis.tif,975.2,CAVG10489_2024-12-11_11-06-22_2024-12-11_10-57-13_V44T19-362_A1_CH_L_416a_vis.tif,MATCHED
CH_L_417a,True,CH_L_417a_vis.tif,574.6,CAVG10489_2024-12-06_12-38-56_2024-12-06_12-28-11_V44A01-349_D1_CH_L_417a_vis.tif,MATCHED
CH_L_418a,True,CH_L_418a_vis.tif,762.8,CAVG10489_2024-12-06_12-38-56_2024-12-06_12-28-11_V44A01-349_A1_CH_L_418a_vis.tif,MATCHED
CH_L_419a,True,CH_L_419a_vis.tif,558.3,CAVG10489_2024-12-13_11-50-05_2024-12-13_11-33-30_V44T12-331_D1_CH_L_419a_vis.tif,MATCHED
CH_L_420a,True,CH_L_420a_vis.tif,110.8,CAVG10489_2024-12-17_12-44-54_2024-12-17_12-05-13_V44T13-300_D1_CH_L_420a_vis.tif,MATCHED
CH_L_420b,True,CH_L_420b_vis.tif,752.2,CAVG10489_2024-12-13_11-50-05_2024-12-13_11-33-30_V44T12-331_A1_CH_L_420b_vis.tif,MATCHED
CH_L_421a,True,CH_L_421a_vis.tif,127.6,CAVG10489_2024-12-17_12-44-54_2024-12-17_12-05-13_V44T13-300_A1_CH_L_421a_vis.tif,MATCHED
CH_L_421b,True,CH_L_421b_vis.tif,638.7,CAVG10489_2024-12-13_12-40-40_2024-12-13_12-25-49_V44L24-370_D1_CH_L_421b_vis.tif,MATCHED
CH_L_422a,True,CH_L_422a_vis.tif,589.9,CAVG10489_2024-12-13_12-40-40_2024-12-13_12-25-49_V44L24-370_A1_CH_L_422a_vis.tif,MATCHED
CH_L_423a,True,CH_L_423a_vis.tif,686.9,CAVG10489_2024-12-17_13-32-41_2024-12-17_13-20-44_V44T20-289_D1_CH_L_423a_vis.tif,MATCHED
CH_L_424a,True,CH_L_424a_vis.tif,600.5,CAVG10489_2024-12-17_13-32-41_2024-12-17_13-20-44_V44T20-289_A1_CH_L_424a_vis.tif,MATCHED
CH_L_425a,True,CH_L_425a_vis.tif,1318.9,CAVG10489_2024-12-17_14-28-01_2024-12-17_14-20-31_V44T19-323_D1_CH_L_425a_vis.tif,MATCHED
CH_L_426a,True,CH_L_426a_vis.tif,729.7,CAVG10489_2024-12-17_14-28-01_2024-12-17_14-20-31_V44T19-323_A1_CH_L_426a_vis.tif,MATCHED
CH_L_427a,True,CH_L_427a_vis.tif,835.2,CAVG10489_2024-12-17_15-16-15_2024-12-17_15-08-01_V44T20-320_D1_CH_L_427a_vis.tif,MATCHED
CH_L_428a,True,CH_L_428a_vis.tif,741.5,CAVG10489_2024-12-17_15-16-15_2024-12-17_15-08-01_V44T20-320_A1_CH_L_428a_vis.tif,MATCHED
CH_L_429a,True,CH_L_429a_vis.tif,1494.1,CAVG10489_2024-12-20_11-21-34_2024-12-20_11-07-00_V44T19-305_D1_CH_L_429a_vis.tif,MATCHED
CH_L_430a,True,CH_L_430a_vis.tif,1130.1,CAVG10489_2024-12-20_11-21-34_2024-12-20_11-07-00_V44T19-305_A1_CH_L_430a_vis.tif,MATCHED
CH_L_431a,True,CH_L_431a_vis.tif,783.7,CAVG10489_2024-12-20_12-11-40_2024-12-20_11-57-23_V44T12-358_D1_CH_L_431a_vis.tif,MATCHED
CH_L_432a,True,CH_L_432a_vis.tif,403.7,CAVG10489_2024-12-20_12-11-40_2024-12-20_11-57-23_V44T12-358_A1_CH_L_432a_vis.tif,MATCHED
CH_L_433a,True,CH_L_433a_vis.tif,890.7,CAVG10489_2024-12-31_09-37-50_2024-12-31_09-13-04_V44U10-301_D1_CH_L_433a_vis.tif,MATCHED
CH_L_437b,True,CH_L_437b_vis.tif,772.8,CAVG10489_2024-12-31_10-21-40_2024-12-31_10-11-56_V44U10-303_D1_CH_L_437b_vis.tif,MATCHED
CH_L_438a,True,CH_L_438a_vis.tif,661.2,CAVG10489_2024-12-31_10-21-40_2024-12-31_10-11-56_V44U10-303_A1_CH_L_438a_vis.tif,MATCHED
CH_L_439a,True,CH_L_439a_vis.tif,545.5,CAVG10489_2024-12-31_11-03-51_2024-12-31_10-56-09_V44U10-395_D1_CH_L_439a_vis.tif,MATCHED
CH_L_439b,True,CH_L_439b_vis.tif,329.6,CAVG10489_2024-12-31_11-03-51_2024-12-31_10-56-09_V44U10-395_A1_CH_L_439b_vis.tif,MATCHED
CH_L_440a,True,CH_L_440a_vis.tif,1232.5,CAVG10489_2024-12-31_11-45-28_2024-12-31_11-38-15_V44M27-377_D1_CH_L_440a_vis.tif,MATCHED
CH_L_442a,True,CH_L_442a_vis.tif,709.0,CAVG10489_2024-12-31_11-45-28_2024-12-31_11-38-15_V44M27-377_A1_CH_L_442a_vis.tif,MATCHED
CH_L_304a,True,,0.0,CAVG10489_2024-09-27_11-11-20_2024-09-27_11-00-29_V44A03-319_A1_CH_L_304a_vbu.tif,MISSING_HE
