patient_id,filename,s3_key,exists,size_bytes,tifffile_ok,tifffile_error,openslide_ok,openslide_error
CH_L_275a,CAVG10489_2024-08-27_11-28-21_2024-08-27_11-13-04_V44F14-133_A1_CH_L_275a_vis.tif,s3://pa-bjplnclqvp1ar8f36-ada854zrhbscx1tue369yzroowz4neuw1b-s3alias/784a9286-bbc1-4138-b83a-0bbdce7c079c/spatial_transcriptomics/Visium/image_files/CAVG10489_2024-08-27_11-28-21_2024-08-27_11-13-04_V44F14-133_A1_CH_L_275a_vis.tif,True,27484628,True,,False,Unsupported or missing image file
CH_L_276a,CAVG10489_2024-08-27_12-12-56_2024-08-27_12-03-40_V44F12-046_D1_CH_L_276a_vis.tif,s3://pa-bjplnclqvp1ar8f36-ada854zrhbscx1tue369yzroowz4neuw1b-s3alias/784a9286-bbc1-4138-b83a-0bbdce7c079c/spatial_transcriptomics/Visium/image_files/CAVG10489_2024-08-27_12-12-56_2024-08-27_12-03-40_V44F12-046_D1_CH_L_276a_vis.tif,True,27194384,True,,False,Unsupported or missing image file
CH_L_277a,CAVG10489_2024-08-27_12-12-56_2024-08-27_12-03-40_V44F12-046_A1_CH_L_277a_vis.tif,s3://pa-bjplnclqvp1ar8f36-ada854zrhbscx1tue369yzroowz4neuw1b-s3alias/784a9286-bbc1-4138-b83a-0bbdce7c079c/spatial_transcriptomics/Visium/image_files/CAVG10489_2024-08-27_12-12-56_2024-08-27_12-03-40_V44F12-046_A1_CH_L_277a_vis.tif,True,19761764,True,,False,Unsupported or missing image file
CH_L_278a,CAVG10489_2024-08-27_13-00-13_2024-08-27_12-53-48_V44M27-318_D1_CH_L_278a_vis.tif,s3://pa-bjplnclqvp1ar8f36-ada854zrhbscx1tue369yzroowz4neuw1b-s3alias/784a9286-bbc1-4138-b83a-0bbdce7c079c/spatial_transcriptomics/Visium/image_files/CAVG10489_2024-08-27_13-00-13_2024-08-27_12-53-48_V44M27-318_D1_CH_L_278a_vis.tif,True,25133236,True,,False,Unsupported or missing image file
CH_L_279a,CAVG10489_2024-08-27_13-00-13_2024-08-27_12-53-48_V44M27-318_A1_CH_L_279a_vis.tif,s3://pa-bjplnclqvp1ar8f36-ada854zrhbscx1tue369yzroowz4neuw1b-s3alias/784a9286-bbc1-4138-b83a-0bbdce7c079c/spatial_transcriptomics/Visium/image_files/CAVG10489_2024-08-27_13-00-13_2024-08-27_12-53-48_V44M27-318_A1_CH_L_279a_vis.tif,True,25939080,True,,False,Unsupported or missing image file
CH_L_280a,CAVG10489_2024-08-27_13-42-50_2024-08-27_13-38-59_V44J25-044_D1_CH_L_280a_vis.tif,s3://pa-bjplnclqvp1ar8f36-ada854zrhbscx1tue369yzroowz4neuw1b-s3alias/784a9286-bbc1-4138-b83a-0bbdce7c079c/spatial_transcriptomics/Visium/image_files/CAVG10489_2024-08-27_13-42-50_2024-08-27_13-38-59_V44J25-044_D1_CH_L_280a_vis.tif,True,26925096,True,,False,Unsupported or missing image file
CH_L_281a,CAVG10489_2024-08-27_13-42-50_2024-08-27_13-38-59_V44J25-044_A1_CH_L_281a_vis.tif,s3://pa-bjplnclqvp1ar8f36-ada854zrhbscx1tue369yzroowz4neuw1b-s3alias/784a9286-bbc1-4138-b83a-0bbdce7c079c/spatial_transcriptomics/Visium/image_files/CAVG10489_2024-08-27_13-42-50_2024-08-27_13-38-59_V44J25-044_A1_CH_L_281a_vis.tif,True,29405486,True,,False,Unsupported or missing image file
CH_L_281b,CAVG10489_2024-08-29_12-34-10_2024-08-29_12-26-53_V44M27-375_D1_CH_L_281b_vis.tif,s3://pa-bjplnclqvp1ar8f36-ada854zrhbscx1tue369yzroowz4neuw1b-s3alias/784a9286-bbc1-4138-b83a-0bbdce7c079c/spatial_transcriptomics/Visium/image_files/CAVG10489_2024-08-29_12-34-10_2024-08-29_12-26-53_V44M27-375_D1_CH_L_281b_vis.tif,True,21614462,True,,False,Unsupported or missing image file
CH_L_282a,CAVG10489_2024-08-29_12-34-10_2024-08-29_12-26-53_V44M27-375_A1_CH_L_282a_vis.tif,s3://pa-bjplnclqvp1ar8f36-ada854zrhbscx1tue369yzroowz4neuw1b-s3alias/784a9286-bbc1-4138-b83a-0bbdce7c079c/spatial_transcriptomics/Visium/image_files/CAVG10489_2024-08-29_12-34-10_2024-08-29_12-26-53_V44M27-375_A1_CH_L_282a_vis.tif,True,25640740,True,,False,Unsupported or missing image file
CH_L_283a,CAVG10489_2024-08-29_13-52-07_2024-08-29_13-41-35_V44M27-367_D1_CH_L_283a_vis.tif,s3://pa-bjplnclqvp1ar8f36-ada854zrhbscx1tue369yzroowz4neuw1b-s3alias/784a9286-bbc1-4138-b83a-0bbdce7c079c/spatial_transcriptomics/Visium/image_files/CAVG10489_2024-08-29_13-52-07_2024-08-29_13-41-35_V44M27-367_D1_CH_L_283a_vis.tif,True,28350740,True,,False,Unsupported or missing image file
CH_L_284a,CAVG10489_2024-08-29_13-52-07_2024-08-29_13-41-35_V44M27-367_A1_CH_L_284a_vis.tif,s3://pa-bjplnclqvp1ar8f36-ada854zrhbscx1tue369yzroowz4neuw1b-s3alias/784a9286-bbc1-4138-b83a-0bbdce7c079c/spatial_transcriptomics/Visium/image_files/CAVG10489_2024-08-29_13-52-07_2024-08-29_13-41-35_V44M27-367_A1_CH_L_284a_vis.tif,True,23880824,True,,False,Unsupported or missing image file
CH_L_285a,CAVG10489_2024-09-05_11-09-33_2024-09-05_10-48-20_V44A01-296_D1_CH_L_285a_vis.tif,s3://pa-bjplnclqvp1ar8f36-ada854zrhbscx1tue369yzroowz4neuw1b-s3alias/784a9286-bbc1-4138-b83a-0bbdce7c079c/spatial_transcriptomics/Visium/image_files/CAVG10489_2024-09-05_11-09-33_2024-09-05_10-48-20_V44A01-296_D1_CH_L_285a_vis.tif,True,25804782,True,,False,Unsupported or missing image file
CH_L_287a,CAVG10489_2024-09-05_11-54-04_2024-09-05_11-44-29_V44A01-358_D1_CH_L_287a_vis.tif,s3://pa-bjplnclqvp1ar8f36-ada854zrhbscx1tue369yzroowz4neuw1b-s3alias/784a9286-bbc1-4138-b83a-0bbdce7c079c/spatial_transcriptomics/Visium/image_files/CAVG10489_2024-09-05_11-54-04_2024-09-05_11-44-29_V44A01-358_D1_CH_L_287a_vis.tif,True,26690634,True,,False,Unsupported or missing image file
CH_L_288a,CAVG10489_2024-09-05_11-54-04_2024-09-05_11-44-29_V44A01-358_A1_CH_L_288a_vis.tif,s3://pa-bjplnclqvp1ar8f36-ada854zrhbscx1tue369yzroowz4neuw1b-s3alias/784a9286-bbc1-4138-b83a-0bbdce7c079c/spatial_transcriptomics/Visium/image_files/CAVG10489_2024-09-05_11-54-04_2024-09-05_11-44-29_V44A01-358_A1_CH_L_288a_vis.tif,True,22862406,True,,False,Unsupported or missing image file
CH_L_289a,CAVG10489_2024-09-11_10-56-00_2024-09-11_10-45-56_V44U10-367_D1_CH_L_289a_vis.tif,s3://pa-bjplnclqvp1ar8f36-ada854zrhbscx1tue369yzroowz4neuw1b-s3alias/784a9286-bbc1-4138-b83a-0bbdce7c079c/spatial_transcriptomics/Visium/image_files/CAVG10489_2024-09-11_10-56-00_2024-09-11_10-45-56_V44U10-367_D1_CH_L_289a_vis.tif,True,29996602,True,,False,Unsupported or missing image file
CH_L_290a,CAVG10489_2024-09-11_10-56-00_2024-09-11_10-45-56_V44U10-367_A1_CH_L_290a_vis.tif,s3://pa-bjplnclqvp1ar8f36-ada854zrhbscx1tue369yzroowz4neuw1b-s3alias/784a9286-bbc1-4138-b83a-0bbdce7c079c/spatial_transcriptomics/Visium/image_files/CAVG10489_2024-09-11_10-56-00_2024-09-11_10-45-56_V44U10-367_A1_CH_L_290a_vis.tif,True,28805164,True,,False,Unsupported or missing image file
CH_L_291a,CAVG10489_2024-09-11_11-45-41_2024-09-11_11-35-11_V44U10-364_D1_CH_L_291a_vis.tif,s3://pa-bjplnclqvp1ar8f36-ada854zrhbscx1tue369yzroowz4neuw1b-s3alias/784a9286-bbc1-4138-b83a-0bbdce7c079c/spatial_transcriptomics/Visium/image_files/CAVG10489_2024-09-11_11-45-41_2024-09-11_11-35-11_V44U10-364_D1_CH_L_291a_vis.tif,True,26146288,True,,False,Unsupported or missing image file
CH_L_292a,CAVG10489_2024-09-20_11-07-58_2024-09-20_10-49-12_V44U10-363_D1_CH_L_292a_vis.tif,s3://pa-bjplnclqvp1ar8f36-ada854zrhbscx1tue369yzroowz4neuw1b-s3alias/784a9286-bbc1-4138-b83a-0bbdce7c079c/spatial_transcriptomics/Visium/image_files/CAVG10489_2024-09-20_11-07-58_2024-09-20_10-49-12_V44U10-363_D1_CH_L_292a_vis.tif,True,27835990,True,,False,Unsupported or missing image file
CH_L_293a,CAVG10489_2024-09-11_11-45-41_2024-09-11_11-35-11_V44U10-364_A1_CH_L_293a_vis.tif,s3://pa-bjplnclqvp1ar8f36-ada854zrhbscx1tue369yzroowz4neuw1b-s3alias/784a9286-bbc1-4138-b83a-0bbdce7c079c/spatial_transcriptomics/Visium/image_files/CAVG10489_2024-09-11_11-45-41_2024-09-11_11-35-11_V44U10-364_A1_CH_L_293a_vis.tif,True,25488218,True,,False,Unsupported or missing image file
CH_L_294a,CAVG10489_2024-09-20_11-07-58_2024-09-20_10-49-12_V44U10-363_A1_CH_L_294a_vis.tif,s3://pa-bjplnclqvp1ar8f36-ada854zrhbscx1tue369yzroowz4neuw1b-s3alias/784a9286-bbc1-4138-b83a-0bbdce7c079c/spatial_transcriptomics/Visium/image_files/CAVG10489_2024-09-20_11-07-58_2024-09-20_10-49-12_V44U10-363_A1_CH_L_294a_vis.tif,True,29753216,True,,False,Unsupported or missing image file
CH_L_295a,CAVG10489_2024-09-20_11-51-12_2024-09-20_11-44-09_V44U19-365_D1_CH_L_295a_vis.tif,s3://pa-bjplnclqvp1ar8f36-ada854zrhbscx1tue369yzroowz4neuw1b-s3alias/784a9286-bbc1-4138-b83a-0bbdce7c079c/spatial_transcriptomics/Visium/image_files/CAVG10489_2024-09-20_11-51-12_2024-09-20_11-44-09_V44U19-365_D1_CH_L_295a_vis.tif,True,27142652,True,,False,Unsupported or missing image file
CH_L_296a,CAVG10489_2025-04-01_11-29-55_2025-04-01_11-06-35_V44T13-276_D1_CH_L_296a_vbu.tif,s3://pa-bjplnclqvp1ar8f36-ada854zrhbscx1tue369yzroowz4neuw1b-s3alias/784a9286-bbc1-4138-b83a-0bbdce7c079c/spatial_transcriptomics/Visium/image_files/CAVG10489_2025-04-01_11-29-55_2025-04-01_11-06-35_V44T13-276_D1_CH_L_296a_vbu.tif,True,25087082,True,,False,Unsupported or missing image file
CH_L_298a,CAVG10489_2024-09-20_12-35-59_2024-09-20_12-31-08_V44M27-347_A1_CH_L_298a_vis.tif,s3://pa-bjplnclqvp1ar8f36-ada854zrhbscx1tue369yzroowz4neuw1b-s3alias/784a9286-bbc1-4138-b83a-0bbdce7c079c/spatial_transcriptomics/Visium/image_files/CAVG10489_2024-09-20_12-35-59_2024-09-20_12-31-08_V44M27-347_A1_CH_L_298a_vis.tif,True,24860116,True,,False,Unsupported or missing image file
CH_L_299a,CAVG10489_2024-09-20_13-17-41_2024-09-20_13-13-52_V44A03-380_D1_CH_L_299a_vis.tif,s3://pa-bjplnclqvp1ar8f36-ada854zrhbscx1tue369yzroowz4neuw1b-s3alias/784a9286-bbc1-4138-b83a-0bbdce7c079c/spatial_transcriptomics/Visium/image_files/CAVG10489_2024-09-20_13-17-41_2024-09-20_13-13-52_V44A03-380_D1_CH_L_299a_vis.tif,True,24120850,True,,False,Unsupported or missing image file
CH_L_300a,CAVG10489_2024-09-20_13-17-41_2024-09-20_13-13-52_V44A03-380_A1_CH_L_300a_vis.tif,s3://pa-bjplnclqvp1ar8f36-ada854zrhbscx1tue369yzroowz4neuw1b-s3alias/784a9286-bbc1-4138-b83a-0bbdce7c079c/spatial_transcriptomics/Visium/image_files/CAVG10489_2024-09-20_13-17-41_2024-09-20_13-13-52_V44A03-380_A1_CH_L_300a_vis.tif,True,27963054,True,,False,Unsupported or missing image file
CH_L_301a,CAVG10489_2024-09-27_10-16-17_2024-09-27_10-06-27_V44M27-361_D1_CH_L_301a_vis.tif,s3://pa-bjplnclqvp1ar8f36-ada854zrhbscx1tue369yzroowz4neuw1b-s3alias/784a9286-bbc1-4138-b83a-0bbdce7c079c/spatial_transcriptomics/Visium/image_files/CAVG10489_2024-09-27_10-16-17_2024-09-27_10-06-27_V44M27-361_D1_CH_L_301a_vis.tif,True,27099240,True,,False,Unsupported or missing image file
CH_L_302a,CAVG10489_2024-09-27_10-16-17_2024-09-27_10-06-27_V44M27-361_A1_CH_L_302a_vis.tif,s3://pa-bjplnclqvp1ar8f36-ada854zrhbscx1tue369yzroowz4neuw1b-s3alias/784a9286-bbc1-4138-b83a-0bbdce7c079c/spatial_transcriptomics/Visium/image_files/CAVG10489_2024-09-27_10-16-17_2024-09-27_10-06-27_V44M27-361_A1_CH_L_302a_vis.tif,True,29288338,True,,False,Unsupported or missing image file
CH_L_303a,CAVG10489_2024-09-27_11-11-20_2024-09-27_11-00-29_V44A03-319_D1_CH_L_303a_vis.tif,s3://pa-bjplnclqvp1ar8f36-ada854zrhbscx1tue369yzroowz4neuw1b-s3alias/784a9286-bbc1-4138-b83a-0bbdce7c079c/spatial_transcriptomics/Visium/image_files/CAVG10489_2024-09-27_11-11-20_2024-09-27_11-00-29_V44A03-319_D1_CH_L_303a_vis.tif,True,27364734,True,,False,Unsupported or missing image file
CH_L_305a,CAVG10489_2024-09-24_11-35-43_2024-09-24_11-26-38_V44J25-031_D1_CH_L_305a_vis.tif,s3://pa-bjplnclqvp1ar8f36-ada854zrhbscx1tue369yzroowz4neuw1b-s3alias/784a9286-bbc1-4138-b83a-0bbdce7c079c/spatial_transcriptomics/Visium/image_files/CAVG10489_2024-09-24_11-35-43_2024-09-24_11-26-38_V44J25-031_D1_CH_L_305a_vis.tif,True,29570096,True,,False,Unsupported or missing image file
CH_L_306a,CAVG10489_2024-09-24_11-35-43_2024-09-24_11-26-38_V44J25-031_A1_CH_L_306a_vis.tif,s3://pa-bjplnclqvp1ar8f36-ada854zrhbscx1tue369yzroowz4neuw1b-s3alias/784a9286-bbc1-4138-b83a-0bbdce7c079c/spatial_transcriptomics/Visium/image_files/CAVG10489_2024-09-24_11-35-43_2024-09-24_11-26-38_V44J25-031_A1_CH_L_306a_vis.tif,True,25520052,True,,False,Unsupported or missing image file
CH_L_306b,CAVG10489_2024-09-24_12-20-25_2024-09-24_12-14-24_V44J22-375_D1_CH_L_306b_vis.tif,s3://pa-bjplnclqvp1ar8f36-ada854zrhbscx1tue369yzroowz4neuw1b-s3alias/784a9286-bbc1-4138-b83a-0bbdce7c079c/spatial_transcriptomics/Visium/image_files/CAVG10489_2024-09-24_12-20-25_2024-09-24_12-14-24_V44J22-375_D1_CH_L_306b_vis.tif,True,25125254,True,,False,Unsupported or missing image file
CH_L_307a,CAVG10489_2024-09-24_12-20-25_2024-09-24_12-14-24_V44J22-375_A1_CH_L_307a_vis.tif,s3://pa-bjplnclqvp1ar8f36-ada854zrhbscx1tue369yzroowz4neuw1b-s3alias/784a9286-bbc1-4138-b83a-0bbdce7c079c/spatial_transcriptomics/Visium/image_files/CAVG10489_2024-09-24_12-20-25_2024-09-24_12-14-24_V44J22-375_A1_CH_L_307a_vis.tif,True,26574624,True,,False,Unsupported or missing image file
CH_L_308a,CAVG10489_2024-09-27_12-00-07_2024-09-27_11-46-53_V44A01-351_D1_CH_L_308a_vis.tif,s3://pa-bjplnclqvp1ar8f36-ada854zrhbscx1tue369yzroowz4neuw1b-s3alias/784a9286-bbc1-4138-b83a-0bbdce7c079c/spatial_transcriptomics/Visium/image_files/CAVG10489_2024-09-27_12-00-07_2024-09-27_11-46-53_V44A01-351_D1_CH_L_308a_vis.tif,True,27729700,True,,False,Unsupported or missing image file
CH_L_309a,CAVG10489_2024-09-27_12-00-07_2024-09-27_11-46-53_V44A01-351_A1_CH_L_309a_vis.tif,s3://pa-bjplnclqvp1ar8f36-ada854zrhbscx1tue369yzroowz4neuw1b-s3alias/784a9286-bbc1-4138-b83a-0bbdce7c079c/spatial_transcriptomics/Visium/image_files/CAVG10489_2024-09-27_12-00-07_2024-09-27_11-46-53_V44A01-351_A1_CH_L_309a_vis.tif,True,24715632,True,,False,Unsupported or missing image file
CH_L_310a,CAVG10489_2024-09-27_12-55-10_2024-09-27_12-37-43_V44A03-294_D1_CH_L_310a_vis.tif,s3://pa-bjplnclqvp1ar8f36-ada854zrhbscx1tue369yzroowz4neuw1b-s3alias/784a9286-bbc1-4138-b83a-0bbdce7c079c/spatial_transcriptomics/Visium/image_files/CAVG10489_2024-09-27_12-55-10_2024-09-27_12-37-43_V44A03-294_D1_CH_L_310a_vis.tif,True,27612550,True,,False,Unsupported or missing image file
CH_L_311a,CAVG10489_2024-09-27_12-55-10_2024-09-27_12-37-43_V44A03-294_A1_CH_L_311a_vis.tif,s3://pa-bjplnclqvp1ar8f36-ada854zrhbscx1tue369yzroowz4neuw1b-s3alias/784a9286-bbc1-4138-b83a-0bbdce7c079c/spatial_transcriptomics/Visium/image_files/CAVG10489_2024-09-27_12-55-10_2024-09-27_12-37-43_V44A03-294_A1_CH_L_311a_vis.tif,True,26367418,True,,False,Unsupported or missing image file
CH_L_312a,CAVG10489_2024-10-01_11-13-03_2024-10-01_11-06-17_V44A01-333_D1_CH_L_312a_vis.tif,s3://pa-bjplnclqvp1ar8f36-ada854zrhbscx1tue369yzroowz4neuw1b-s3alias/784a9286-bbc1-4138-b83a-0bbdce7c079c/spatial_transcriptomics/Visium/image_files/CAVG10489_2024-10-01_11-13-03_2024-10-01_11-06-17_V44A01-333_D1_CH_L_312a_vis.tif,True,26685398,True,,False,Unsupported or missing image file
CH_L_313a,CAVG10489_2024-10-01_11-13-03_2024-10-01_11-06-17_V44A01-333_A1_CH_L_313a_vis.tif,s3://pa-bjplnclqvp1ar8f36-ada854zrhbscx1tue369yzroowz4neuw1b-s3alias/784a9286-bbc1-4138-b83a-0bbdce7c079c/spatial_transcriptomics/Visium/image_files/CAVG10489_2024-10-01_11-13-03_2024-10-01_11-06-17_V44A01-333_A1_CH_L_313a_vis.tif,True,24514798,True,,False,Unsupported or missing image file
CH_L_314a,CAVG10489_2024-10-01_11-55-24_2024-10-01_11-47-59_V44A01-307_D1_CH_L_314a_vis.tif,s3://pa-bjplnclqvp1ar8f36-ada854zrhbscx1tue369yzroowz4neuw1b-s3alias/784a9286-bbc1-4138-b83a-0bbdce7c079c/spatial_transcriptomics/Visium/image_files/CAVG10489_2024-10-01_11-55-24_2024-10-01_11-47-59_V44A01-307_D1_CH_L_314a_vis.tif,True,23378498,True,,False,Unsupported or missing image file
CH_L_315a,CAVG10489_2024-10-01_11-55-24_2024-10-01_11-47-59_V44A01-307_A1_CH_L_315a_vis.tif,s3://pa-bjplnclqvp1ar8f36-ada854zrhbscx1tue369yzroowz4neuw1b-s3alias/784a9286-bbc1-4138-b83a-0bbdce7c079c/spatial_transcriptomics/Visium/image_files/CAVG10489_2024-10-01_11-55-24_2024-10-01_11-47-59_V44A01-307_A1_CH_L_315a_vis.tif,True,23199670,True,,False,Unsupported or missing image file
CH_L_317a,CAVG10489_2024-10-01_12-42-45_2024-10-01_12-33-25_V44A01-388_A1_CH_L_317a_vis.tif,s3://pa-bjplnclqvp1ar8f36-ada854zrhbscx1tue369yzroowz4neuw1b-s3alias/784a9286-bbc1-4138-b83a-0bbdce7c079c/spatial_transcriptomics/Visium/image_files/CAVG10489_2024-10-01_12-42-45_2024-10-01_12-33-25_V44A01-388_A1_CH_L_317a_vis.tif,True,25147594,True,,False,Unsupported or missing image file
CH_L_318a,CAVG10489_2024-10-01_13-25-16_2024-10-01_13-16-03_V44A03-336_D1_CH_L_318a_vis.tif,s3://pa-bjplnclqvp1ar8f36-ada854zrhbscx1tue369yzroowz4neuw1b-s3alias/784a9286-bbc1-4138-b83a-0bbdce7c079c/spatial_transcriptomics/Visium/image_files/CAVG10489_2024-10-01_13-25-16_2024-10-01_13-16-03_V44A03-336_D1_CH_L_318a_vis.tif,True,28088184,True,,False,Unsupported or missing image file
CH_L_319a,CAVG10489_2024-10-01_13-25-16_2024-10-01_13-16-03_V44A03-336_A1_CH_L_319a_vis.tif,s3://pa-bjplnclqvp1ar8f36-ada854zrhbscx1tue369yzroowz4neuw1b-s3alias/784a9286-bbc1-4138-b83a-0bbdce7c079c/spatial_transcriptomics/Visium/image_files/CAVG10489_2024-10-01_13-25-16_2024-10-01_13-16-03_V44A03-336_A1_CH_L_319a_vis.tif,True,23284064,True,,False,Unsupported or missing image file
CH_L_320a,CAVG10489_2024-10-04_11-40-46_2024-10-04_11-22-47_V44U10-293_D1_CH_L_320a_vis.tif,s3://pa-bjplnclqvp1ar8f36-ada854zrhbscx1tue369yzroowz4neuw1b-s3alias/784a9286-bbc1-4138-b83a-0bbdce7c079c/spatial_transcriptomics/Visium/image_files/CAVG10489_2024-10-04_11-40-46_2024-10-04_11-22-47_V44U10-293_D1_CH_L_320a_vis.tif,True,25885354,True,,False,Unsupported or missing image file
CH_L_321a,CAVG10489_2024-10-04_11-40-46_2024-10-04_11-22-47_V44U10-293_A1_CH_L_321a_vis.tif,s3://pa-bjplnclqvp1ar8f36-ada854zrhbscx1tue369yzroowz4neuw1b-s3alias/784a9286-bbc1-4138-b83a-0bbdce7c079c/spatial_transcriptomics/Visium/image_files/CAVG10489_2024-10-04_11-40-46_2024-10-04_11-22-47_V44U10-293_A1_CH_L_321a_vis.tif,True,26696394,True,,False,Unsupported or missing image file
CH_L_322a,CAVG10489_2024-10-04_12-36-57_2024-10-04_12-20-57_V44U10-376_D1_CH_L_322a_vis.tif,s3://pa-bjplnclqvp1ar8f36-ada854zrhbscx1tue369yzroowz4neuw1b-s3alias/784a9286-bbc1-4138-b83a-0bbdce7c079c/spatial_transcriptomics/Visium/image_files/CAVG10489_2024-10-04_12-36-57_2024-10-04_12-20-57_V44U10-376_D1_CH_L_322a_vis.tif,True,27127066,True,,False,Unsupported or missing image file
CH_L_323a,CAVG10489_2024-10-04_12-36-57_2024-10-04_12-20-57_V44U10-376_A1_CH_L_323a_vis.tif,s3://pa-bjplnclqvp1ar8f36-ada854zrhbscx1tue369yzroowz4neuw1b-s3alias/784a9286-bbc1-4138-b83a-0bbdce7c079c/spatial_transcriptomics/Visium/image_files/CAVG10489_2024-10-04_12-36-57_2024-10-04_12-20-57_V44U10-376_A1_CH_L_323a_vis.tif,True,24057490,True,,False,Unsupported or missing image file
CH_L_326a,CAVG10489_2024-10-08_12-12-21_2024-10-08_12-02-28_V44U19-363_D1_CH_L_326a_vis.tif,s3://pa-bjplnclqvp1ar8f36-ada854zrhbscx1tue369yzroowz4neuw1b-s3alias/784a9286-bbc1-4138-b83a-0bbdce7c079c/spatial_transcriptomics/Visium/image_files/CAVG10489_2024-10-08_12-12-21_2024-10-08_12-02-28_V44U19-363_D1_CH_L_326a_vis.tif,True,28466868,True,,False,Unsupported or missing image file
CH_L_327a,CAVG10489_2024-10-08_12-12-21_2024-10-08_12-02-28_V44U19-363_A1_CH_L_327a_vis.tif,s3://pa-bjplnclqvp1ar8f36-ada854zrhbscx1tue369yzroowz4neuw1b-s3alias/784a9286-bbc1-4138-b83a-0bbdce7c079c/spatial_transcriptomics/Visium/image_files/CAVG10489_2024-10-08_12-12-21_2024-10-08_12-02-28_V44U19-363_A1_CH_L_327a_vis.tif,True,23270660,True,,False,Unsupported or missing image file
CH_L_328a,CAVG10489_2024-10-08_13-06-37_2024-10-08_12-52-24_V44U19-283_D1_CH_L_328a_vis.tif,s3://pa-bjplnclqvp1ar8f36-ada854zrhbscx1tue369yzroowz4neuw1b-s3alias/784a9286-bbc1-4138-b83a-0bbdce7c079c/spatial_transcriptomics/Visium/image_files/CAVG10489_2024-10-08_13-06-37_2024-10-08_12-52-24_V44U19-283_D1_CH_L_328a_vis.tif,True,26762624,True,,False,Unsupported or missing image file
CH_L_329a,CAVG10489_2024-10-08_13-06-37_2024-10-08_12-52-24_V44U19-283_A1_CH_L_329a_vis.tif,s3://pa-bjplnclqvp1ar8f36-ada854zrhbscx1tue369yzroowz4neuw1b-s3alias/784a9286-bbc1-4138-b83a-0bbdce7c079c/spatial_transcriptomics/Visium/image_files/CAVG10489_2024-10-08_13-06-37_2024-10-08_12-52-24_V44U19-283_A1_CH_L_329a_vis.tif,True,26897094,True,,False,Unsupported or missing image file
CH_L_330a,CAVG10489_2024-12-03_11-32-56_2024-12-03_11-24-01_V44A01-325_D1_CH_L_330a_vis.tif,s3://pa-bjplnclqvp1ar8f36-ada854zrhbscx1tue369yzroowz4neuw1b-s3alias/784a9286-bbc1-4138-b83a-0bbdce7c079c/spatial_transcriptomics/Visium/image_files/CAVG10489_2024-12-03_11-32-56_2024-12-03_11-24-01_V44A01-325_D1_CH_L_330a_vis.tif,True,26139496,True,,False,Unsupported or missing image file
CH_L_333a,CAVG10489_2024-10-11_10-17-24_2024-10-11_09-51-58_V44U17-293_D1_CH_L_333a_vis.tif,s3://pa-bjplnclqvp1ar8f36-ada854zrhbscx1tue369yzroowz4neuw1b-s3alias/784a9286-bbc1-4138-b83a-0bbdce7c079c/spatial_transcriptomics/Visium/image_files/CAVG10489_2024-10-11_10-17-24_2024-10-11_09-51-58_V44U17-293_D1_CH_L_333a_vis.tif,True,25380846,True,,False,Unsupported or missing image file
CH_L_334a,CAVG10489_2024-10-11_10-17-24_2024-10-11_09-51-58_V44U17-293_A1_CH_L_334a_vis.tif,s3://pa-bjplnclqvp1ar8f36-ada854zrhbscx1tue369yzroowz4neuw1b-s3alias/784a9286-bbc1-4138-b83a-0bbdce7c079c/spatial_transcriptomics/Visium/image_files/CAVG10489_2024-10-11_10-17-24_2024-10-11_09-51-58_V44U17-293_A1_CH_L_334a_vis.tif,True,24400124,True,,False,Unsupported or missing image file
CH_L_335a,CAVG10489_2024-10-11_11-11-32_2024-10-11_10-53-10_V44U10-352_D1_CH_L_335a_vis.tif,s3://pa-bjplnclqvp1ar8f36-ada854zrhbscx1tue369yzroowz4neuw1b-s3alias/784a9286-bbc1-4138-b83a-0bbdce7c079c/spatial_transcriptomics/Visium/image_files/CAVG10489_2024-10-11_11-11-32_2024-10-11_10-53-10_V44U10-352_D1_CH_L_335a_vis.tif,True,24440988,True,,False,Unsupported or missing image file
CH_L_336a,CAVG10489_2024-10-11_11-11-32_2024-10-11_10-53-10_V44U10-352_A1_CH_L_336a_vis.tif,s3://pa-bjplnclqvp1ar8f36-ada854zrhbscx1tue369yzroowz4neuw1b-s3alias/784a9286-bbc1-4138-b83a-0bbdce7c079c/spatial_transcriptomics/Visium/image_files/CAVG10489_2024-10-11_11-11-32_2024-10-11_10-53-10_V44U10-352_A1_CH_L_336a_vis.tif,True,26800582,True,,False,Unsupported or missing image file
CH_L_337a,CAVG10489_2024-10-22_12-16-14_2024-10-22_12-07-23_V44U10-354_D1_CH_L_337a_vis.tif,s3://pa-bjplnclqvp1ar8f36-ada854zrhbscx1tue369yzroowz4neuw1b-s3alias/784a9286-bbc1-4138-b83a-0bbdce7c079c/spatial_transcriptomics/Visium/image_files/CAVG10489_2024-10-22_12-16-14_2024-10-22_12-07-23_V44U10-354_D1_CH_L_337a_vis.tif,True,28725638,True,,False,Unsupported or missing image file
CH_L_338a,CAVG10489_2024-10-22_12-16-14_2024-10-22_12-07-23_V44U10-354_A1_CH_L_338a_vis.tif,s3://pa-bjplnclqvp1ar8f36-ada854zrhbscx1tue369yzroowz4neuw1b-s3alias/784a9286-bbc1-4138-b83a-0bbdce7c079c/spatial_transcriptomics/Visium/image_files/CAVG10489_2024-10-22_12-16-14_2024-10-22_12-07-23_V44U10-354_A1_CH_L_338a_vis.tif,True,26492800,True,,False,Unsupported or missing image file
CH_L_339a,CAVG10489_2024-10-29_11-43-10_2024-10-29_11-22-12_V44U10-321_D1_CH_L_339a_vis.tif,s3://pa-bjplnclqvp1ar8f36-ada854zrhbscx1tue369yzroowz4neuw1b-s3alias/784a9286-bbc1-4138-b83a-0bbdce7c079c/spatial_transcriptomics/Visium/image_files/CAVG10489_2024-10-29_11-43-10_2024-10-29_11-22-12_V44U10-321_D1_CH_L_339a_vis.tif,True,23737852,True,,False,Unsupported or missing image file
CH_L_340a,CAVG10489_2024-10-22_13-10-00_2024-10-22_12-53-56_V44U17-363_D1_CH_L_340a_vis.tif,s3://pa-bjplnclqvp1ar8f36-ada854zrhbscx1tue369yzroowz4neuw1b-s3alias/784a9286-bbc1-4138-b83a-0bbdce7c079c/spatial_transcriptomics/Visium/image_files/CAVG10489_2024-10-22_13-10-00_2024-10-22_12-53-56_V44U17-363_D1_CH_L_340a_vis.tif,True,26046820,True,,False,Unsupported or missing image file
CH_L_341a,CAVG10489_2024-10-22_13-10-00_2024-10-22_12-53-56_V44U17-363_A1_CH_L_341a_vis.tif,s3://pa-bjplnclqvp1ar8f36-ada854zrhbscx1tue369yzroowz4neuw1b-s3alias/784a9286-bbc1-4138-b83a-0bbdce7c079c/spatial_transcriptomics/Visium/image_files/CAVG10489_2024-10-22_13-10-00_2024-10-22_12-53-56_V44U17-363_A1_CH_L_341a_vis.tif,True,26524496,True,,False,Unsupported or missing image file
CH_L_342a,CAVG10489_2024-10-22_14-07-42_2024-10-22_13-59-38_V44U10-357_A1_CH_L_342a_vis.tif,s3://pa-bjplnclqvp1ar8f36-ada854zrhbscx1tue369yzroowz4neuw1b-s3alias/784a9286-bbc1-4138-b83a-0bbdce7c079c/spatial_transcriptomics/Visium/image_files/CAVG10489_2024-10-22_14-07-42_2024-10-22_13-59-38_V44U10-357_A1_CH_L_342a_vis.tif,True,25728448,True,,False,Unsupported or missing image file
CH_L_344a,CAVG10489_2024-10-25_11-43-18_2024-10-25_11-22-13_V44A03-399_D1_CH_L_344a_vis.tif,s3://pa-bjplnclqvp1ar8f36-ada854zrhbscx1tue369yzroowz4neuw1b-s3alias/784a9286-bbc1-4138-b83a-0bbdce7c079c/spatial_transcriptomics/Visium/image_files/CAVG10489_2024-10-25_11-43-18_2024-10-25_11-22-13_V44A03-399_D1_CH_L_344a_vis.tif,True,28126576,True,,False,Unsupported or missing image file
CH_L_345a,CAVG10489_2024-10-25_11-43-18_2024-10-25_11-22-13_V44A03-399_A1_CH_L_345a_vis.tif,s3://pa-bjplnclqvp1ar8f36-ada854zrhbscx1tue369yzroowz4neuw1b-s3alias/784a9286-bbc1-4138-b83a-0bbdce7c079c/spatial_transcriptomics/Visium/image_files/CAVG10489_2024-10-25_11-43-18_2024-10-25_11-22-13_V44A03-399_A1_CH_L_345a_vis.tif,True,23535034,True,,False,Unsupported or missing image file
CH_L_346a,CAVG10489_2024-10-29_12-33-06_2024-10-29_12-24-10_V44U17-390_D1_CH_L_346a_vis.tif,s3://pa-bjplnclqvp1ar8f36-ada854zrhbscx1tue369yzroowz4neuw1b-s3alias/784a9286-bbc1-4138-b83a-0bbdce7c079c/spatial_transcriptomics/Visium/image_files/CAVG10489_2024-10-29_12-33-06_2024-10-29_12-24-10_V44U17-390_D1_CH_L_346a_vis.tif,True,25587834,True,,False,Unsupported or missing image file
CH_L_347a,CAVG10489_2024-10-29_12-33-06_2024-10-29_12-24-10_V44U17-390_A1_CH_L_347a_vis.tif,s3://pa-bjplnclqvp1ar8f36-ada854zrhbscx1tue369yzroowz4neuw1b-s3alias/784a9286-bbc1-4138-b83a-0bbdce7c079c/spatial_transcriptomics/Visium/image_files/CAVG10489_2024-10-29_12-33-06_2024-10-29_12-24-10_V44U17-390_A1_CH_L_347a_vis.tif,True,26020268,True,,False,Unsupported or missing image file
CH_L_348a,CAVG10489_2024-10-29_13-19-54_2024-10-29_13-13-09_V44U10-397_D1_CH_L_348a_vis.tif,s3://pa-bjplnclqvp1ar8f36-ada854zrhbscx1tue369yzroowz4neuw1b-s3alias/784a9286-bbc1-4138-b83a-0bbdce7c079c/spatial_transcriptomics/Visium/image_files/CAVG10489_2024-10-29_13-19-54_2024-10-29_13-13-09_V44U10-397_D1_CH_L_348a_vis.tif,True,24868848,True,,False,Unsupported or missing image file
CH_L_349a,CAVG10489_2024-10-25_12-45-20_2024-10-25_12-33-14_V44U17-328_D1_CH_L_349a_vis.tif,s3://pa-bjplnclqvp1ar8f36-ada854zrhbscx1tue369yzroowz4neuw1b-s3alias/784a9286-bbc1-4138-b83a-0bbdce7c079c/spatial_transcriptomics/Visium/image_files/CAVG10489_2024-10-25_12-45-20_2024-10-25_12-33-14_V44U17-328_D1_CH_L_349a_vis.tif,True,23816272,True,,False,Unsupported or missing image file
CH_L_350a,CAVG10489_2024-10-29_13-19-54_2024-10-29_13-13-09_V44U10-397_A1_CH_L_350a_vis.tif,s3://pa-bjplnclqvp1ar8f36-ada854zrhbscx1tue369yzroowz4neuw1b-s3alias/784a9286-bbc1-4138-b83a-0bbdce7c079c/spatial_transcriptomics/Visium/image_files/CAVG10489_2024-10-29_13-19-54_2024-10-29_13-13-09_V44U10-397_A1_CH_L_350a_vis.tif,True,24501694,True,,False,Unsupported or missing image file
CH_L_351a,CAVG10489_2024-10-25_12-45-20_2024-10-25_12-33-14_V44U17-328_A1_CH_L_351a_vis.tif,s3://pa-bjplnclqvp1ar8f36-ada854zrhbscx1tue369yzroowz4neuw1b-s3alias/784a9286-bbc1-4138-b83a-0bbdce7c079c/spatial_transcriptomics/Visium/image_files/CAVG10489_2024-10-25_12-45-20_2024-10-25_12-33-14_V44U17-328_A1_CH_L_351a_vis.tif,True,27029478,True,,False,Unsupported or missing image file
CH_L_352a,CAVG10489_2024-10-29_14-11-16_2024-10-29_13-57-19_V44U19-301_D1_CH_L_352a_vis.tif,s3://pa-bjplnclqvp1ar8f36-ada854zrhbscx1tue369yzroowz4neuw1b-s3alias/784a9286-bbc1-4138-b83a-0bbdce7c079c/spatial_transcriptomics/Visium/image_files/CAVG10489_2024-10-29_14-11-16_2024-10-29_13-57-19_V44U19-301_D1_CH_L_352a_vis.tif,True,24152134,True,,False,Unsupported or missing image file
CH_L_353a,CAVG10489_2024-10-29_14-11-16_2024-10-29_13-57-19_V44U19-301_A1_CH_L_353a_vis.tif,s3://pa-bjplnclqvp1ar8f36-ada854zrhbscx1tue369yzroowz4neuw1b-s3alias/784a9286-bbc1-4138-b83a-0bbdce7c079c/spatial_transcriptomics/Visium/image_files/CAVG10489_2024-10-29_14-11-16_2024-10-29_13-57-19_V44U19-301_A1_CH_L_353a_vis.tif,True,24699752,True,,False,Unsupported or missing image file
CH_L_356a,CAVG10489_2024-11-05_11-35-49_2024-11-05_11-10-57_V44U19-398_D1_CH_L_356a_vis.tif,s3://pa-bjplnclqvp1ar8f36-ada854zrhbscx1tue369yzroowz4neuw1b-s3alias/784a9286-bbc1-4138-b83a-0bbdce7c079c/spatial_transcriptomics/Visium/image_files/CAVG10489_2024-11-05_11-35-49_2024-11-05_11-10-57_V44U19-398_D1_CH_L_356a_vis.tif,True,25180434,True,,False,Unsupported or missing image file
CH_L_359a,CAVG10489_2024-11-05_11-35-49_2024-11-05_11-10-57_V44U19-398_A1_CH_L_359a_vis.tif,s3://pa-bjplnclqvp1ar8f36-ada854zrhbscx1tue369yzroowz4neuw1b-s3alias/784a9286-bbc1-4138-b83a-0bbdce7c079c/spatial_transcriptomics/Visium/image_files/CAVG10489_2024-11-05_11-35-49_2024-11-05_11-10-57_V44U19-398_A1_CH_L_359a_vis.tif,True,26111544,True,,False,Unsupported or missing image file
CH_L_360a,CAVG10489_2024-11-12_11-50-46_2024-11-12_11-35-22_V44U17-330_A1_CH_L_360a_vis.tif,s3://pa-bjplnclqvp1ar8f36-ada854zrhbscx1tue369yzroowz4neuw1b-s3alias/784a9286-bbc1-4138-b83a-0bbdce7c079c/spatial_transcriptomics/Visium/image_files/CAVG10489_2024-11-12_11-50-46_2024-11-12_11-35-22_V44U17-330_A1_CH_L_360a_vis.tif,True,27474924,True,,False,Unsupported or missing image file
CH_L_361a,CAVG10489_2024-11-05_12-31-45_2024-11-05_12-17-17_V44U17-405_D1_CH_L_361a_vis.tif,s3://pa-bjplnclqvp1ar8f36-ada854zrhbscx1tue369yzroowz4neuw1b-s3alias/784a9286-bbc1-4138-b83a-0bbdce7c079c/spatial_transcriptomics/Visium/image_files/CAVG10489_2024-11-05_12-31-45_2024-11-05_12-17-17_V44U17-405_D1_CH_L_361a_vis.tif,True,27553512,True,,False,Unsupported or missing image file
CH_L_362a,CAVG10489_2024-11-05_12-31-45_2024-11-05_12-17-17_V44U17-405_A1_CH_L_362a_vis.tif,s3://pa-bjplnclqvp1ar8f36-ada854zrhbscx1tue369yzroowz4neuw1b-s3alias/784a9286-bbc1-4138-b83a-0bbdce7c079c/spatial_transcriptomics/Visium/image_files/CAVG10489_2024-11-05_12-31-45_2024-11-05_12-17-17_V44U17-405_A1_CH_L_362a_vis.tif,True,28255778,True,,False,Unsupported or missing image file
CH_L_363a,CAVG10489_2024-11-05_13-18-38_2024-11-05_13-07-04_V44U19-345_D1_CH_L_363a_vis.tif,s3://pa-bjplnclqvp1ar8f36-ada854zrhbscx1tue369yzroowz4neuw1b-s3alias/784a9286-bbc1-4138-b83a-0bbdce7c079c/spatial_transcriptomics/Visium/image_files/CAVG10489_2024-11-05_13-18-38_2024-11-05_13-07-04_V44U19-345_D1_CH_L_363a_vis.tif,True,24156512,True,,False,Unsupported or missing image file
CH_L_364a,CAVG10489_2024-11-05_13-18-38_2024-11-05_13-07-04_V44U19-345_A1_CH_L_364a_vis.tif,s3://pa-bjplnclqvp1ar8f36-ada854zrhbscx1tue369yzroowz4neuw1b-s3alias/784a9286-bbc1-4138-b83a-0bbdce7c079c/spatial_transcriptomics/Visium/image_files/CAVG10489_2024-11-05_13-18-38_2024-11-05_13-07-04_V44U19-345_A1_CH_L_364a_vis.tif,True,26607894,True,,False,Unsupported or missing image file
CH_L_367a,CAVG10489_2024-11-12_12-32-35_2024-11-12_12-24-54_V44U10-314_D1_CH_L_367a_vis.tif,s3://pa-bjplnclqvp1ar8f36-ada854zrhbscx1tue369yzroowz4neuw1b-s3alias/784a9286-bbc1-4138-b83a-0bbdce7c079c/spatial_transcriptomics/Visium/image_files/CAVG10489_2024-11-12_12-32-35_2024-11-12_12-24-54_V44U10-314_D1_CH_L_367a_vis.tif,True,27760242,True,,False,Unsupported or missing image file
CH_L_368a,CAVG10489_2024-11-08_12-19-27_2024-11-08_12-05-28_V44U19-361_D1_CH_L_368a_vis.tif,s3://pa-bjplnclqvp1ar8f36-ada854zrhbscx1tue369yzroowz4neuw1b-s3alias/784a9286-bbc1-4138-b83a-0bbdce7c079c/spatial_transcriptomics/Visium/image_files/CAVG10489_2024-11-08_12-19-27_2024-11-08_12-05-28_V44U19-361_D1_CH_L_368a_vis.tif,True,24239582,True,,False,Unsupported or missing image file
CH_L_369a,CAVG10489_2024-11-12_12-32-35_2024-11-12_12-24-54_V44U10-314_A1_CH_L_369a_vis.tif,s3://pa-bjplnclqvp1ar8f36-ada854zrhbscx1tue369yzroowz4neuw1b-s3alias/784a9286-bbc1-4138-b83a-0bbdce7c079c/spatial_transcriptomics/Visium/image_files/CAVG10489_2024-11-12_12-32-35_2024-11-12_12-24-54_V44U10-314_A1_CH_L_369a_vis.tif,True,24607440,True,,False,Unsupported or missing image file
CH_L_371a,CAVG10489_2024-11-08_12-19-27_2024-11-08_12-05-28_V44U19-361_A1_CH_L_371a_vis.tif,s3://pa-bjplnclqvp1ar8f36-ada854zrhbscx1tue369yzroowz4neuw1b-s3alias/784a9286-bbc1-4138-b83a-0bbdce7c079c/spatial_transcriptomics/Visium/image_files/CAVG10489_2024-11-08_12-19-27_2024-11-08_12-05-28_V44U19-361_A1_CH_L_371a_vis.tif,True,24958606,True,,False,Unsupported or missing image file
CH_L_372a,CAVG10489_2024-11-08_13-09-38_2024-11-08_12-56-59_V44U10-311_D1_CH_L_372a_vis.tif,s3://pa-bjplnclqvp1ar8f36-ada854zrhbscx1tue369yzroowz4neuw1b-s3alias/784a9286-bbc1-4138-b83a-0bbdce7c079c/spatial_transcriptomics/Visium/image_files/CAVG10489_2024-11-08_13-09-38_2024-11-08_12-56-59_V44U10-311_D1_CH_L_372a_vis.tif,True,28396680,True,,False,Unsupported or missing image file
CH_L_373a,CAVG10489_2024-11-12_13-15-55_2024-11-12_13-07-48_V44U10-284_A1_CH_L_373a_vis.tif,s3://pa-bjplnclqvp1ar8f36-ada854zrhbscx1tue369yzroowz4neuw1b-s3alias/784a9286-bbc1-4138-b83a-0bbdce7c079c/spatial_transcriptomics/Visium/image_files/CAVG10489_2024-11-12_13-15-55_2024-11-12_13-07-48_V44U10-284_A1_CH_L_373a_vis.tif,True,21665272,True,,False,Unsupported or missing image file
CH_L_375a,CAVG10489_2024-11-12_14-00-09_2024-11-12_13-50-49_V44U10-339_D1_CH_L_375a_vis.tif,s3://pa-bjplnclqvp1ar8f36-ada854zrhbscx1tue369yzroowz4neuw1b-s3alias/784a9286-bbc1-4138-b83a-0bbdce7c079c/spatial_transcriptomics/Visium/image_files/CAVG10489_2024-11-12_14-00-09_2024-11-12_13-50-49_V44U10-339_D1_CH_L_375a_vis.tif,True,19961690,True,,False,Unsupported or missing image file
CH_L_376a,CAVG10489_2024-11-12_14-00-09_2024-11-12_13-50-49_V44U10-339_A1_CH_L_376a_vis.tif,s3://pa-bjplnclqvp1ar8f36-ada854zrhbscx1tue369yzroowz4neuw1b-s3alias/784a9286-bbc1-4138-b83a-0bbdce7c079c/spatial_transcriptomics/Visium/image_files/CAVG10489_2024-11-12_14-00-09_2024-11-12_13-50-49_V44U10-339_A1_CH_L_376a_vis.tif,True,19909648,True,,False,Unsupported or missing image file
CH_L_377a,CAVG10489_2024-11-15_13-45-55_2024-11-15_13-29-40_V44F14-072_D1_CH_L_377a_vis.tif,s3://pa-bjplnclqvp1ar8f36-ada854zrhbscx1tue369yzroowz4neuw1b-s3alias/784a9286-bbc1-4138-b83a-0bbdce7c079c/spatial_transcriptomics/Visium/image_files/CAVG10489_2024-11-15_13-45-55_2024-11-15_13-29-40_V44F14-072_D1_CH_L_377a_vis.tif,True,19415914,True,,False,Unsupported or missing image file
CH_L_378a,CAVG10489_2024-11-19_11-16-31_2024-11-19_11-00-25_V44U10-276_D1_CH_L_378a_vis.tif,s3://pa-bjplnclqvp1ar8f36-ada854zrhbscx1tue369yzroowz4neuw1b-s3alias/784a9286-bbc1-4138-b83a-0bbdce7c079c/spatial_transcriptomics/Visium/image_files/CAVG10489_2024-11-19_11-16-31_2024-11-19_11-00-25_V44U10-276_D1_CH_L_378a_vis.tif,True,19706428,True,,False,Unsupported or missing image file
CH_L_382a,CAVG10489_2024-11-19_11-16-31_2024-11-19_11-00-25_V44U10-276_A1_CH_L_382a_vis.tif,s3://pa-bjplnclqvp1ar8f36-ada854zrhbscx1tue369yzroowz4neuw1b-s3alias/784a9286-bbc1-4138-b83a-0bbdce7c079c/spatial_transcriptomics/Visium/image_files/CAVG10489_2024-11-19_11-16-31_2024-11-19_11-00-25_V44U10-276_A1_CH_L_382a_vis.tif,True,19120760,True,,False,Unsupported or missing image file
CH_L_383a,CAVG10489_2024-11-19_12-07-10_2024-11-19_11-57-12_V44U10-304_D1_CH_L_383a_vis.tif,s3://pa-bjplnclqvp1ar8f36-ada854zrhbscx1tue369yzroowz4neuw1b-s3alias/784a9286-bbc1-4138-b83a-0bbdce7c079c/spatial_transcriptomics/Visium/image_files/CAVG10489_2024-11-19_12-07-10_2024-11-19_11-57-12_V44U10-304_D1_CH_L_383a_vis.tif,True,19004524,True,,False,Unsupported or missing image file
CH_L_384a,CAVG10489_2024-11-19_12-07-10_2024-11-19_11-57-12_V44U10-304_A1_CH_L_384a_vis.tif,s3://pa-bjplnclqvp1ar8f36-ada854zrhbscx1tue369yzroowz4neuw1b-s3alias/784a9286-bbc1-4138-b83a-0bbdce7c079c/spatial_transcriptomics/Visium/image_files/CAVG10489_2024-11-19_12-07-10_2024-11-19_11-57-12_V44U10-304_A1_CH_L_384a_vis.tif,True,19093446,True,,False,Unsupported or missing image file
CH_L_385a,CAVG10489_2024-11-19_12-59-59_2024-11-19_12-49-10_V44U10-366_D1_CH_L_385a_vis.tif,s3://pa-bjplnclqvp1ar8f36-ada854zrhbscx1tue369yzroowz4neuw1b-s3alias/784a9286-bbc1-4138-b83a-0bbdce7c079c/spatial_transcriptomics/Visium/image_files/CAVG10489_2024-11-19_12-59-59_2024-11-19_12-49-10_V44U10-366_D1_CH_L_385a_vis.tif,True,19245752,True,,False,Unsupported or missing image file
CH_L_386a,CAVG10489_2024-11-19_12-59-59_2024-11-19_12-49-10_V44U10-366_A1_CH_L_386a_vis.tif,s3://pa-bjplnclqvp1ar8f36-ada854zrhbscx1tue369yzroowz4neuw1b-s3alias/784a9286-bbc1-4138-b83a-0bbdce7c079c/spatial_transcriptomics/Visium/image_files/CAVG10489_2024-11-19_12-59-59_2024-11-19_12-49-10_V44U10-366_A1_CH_L_386a_vis.tif,True,19065308,True,,False,Unsupported or missing image file
CH_L_387a,CAVG10489_2024-11-19_13-54-11_2024-11-19_13-45-56_V44U17-312_D1_CH_L_387a_vis.tif,s3://pa-bjplnclqvp1ar8f36-ada854zrhbscx1tue369yzroowz4neuw1b-s3alias/784a9286-bbc1-4138-b83a-0bbdce7c079c/spatial_transcriptomics/Visium/image_files/CAVG10489_2024-11-19_13-54-11_2024-11-19_13-45-56_V44U17-312_D1_CH_L_387a_vis.tif,True,18933318,True,,False,Unsupported or missing image file
CH_L_388a,CAVG10489_2024-11-19_13-54-11_2024-11-19_13-45-56_V44U17-312_A1_CH_L_388a_vis.tif,s3://pa-bjplnclqvp1ar8f36-ada854zrhbscx1tue369yzroowz4neuw1b-s3alias/784a9286-bbc1-4138-b83a-0bbdce7c079c/spatial_transcriptomics/Visium/image_files/CAVG10489_2024-11-19_13-54-11_2024-11-19_13-45-56_V44U17-312_A1_CH_L_388a_vis.tif,True,18275290,True,,False,Unsupported or missing image file
CH_L_389a,CAVG10489_2024-11-22_12-56-23_2024-11-22_12-38-49_V44U19-377_D1_CH_L_389a_vis.tif,s3://pa-bjplnclqvp1ar8f36-ada854zrhbscx1tue369yzroowz4neuw1b-s3alias/784a9286-bbc1-4138-b83a-0bbdce7c079c/spatial_transcriptomics/Visium/image_files/CAVG10489_2024-11-22_12-56-23_2024-11-22_12-38-49_V44U19-377_D1_CH_L_389a_vis.tif,True,20996420,True,,False,Unsupported or missing image file
CH_L_390a,CAVG10489_2024-11-22_12-56-23_2024-11-22_12-38-49_V44U19-377_A1_CH_L_390a_vis.tif,s3://pa-bjplnclqvp1ar8f36-ada854zrhbscx1tue369yzroowz4neuw1b-s3alias/784a9286-bbc1-4138-b83a-0bbdce7c079c/spatial_transcriptomics/Visium/image_files/CAVG10489_2024-11-22_12-56-23_2024-11-22_12-38-49_V44U19-377_A1_CH_L_390a_vis.tif,True,20838116,True,,False,Unsupported or missing image file
CH_L_391a,CAVG10489_2024-11-22_13-45-50_2024-11-22_13-37-06_V44U10-337_D1_CH_L_391a_vis.tif,s3://pa-bjplnclqvp1ar8f36-ada854zrhbscx1tue369yzroowz4neuw1b-s3alias/784a9286-bbc1-4138-b83a-0bbdce7c079c/spatial_transcriptomics/Visium/image_files/CAVG10489_2024-11-22_13-45-50_2024-11-22_13-37-06_V44U10-337_D1_CH_L_391a_vis.tif,True,19412098,True,,False,Unsupported or missing image file
CH_L_392a,CAVG10489_2024-11-22_13-45-50_2024-11-22_13-37-06_V44U10-337_A1_CH_L_392a_vis.tif,s3://pa-bjplnclqvp1ar8f36-ada854zrhbscx1tue369yzroowz4neuw1b-s3alias/784a9286-bbc1-4138-b83a-0bbdce7c079c/spatial_transcriptomics/Visium/image_files/CAVG10489_2024-11-22_13-45-50_2024-11-22_13-37-06_V44U10-337_A1_CH_L_392a_vis.tif,True,18766360,True,,False,Unsupported or missing image file
CH_L_393a,CAVG10489_2024-11-26_11-02-30_2024-11-26_10-36-55_V44T19-319_D1_CH_L_393a_vis.tif,s3://pa-bjplnclqvp1ar8f36-ada854zrhbscx1tue369yzroowz4neuw1b-s3alias/784a9286-bbc1-4138-b83a-0bbdce7c079c/spatial_transcriptomics/Visium/image_files/CAVG10489_2024-11-26_11-02-30_2024-11-26_10-36-55_V44T19-319_D1_CH_L_393a_vis.tif,True,19917948,True,,False,Unsupported or missing image file
CH_L_394a,CAVG10489_2024-11-26_11-02-30_2024-11-26_10-36-55_V44T19-319_A1_CH_L_394a_vis.tif,s3://pa-bjplnclqvp1ar8f36-ada854zrhbscx1tue369yzroowz4neuw1b-s3alias/784a9286-bbc1-4138-b83a-0bbdce7c079c/spatial_transcriptomics/Visium/image_files/CAVG10489_2024-11-26_11-02-30_2024-11-26_10-36-55_V44T19-319_A1_CH_L_394a_vis.tif,True,18726620,True,,False,Unsupported or missing image file
CH_L_395a,CAVG10489_2024-11-26_11-53-20_2024-11-26_11-37-58_V44U10-399_D1_CH_L_395a_vis.tif,s3://pa-bjplnclqvp1ar8f36-ada854zrhbscx1tue369yzroowz4neuw1b-s3alias/784a9286-bbc1-4138-b83a-0bbdce7c079c/spatial_transcriptomics/Visium/image_files/CAVG10489_2024-11-26_11-53-20_2024-11-26_11-37-58_V44U10-399_D1_CH_L_395a_vis.tif,True,18830364,True,,False,Unsupported or missing image file
CH_L_396a,CAVG10489_2024-11-26_11-53-20_2024-11-26_11-37-58_V44U10-399_A1_CH_L_396a_vis.tif,s3://pa-bjplnclqvp1ar8f36-ada854zrhbscx1tue369yzroowz4neuw1b-s3alias/784a9286-bbc1-4138-b83a-0bbdce7c079c/spatial_transcriptomics/Visium/image_files/CAVG10489_2024-11-26_11-53-20_2024-11-26_11-37-58_V44U10-399_A1_CH_L_396a_vis.tif,True,18032054,True,,False,Unsupported or missing image file
CH_L_397a,CAVG10489_2024-11-29_11-47-49_2024-11-29_11-19-15_V44T19-353_D1_CH_L_397a_vis.tif,s3://pa-bjplnclqvp1ar8f36-ada854zrhbscx1tue369yzroowz4neuw1b-s3alias/784a9286-bbc1-4138-b83a-0bbdce7c079c/spatial_transcriptomics/Visium/image_files/CAVG10489_2024-11-29_11-47-49_2024-11-29_11-19-15_V44T19-353_D1_CH_L_397a_vis.tif,True,21167712,True,,False,Unsupported or missing image file
CH_L_398a,CAVG10489_2024-11-29_11-47-49_2024-11-29_11-19-15_V44T19-353_A1_CH_L_398a_vis.tif,s3://pa-bjplnclqvp1ar8f36-ada854zrhbscx1tue369yzroowz4neuw1b-s3alias/784a9286-bbc1-4138-b83a-0bbdce7c079c/spatial_transcriptomics/Visium/image_files/CAVG10489_2024-11-29_11-47-49_2024-11-29_11-19-15_V44T19-353_A1_CH_L_398a_vis.tif,True,19590198,True,,False,Unsupported or missing image file
CH_L_399a,CAVG10489_2024-11-29_12-38-50_2024-11-29_12-26-21_V44L24-369_D1_CH_L_399a_vis.tif,s3://pa-bjplnclqvp1ar8f36-ada854zrhbscx1tue369yzroowz4neuw1b-s3alias/784a9286-bbc1-4138-b83a-0bbdce7c079c/spatial_transcriptomics/Visium/image_files/CAVG10489_2024-11-29_12-38-50_2024-11-29_12-26-21_V44L24-369_D1_CH_L_399a_vis.tif,True,21630798,True,,False,Unsupported or missing image file
CH_L_400a,CAVG10489_2024-11-29_12-38-50_2024-11-29_12-26-21_V44L24-369_A1_CH_L_400a_vis.tif,s3://pa-bjplnclqvp1ar8f36-ada854zrhbscx1tue369yzroowz4neuw1b-s3alias/784a9286-bbc1-4138-b83a-0bbdce7c079c/spatial_transcriptomics/Visium/image_files/CAVG10489_2024-11-29_12-38-50_2024-11-29_12-26-21_V44L24-369_A1_CH_L_400a_vis.tif,True,18536354,True,,False,Unsupported or missing image file
CH_L_401a,CAVG10489_2024-11-29_13-29-06_2024-11-29_13-14-27_V44T19-315_D1_CH_L_401a_vis.tif,s3://pa-bjplnclqvp1ar8f36-ada854zrhbscx1tue369yzroowz4neuw1b-s3alias/784a9286-bbc1-4138-b83a-0bbdce7c079c/spatial_transcriptomics/Visium/image_files/CAVG10489_2024-11-29_13-29-06_2024-11-29_13-14-27_V44T19-315_D1_CH_L_401a_vis.tif,True,18738688,True,,False,Unsupported or missing image file
CH_L_402a,CAVG10489_2024-11-29_13-29-06_2024-11-29_13-14-27_V44T19-315_A1_CH_L_402a_vis.tif,s3://pa-bjplnclqvp1ar8f36-ada854zrhbscx1tue369yzroowz4neuw1b-s3alias/784a9286-bbc1-4138-b83a-0bbdce7c079c/spatial_transcriptomics/Visium/image_files/CAVG10489_2024-11-29_13-29-06_2024-11-29_13-14-27_V44T19-315_A1_CH_L_402a_vis.tif,True,18374446,True,,False,Unsupported or missing image file
CH_L_403a,CAVG10489_2024-11-29_14-20-03_2024-11-29_14-10-42_V44T20-384_D1_CH_L_403a_vis.tif,s3://pa-bjplnclqvp1ar8f36-ada854zrhbscx1tue369yzroowz4neuw1b-s3alias/784a9286-bbc1-4138-b83a-0bbdce7c079c/spatial_transcriptomics/Visium/image_files/CAVG10489_2024-11-29_14-20-03_2024-11-29_14-10-42_V44T20-384_D1_CH_L_403a_vis.tif,True,24131604,True,,False,Unsupported or missing image file
CH_L_405a,CAVG10489_2024-12-03_11-32-56_2024-12-03_11-24-01_V44A01-325_A1_CH_L_405a_vis.tif,s3://pa-bjplnclqvp1ar8f36-ada854zrhbscx1tue369yzroowz4neuw1b-s3alias/784a9286-bbc1-4138-b83a-0bbdce7c079c/spatial_transcriptomics/Visium/image_files/CAVG10489_2024-12-03_11-32-56_2024-12-03_11-24-01_V44A01-325_A1_CH_L_405a_vis.tif,True,19725244,True,,False,Unsupported or missing image file
CH_L_406a,CAVG10489_2024-12-03_12-18-57_2024-12-03_12-09-42_V44A03-375_D1_CH_L_406a_vis.tif,s3://pa-bjplnclqvp1ar8f36-ada854zrhbscx1tue369yzroowz4neuw1b-s3alias/784a9286-bbc1-4138-b83a-0bbdce7c079c/spatial_transcriptomics/Visium/image_files/CAVG10489_2024-12-03_12-18-57_2024-12-03_12-09-42_V44A03-375_D1_CH_L_406a_vis.tif,True,27155090,True,,False,Unsupported or missing image file
CH_L_407a,CAVG10489_2024-12-03_12-18-57_2024-12-03_12-09-42_V44A03-375_A1_CH_L_407a_vis.tif,s3://pa-bjplnclqvp1ar8f36-ada854zrhbscx1tue369yzroowz4neuw1b-s3alias/784a9286-bbc1-4138-b83a-0bbdce7c079c/spatial_transcriptomics/Visium/image_files/CAVG10489_2024-12-03_12-18-57_2024-12-03_12-09-42_V44A03-375_A1_CH_L_407a_vis.tif,True,18927892,True,,False,Unsupported or missing image file
CH_L_409a,CAVG10489_2024-12-03_13-05-11_2024-12-03_12-54-07_V44A01-345_D1_CH_L_409a_vis.tif,s3://pa-bjplnclqvp1ar8f36-ada854zrhbscx1tue369yzroowz4neuw1b-s3alias/784a9286-bbc1-4138-b83a-0bbdce7c079c/spatial_transcriptomics/Visium/image_files/CAVG10489_2024-12-03_13-05-11_2024-12-03_12-54-07_V44A01-345_D1_CH_L_409a_vis.tif,True,23889438,True,,False,Unsupported or missing image file
CH_L_410a,CAVG10489_2024-12-03_13-05-11_2024-12-03_12-54-07_V44A01-345_A1_CH_L_410a_vis.tif,s3://pa-bjplnclqvp1ar8f36-ada854zrhbscx1tue369yzroowz4neuw1b-s3alias/784a9286-bbc1-4138-b83a-0bbdce7c079c/spatial_transcriptomics/Visium/image_files/CAVG10489_2024-12-03_13-05-11_2024-12-03_12-54-07_V44A01-345_A1_CH_L_410a_vis.tif,True,17768736,True,,False,Unsupported or missing image file
CH_L_410b,CAVG10489_2024-12-03_13-51-43_2024-12-03_13-39-51_V44A03-298_D1_CH_L_410b_vis.tif,s3://pa-bjplnclqvp1ar8f36-ada854zrhbscx1tue369yzroowz4neuw1b-s3alias/784a9286-bbc1-4138-b83a-0bbdce7c079c/spatial_transcriptomics/Visium/image_files/CAVG10489_2024-12-03_13-51-43_2024-12-03_13-39-51_V44A03-298_D1_CH_L_410b_vis.tif,True,24506190,True,,False,Unsupported or missing image file
CH_L_411a,CAVG10489_2024-12-03_13-51-43_2024-12-03_13-39-51_V44A03-298_A1_CH_L_411a_vis.tif,s3://pa-bjplnclqvp1ar8f36-ada854zrhbscx1tue369yzroowz4neuw1b-s3alias/784a9286-bbc1-4138-b83a-0bbdce7c079c/spatial_transcriptomics/Visium/image_files/CAVG10489_2024-12-03_13-51-43_2024-12-03_13-39-51_V44A03-298_A1_CH_L_411a_vis.tif,True,22294460,True,,False,Unsupported or missing image file
CH_L_412a,CAVG10489_2024-12-06_11-48-06_2024-12-06_11-23-45_V44A03-348_D1_CH_L_412a_vis.tif,s3://pa-bjplnclqvp1ar8f36-ada854zrhbscx1tue369yzroowz4neuw1b-s3alias/784a9286-bbc1-4138-b83a-0bbdce7c079c/spatial_transcriptomics/Visium/image_files/CAVG10489_2024-12-06_11-48-06_2024-12-06_11-23-45_V44A03-348_D1_CH_L_412a_vis.tif,True,27006152,True,,False,Unsupported or missing image file
CH_L_413a,CAVG10489_2024-12-06_11-48-06_2024-12-06_11-23-45_V44A03-348_A1_CH_L_413a_vis.tif,s3://pa-bjplnclqvp1ar8f36-ada854zrhbscx1tue369yzroowz4neuw1b-s3alias/784a9286-bbc1-4138-b83a-0bbdce7c079c/spatial_transcriptomics/Visium/image_files/CAVG10489_2024-12-06_11-48-06_2024-12-06_11-23-45_V44A03-348_A1_CH_L_413a_vis.tif,True,26151762,True,,False,Unsupported or missing image file
CH_L_414a,CAVG10489_2024-12-10_15-37-13_2024-12-10_15-23-28_V44T20-359_A1_CH_L_414a_vis.tif,s3://pa-bjplnclqvp1ar8f36-ada854zrhbscx1tue369yzroowz4neuw1b-s3alias/784a9286-bbc1-4138-b83a-0bbdce7c079c/spatial_transcriptomics/Visium/image_files/CAVG10489_2024-12-10_15-37-13_2024-12-10_15-23-28_V44T20-359_A1_CH_L_414a_vis.tif,True,19174842,True,,False,Unsupported or missing image file
CH_L_414b,CAVG10489_2024-12-11_10-21-45_2024-12-11_10-05-57_V44T19-367_D1_CH_L_414b_vis.tif,s3://pa-bjplnclqvp1ar8f36-ada854zrhbscx1tue369yzroowz4neuw1b-s3alias/784a9286-bbc1-4138-b83a-0bbdce7c079c/spatial_transcriptomics/Visium/image_files/CAVG10489_2024-12-11_10-21-45_2024-12-11_10-05-57_V44T19-367_D1_CH_L_414b_vis.tif,True,25438646,True,,False,Unsupported or missing image file
CH_L_414c,CAVG10489_2024-12-11_10-21-45_2024-12-11_10-05-57_V44T19-367_A1_CH_L_414c_vis.tif,s3://pa-bjplnclqvp1ar8f36-ada854zrhbscx1tue369yzroowz4neuw1b-s3alias/784a9286-bbc1-4138-b83a-0bbdce7c079c/spatial_transcriptomics/Visium/image_files/CAVG10489_2024-12-11_10-21-45_2024-12-11_10-05-57_V44T19-367_A1_CH_L_414c_vis.tif,True,26213810,True,,False,Unsupported or missing image file
CH_L_415a,CAVG10489_2024-12-11_11-06-22_2024-12-11_10-57-13_V44T19-362_D1_CH_L_415a_vis.tif,s3://pa-bjplnclqvp1ar8f36-ada854zrhbscx1tue369yzroowz4neuw1b-s3alias/784a9286-bbc1-4138-b83a-0bbdce7c079c/spatial_transcriptomics/Visium/image_files/CAVG10489_2024-12-11_11-06-22_2024-12-11_10-57-13_V44T19-362_D1_CH_L_415a_vis.tif,True,27044634,True,,False,Unsupported or missing image file
CH_L_416a,CAVG10489_2024-12-11_11-06-22_2024-12-11_10-57-13_V44T19-362_A1_CH_L_416a_vis.tif,s3://pa-bjplnclqvp1ar8f36-ada854zrhbscx1tue369yzroowz4neuw1b-s3alias/784a9286-bbc1-4138-b83a-0bbdce7c079c/spatial_transcriptomics/Visium/image_files/CAVG10489_2024-12-11_11-06-22_2024-12-11_10-57-13_V44T19-362_A1_CH_L_416a_vis.tif,True,25336018,True,,False,Unsupported or missing image file
CH_L_417a,CAVG10489_2024-12-06_12-38-56_2024-12-06_12-28-11_V44A01-349_D1_CH_L_417a_vis.tif,s3://pa-bjplnclqvp1ar8f36-ada854zrhbscx1tue369yzroowz4neuw1b-s3alias/784a9286-bbc1-4138-b83a-0bbdce7c079c/spatial_transcriptomics/Visium/image_files/CAVG10489_2024-12-06_12-38-56_2024-12-06_12-28-11_V44A01-349_D1_CH_L_417a_vis.tif,True,27871990,True,,False,Unsupported or missing image file
CH_L_418a,CAVG10489_2024-12-06_12-38-56_2024-12-06_12-28-11_V44A01-349_A1_CH_L_418a_vis.tif,s3://pa-bjplnclqvp1ar8f36-ada854zrhbscx1tue369yzroowz4neuw1b-s3alias/784a9286-bbc1-4138-b83a-0bbdce7c079c/spatial_transcriptomics/Visium/image_files/CAVG10489_2024-12-06_12-38-56_2024-12-06_12-28-11_V44A01-349_A1_CH_L_418a_vis.tif,True,23254006,True,,False,Unsupported or missing image file
CH_L_419a,CAVG10489_2024-12-13_11-50-05_2024-12-13_11-33-30_V44T12-331_D1_CH_L_419a_vis.tif,s3://pa-bjplnclqvp1ar8f36-ada854zrhbscx1tue369yzroowz4neuw1b-s3alias/784a9286-bbc1-4138-b83a-0bbdce7c079c/spatial_transcriptomics/Visium/image_files/CAVG10489_2024-12-13_11-50-05_2024-12-13_11-33-30_V44T12-331_D1_CH_L_419a_vis.tif,True,26582810,True,,False,Unsupported or missing image file
CH_L_420a,CAVG10489_2024-12-17_12-44-54_2024-12-17_12-05-13_V44T13-300_D1_CH_L_420a_vis.tif,s3://pa-bjplnclqvp1ar8f36-ada854zrhbscx1tue369yzroowz4neuw1b-s3alias/784a9286-bbc1-4138-b83a-0bbdce7c079c/spatial_transcriptomics/Visium/image_files/CAVG10489_2024-12-17_12-44-54_2024-12-17_12-05-13_V44T13-300_D1_CH_L_420a_vis.tif,True,20178966,True,,False,Unsupported or missing image file
CH_L_420b,CAVG10489_2024-12-13_11-50-05_2024-12-13_11-33-30_V44T12-331_A1_CH_L_420b_vis.tif,s3://pa-bjplnclqvp1ar8f36-ada854zrhbscx1tue369yzroowz4neuw1b-s3alias/784a9286-bbc1-4138-b83a-0bbdce7c079c/spatial_transcriptomics/Visium/image_files/CAVG10489_2024-12-13_11-50-05_2024-12-13_11-33-30_V44T12-331_A1_CH_L_420b_vis.tif,True,29386238,True,,False,Unsupported or missing image file
CH_L_421a,CAVG10489_2024-12-17_12-44-54_2024-12-17_12-05-13_V44T13-300_A1_CH_L_421a_vis.tif,s3://pa-bjplnclqvp1ar8f36-ada854zrhbscx1tue369yzroowz4neuw1b-s3alias/784a9286-bbc1-4138-b83a-0bbdce7c079c/spatial_transcriptomics/Visium/image_files/CAVG10489_2024-12-17_12-44-54_2024-12-17_12-05-13_V44T13-300_A1_CH_L_421a_vis.tif,True,20505878,True,,False,Unsupported or missing image file
CH_L_421b,CAVG10489_2024-12-13_12-40-40_2024-12-13_12-25-49_V44L24-370_D1_CH_L_421b_vis.tif,s3://pa-bjplnclqvp1ar8f36-ada854zrhbscx1tue369yzroowz4neuw1b-s3alias/784a9286-bbc1-4138-b83a-0bbdce7c079c/spatial_transcriptomics/Visium/image_files/CAVG10489_2024-12-13_12-40-40_2024-12-13_12-25-49_V44L24-370_D1_CH_L_421b_vis.tif,True,28253022,True,,False,Unsupported or missing image file
CH_L_422a,CAVG10489_2024-12-13_12-40-40_2024-12-13_12-25-49_V44L24-370_A1_CH_L_422a_vis.tif,s3://pa-bjplnclqvp1ar8f36-ada854zrhbscx1tue369yzroowz4neuw1b-s3alias/784a9286-bbc1-4138-b83a-0bbdce7c079c/spatial_transcriptomics/Visium/image_files/CAVG10489_2024-12-13_12-40-40_2024-12-13_12-25-49_V44L24-370_A1_CH_L_422a_vis.tif,True,25297896,True,,False,Unsupported or missing image file
CH_L_423a,CAVG10489_2024-12-17_13-32-41_2024-12-17_13-20-44_V44T20-289_D1_CH_L_423a_vis.tif,s3://pa-bjplnclqvp1ar8f36-ada854zrhbscx1tue369yzroowz4neuw1b-s3alias/784a9286-bbc1-4138-b83a-0bbdce7c079c/spatial_transcriptomics/Visium/image_files/CAVG10489_2024-12-17_13-32-41_2024-12-17_13-20-44_V44T20-289_D1_CH_L_423a_vis.tif,True,27148162,True,,False,Unsupported or missing image file
CH_L_424a,CAVG10489_2024-12-17_13-32-41_2024-12-17_13-20-44_V44T20-289_A1_CH_L_424a_vis.tif,s3://pa-bjplnclqvp1ar8f36-ada854zrhbscx1tue369yzroowz4neuw1b-s3alias/784a9286-bbc1-4138-b83a-0bbdce7c079c/spatial_transcriptomics/Visium/image_files/CAVG10489_2024-12-17_13-32-41_2024-12-17_13-20-44_V44T20-289_A1_CH_L_424a_vis.tif,True,25199542,True,,False,Unsupported or missing image file
CH_L_425a,CAVG10489_2024-12-17_14-28-01_2024-12-17_14-20-31_V44T19-323_D1_CH_L_425a_vis.tif,s3://pa-bjplnclqvp1ar8f36-ada854zrhbscx1tue369yzroowz4neuw1b-s3alias/784a9286-bbc1-4138-b83a-0bbdce7c079c/spatial_transcriptomics/Visium/image_files/CAVG10489_2024-12-17_14-28-01_2024-12-17_14-20-31_V44T19-323_D1_CH_L_425a_vis.tif,True,28951982,True,,False,Unsupported or missing image file
CH_L_426a,CAVG10489_2024-12-17_14-28-01_2024-12-17_14-20-31_V44T19-323_A1_CH_L_426a_vis.tif,s3://pa-bjplnclqvp1ar8f36-ada854zrhbscx1tue369yzroowz4neuw1b-s3alias/784a9286-bbc1-4138-b83a-0bbdce7c079c/spatial_transcriptomics/Visium/image_files/CAVG10489_2024-12-17_14-28-01_2024-12-17_14-20-31_V44T19-323_A1_CH_L_426a_vis.tif,True,29027664,True,,False,Unsupported or missing image file
CH_L_427a,CAVG10489_2024-12-17_15-16-15_2024-12-17_15-08-01_V44T20-320_D1_CH_L_427a_vis.tif,s3://pa-bjplnclqvp1ar8f36-ada854zrhbscx1tue369yzroowz4neuw1b-s3alias/784a9286-bbc1-4138-b83a-0bbdce7c079c/spatial_transcriptomics/Visium/image_files/CAVG10489_2024-12-17_15-16-15_2024-12-17_15-08-01_V44T20-320_D1_CH_L_427a_vis.tif,True,27277074,True,,False,Unsupported or missing image file
CH_L_428a,CAVG10489_2024-12-17_15-16-15_2024-12-17_15-08-01_V44T20-320_A1_CH_L_428a_vis.tif,s3://pa-bjplnclqvp1ar8f36-ada854zrhbscx1tue369yzroowz4neuw1b-s3alias/784a9286-bbc1-4138-b83a-0bbdce7c079c/spatial_transcriptomics/Visium/image_files/CAVG10489_2024-12-17_15-16-15_2024-12-17_15-08-01_V44T20-320_A1_CH_L_428a_vis.tif,True,28367028,True,,False,Unsupported or missing image file
CH_L_429a,CAVG10489_2024-12-20_11-21-34_2024-12-20_11-07-00_V44T19-305_D1_CH_L_429a_vis.tif,s3://pa-bjplnclqvp1ar8f36-ada854zrhbscx1tue369yzroowz4neuw1b-s3alias/784a9286-bbc1-4138-b83a-0bbdce7c079c/spatial_transcriptomics/Visium/image_files/CAVG10489_2024-12-20_11-21-34_2024-12-20_11-07-00_V44T19-305_D1_CH_L_429a_vis.tif,True,28126388,True,,False,Unsupported or missing image file
CH_L_430a,CAVG10489_2024-12-20_11-21-34_2024-12-20_11-07-00_V44T19-305_A1_CH_L_430a_vis.tif,s3://pa-bjplnclqvp1ar8f36-ada854zrhbscx1tue369yzroowz4neuw1b-s3alias/784a9286-bbc1-4138-b83a-0bbdce7c079c/spatial_transcriptomics/Visium/image_files/CAVG10489_2024-12-20_11-21-34_2024-12-20_11-07-00_V44T19-305_A1_CH_L_430a_vis.tif,True,25490326,True,,False,Unsupported or missing image file
CH_L_431a,CAVG10489_2024-12-20_12-11-40_2024-12-20_11-57-23_V44T12-358_D1_CH_L_431a_vis.tif,s3://pa-bjplnclqvp1ar8f36-ada854zrhbscx1tue369yzroowz4neuw1b-s3alias/784a9286-bbc1-4138-b83a-0bbdce7c079c/spatial_transcriptomics/Visium/image_files/CAVG10489_2024-12-20_12-11-40_2024-12-20_11-57-23_V44T12-358_D1_CH_L_431a_vis.tif,True,23965880,True,,False,Unsupported or missing image file
CH_L_432a,CAVG10489_2024-12-20_12-11-40_2024-12-20_11-57-23_V44T12-358_A1_CH_L_432a_vis.tif,s3://pa-bjplnclqvp1ar8f36-ada854zrhbscx1tue369yzroowz4neuw1b-s3alias/784a9286-bbc1-4138-b83a-0bbdce7c079c/spatial_transcriptomics/Visium/image_files/CAVG10489_2024-12-20_12-11-40_2024-12-20_11-57-23_V44T12-358_A1_CH_L_432a_vis.tif,True,22791942,True,,False,Unsupported or missing image file
CH_L_433a,CAVG10489_2024-12-31_09-37-50_2024-12-31_09-13-04_V44U10-301_D1_CH_L_433a_vis.tif,s3://pa-bjplnclqvp1ar8f36-ada854zrhbscx1tue369yzroowz4neuw1b-s3alias/784a9286-bbc1-4138-b83a-0bbdce7c079c/spatial_transcriptomics/Visium/image_files/CAVG10489_2024-12-31_09-37-50_2024-12-31_09-13-04_V44U10-301_D1_CH_L_433a_vis.tif,True,29061106,True,,False,Unsupported or missing image file
CH_L_437a,CAVG10489_2024-12-31_09-37-50_2024-12-31_09-13-04_V44U10-301_A1_CH_L_437a_vis.tif,s3://pa-bjplnclqvp1ar8f36-ada854zrhbscx1tue369yzroowz4neuw1b-s3alias/784a9286-bbc1-4138-b83a-0bbdce7c079c/spatial_transcriptomics/Visium/image_files/CAVG10489_2024-12-31_09-37-50_2024-12-31_09-13-04_V44U10-301_A1_CH_L_437a_vis.tif,True,20780544,True,,False,Unsupported or missing image file
CH_L_437b,CAVG10489_2024-12-31_10-21-40_2024-12-31_10-11-56_V44U10-303_D1_CH_L_437b_vis.tif,s3://pa-bjplnclqvp1ar8f36-ada854zrhbscx1tue369yzroowz4neuw1b-s3alias/784a9286-bbc1-4138-b83a-0bbdce7c079c/spatial_transcriptomics/Visium/image_files/CAVG10489_2024-12-31_10-21-40_2024-12-31_10-11-56_V44U10-303_D1_CH_L_437b_vis.tif,True,26092572,True,,False,Unsupported or missing image file
CH_L_438a,CAVG10489_2024-12-31_10-21-40_2024-12-31_10-11-56_V44U10-303_A1_CH_L_438a_vis.tif,s3://pa-bjplnclqvp1ar8f36-ada854zrhbscx1tue369yzroowz4neuw1b-s3alias/784a9286-bbc1-4138-b83a-0bbdce7c079c/spatial_transcriptomics/Visium/image_files/CAVG10489_2024-12-31_10-21-40_2024-12-31_10-11-56_V44U10-303_A1_CH_L_438a_vis.tif,True,27176704,True,,False,Unsupported or missing image file
CH_L_439a,CAVG10489_2024-12-31_11-03-51_2024-12-31_10-56-09_V44U10-395_D1_CH_L_439a_vis.tif,s3://pa-bjplnclqvp1ar8f36-ada854zrhbscx1tue369yzroowz4neuw1b-s3alias/784a9286-bbc1-4138-b83a-0bbdce7c079c/spatial_transcriptomics/Visium/image_files/CAVG10489_2024-12-31_11-03-51_2024-12-31_10-56-09_V44U10-395_D1_CH_L_439a_vis.tif,True,26401576,True,,False,Unsupported or missing image file
CH_L_439b,CAVG10489_2024-12-31_11-03-51_2024-12-31_10-56-09_V44U10-395_A1_CH_L_439b_vis.tif,s3://pa-bjplnclqvp1ar8f36-ada854zrhbscx1tue369yzroowz4neuw1b-s3alias/784a9286-bbc1-4138-b83a-0bbdce7c079c/spatial_transcriptomics/Visium/image_files/CAVG10489_2024-12-31_11-03-51_2024-12-31_10-56-09_V44U10-395_A1_CH_L_439b_vis.tif,True,24354210,True,,False,Unsupported or missing image file
CH_L_440a,CAVG10489_2024-12-31_11-45-28_2024-12-31_11-38-15_V44M27-377_D1_CH_L_440a_vis.tif,s3://pa-bjplnclqvp1ar8f36-ada854zrhbscx1tue369yzroowz4neuw1b-s3alias/784a9286-bbc1-4138-b83a-0bbdce7c079c/spatial_transcriptomics/Visium/image_files/CAVG10489_2024-12-31_11-45-28_2024-12-31_11-38-15_V44M27-377_D1_CH_L_440a_vis.tif,True,29319088,True,,False,Unsupported or missing image file
CH_L_442a,CAVG10489_2024-12-31_11-45-28_2024-12-31_11-38-15_V44M27-377_A1_CH_L_442a_vis.tif,s3://pa-bjplnclqvp1ar8f36-ada854zrhbscx1tue369yzroowz4neuw1b-s3alias/784a9286-bbc1-4138-b83a-0bbdce7c079c/spatial_transcriptomics/Visium/image_files/CAVG10489_2024-12-31_11-45-28_2024-12-31_11-38-15_V44M27-377_A1_CH_L_442a_vis.tif,True,29053594,True,,False,Unsupported or missing image file
