patient_id,slide_width,slide_height,um_per_px,tile_size_px,n_tiles_processed,n_tiles_written,n_tiles_with_out_of_bounds,n_patches_out_of_bounds
CH_L_275a,73901,44111,0.5251273433807698,1904,40,40,0,0
CH_L_276a,54408,43611,0.5251273433807698,1904,38,38,0,0
CH_L_277a,30715,24917,0.5251273433807698,1904,21,21,0,0
CH_L_278a,58007,44111,0.5251273433807698,1904,28,28,0,0
CH_L_279a,54408,43111,0.5251273433807698,1904,22,22,0,0
CH_L_280a,38113,37613,0.5251273433807698,1904,47,47,0,0
CH_L_281a,72902,44111,0.5251273433807698,1904,27,27,0,0
CH_L_281b,21318,29016,0.5250997689561017,1904,40,39,0,0
CH_L_282a,48210,44111,0.5251273433807698,1904,30,30,0,0
CH_L_283a,56207,41712,0.5251273433807698,1904,44,44,0,0
CH_L_284a,47710,34314,0.5251273433807698,1904,27,27,0,0
CH_L_285a,43011,39513,0.5251273433807698,1904,33,33,0,0
CH_L_287a,67004,44111,0.5251273433807698,1904,33,33,0,0
CH_L_288a,32515,32615,0.5250997689561017,1904,35,35,0,0
CH_L_289a,52200,42176,0.5056122964910507,1978,43,43,0,0
CH_L_290a,60806,44111,0.5251273433807698,1904,27,27,0,0
CH_L_291a,54808,43911,0.5251273433807698,1904,42,42,0,0
CH_L_292a,56973,40176,0.5242189138184106,1908,45,44,0,0
CH_L_293a,53901,39459,0.5242189138184106,1908,44,44,0,0
CH_L_294a,57997,43863,0.5242189138184106,1908,42,42,0,0
CH_L_295a,60353,38639,0.5242189138184106,1908,35,35,0,0
CH_L_296a,39971,35464,0.5242189138184106,1908,38,38,0,0
CH_L_299a,34952,37103,0.5242189138184106,1908,32,32,0,0
CH_L_300a,53388,40483,0.5242189138184106,1908,13,13,0,0
CH_L_301a,62094,33928,0.5242189138184106,1908,32,32,0,0
CH_L_302a,57793,39766,0.5242189138184106,1908,46,46,0,0
CH_L_303a,61787,42634,0.5242189138184106,1908,35,35,0,0
CH_L_305a,80326,44478,0.5242189138184106,1908,47,47,0,0
CH_L_306a,77663,40073,0.5242189138184106,1908,14,11,0,0
CH_L_306b,69469,42224,0.5242189138184106,1908,37,37,0,0
CH_L_307a,69981,39869,0.5242189138184106,1908,33,33,0,0
CH_L_308a,67625,37513,0.5242189138184106,1908,35,35,0,0
CH_L_309a,54003,40278,0.5242189138184106,1908,48,48,0,0
CH_L_310a,60660,39152,0.5242189138184106,1908,25,25,0,0
CH_L_311a,62189,44154,0.5258729490954985,1902,44,44,0,0
CH_L_312a,41233,35792,0.5258729490954985,1902,30,30,0,0
CH_L_313a,35288,38412,0.5258729490954985,1902,13,13,0,0
CH_L_314a,69141,39822,0.5258729490954985,1902,32,32,0,0
CH_L_315a,43449,37908,0.5258729490954985,1902,42,41,0,0
CH_L_317a,46270,35691,0.5258729490954985,1902,44,44,0,0
CH_L_318a,82440,40024,0.5258452963138245,1902,47,47,0,0
CH_L_319a,59066,41736,0.5258729490954985,1902,35,35,0,0
CH_L_320a,46472,33576,0.5258452963138245,1902,40,39,0,0
CH_L_321a,53726,40225,0.5258729490954985,1902,43,43,0,0
CH_L_322a,51207,44154,0.5258729490954985,1902,41,41,0,0
CH_L_323a,36598,33676,0.5258729490954985,1902,47,47,0,0
CH_L_326a,60678,41535,0.5258452963138245,1902,43,43,0,0
CH_L_327a,53625,38512,0.5258729490954985,1902,44,44,0,0
CH_L_328a,54935,44154,0.5258729490954985,1902,45,45,0,0
CH_L_329a,48627,40730,0.5253480430785396,1904,33,33,0,0
CH_L_333a,40628,37186,0.5253480430785396,1904,16,16,0,0
CH_L_334a,47412,33541,0.5253480430785396,1904,40,40,0,0
CH_L_335a,39413,25643,0.5253480430785396,1904,12,12,0,0
CH_L_336a,57031,43868,0.5253480430785396,1904,28,28,0,0
CH_L_337a,68035,41815,0.5242189138184106,1908,27,27,0,0
CH_L_338a,69674,44478,0.5242189138184106,1908,31,31,0,0
CH_L_339a,35259,39254,0.5242189138184106,1908,28,28,0,0
