patient_id,tile_id,x0,y0,n_positions,n_out_of_bounds,n_read_error,n_low_tissue,n_patches_used,embedding_written
CH_L_275a,10-14,26656,19040,81,0,0,0,81,True
CH_L_275a,10-15,28560,19040,81,0,0,0,81,True
CH_L_275a,10-16,30464,19040,81,0,0,0,81,True
CH_L_275a,10-17,32368,19040,81,0,0,0,81,True
CH_L_275a,10-18,34272,19040,81,0,0,0,81,True
CH_L_275a,10-19,36176,19040,81,0,0,0,81,True
CH_L_275a,10-20,38080,19040,81,0,0,0,81,True
CH_L_275a,11-14,26656,20944,81,0,0,0,81,True
CH_L_275a,11-15,28560,20944,81,0,0,0,81,True
CH_L_275a,11-16,30464,20944,81,0,0,0,81,True
CH_L_275a,11-17,32368,20944,81,0,0,0,81,True
CH_L_275a,11-18,34272,20944,81,0,0,0,81,True
CH_L_275a,11-19,36176,20944,81,0,0,1,80,True
CH_L_275a,11-20,38080,20944,81,0,0,0,81,True
CH_L_275a,12-14,26656,22848,81,0,0,5,76,True
CH_L_275a,12-15,28560,22848,81,0,0,0,81,True
CH_L_275a,12-16,30464,22848,81,0,0,0,81,True
CH_L_275a,12-17,32368,22848,81,0,0,3,78,True
CH_L_275a,12-18,34272,22848,81,0,0,1,80,True
CH_L_275a,12-19,36176,22848,81,0,0,1,80,True
CH_L_275a,12-20,38080,22848,81,0,0,5,76,True
CH_L_275a,13-14,26656,24752,81,0,0,20,61,True
CH_L_275a,13-15,28560,24752,81,0,0,22,59,True
CH_L_275a,13-16,30464,24752,81,0,0,10,71,True
CH_L_275a,13-17,32368,24752,81,0,0,0,81,True
CH_L_275a,13-18,34272,24752,81,0,0,17,64,True
CH_L_275a,13-19,36176,24752,81,0,0,2,79,True
CH_L_275a,13-20,38080,24752,81,0,0,0,81,True
CH_L_275a,14-16,30464,26656,81,0,0,27,54,True
CH_L_275a,8-14,26656,15232,81,0,0,55,26,True
CH_L_275a,8-15,28560,15232,81,0,0,49,32,True
CH_L_275a,8-16,30464,15232,81,0,0,38,43,True
CH_L_275a,8-17,32368,15232,81,0,0,30,51,True
CH_L_275a,8-18,34272,15232,81,0,0,7,74,True
CH_L_275a,9-14,26656,17136,81,0,0,0,81,True
CH_L_275a,9-15,28560,17136,81,0,0,0,81,True
CH_L_275a,9-16,30464,17136,81,0,0,0,81,True
CH_L_275a,9-17,32368,17136,81,0,0,0,81,True
CH_L_275a,9-18,34272,17136,81,0,0,1,80,True
CH_L_275a,9-20,38080,17136,81,0,0,13,68,True
CH_L_276a,10-10,19040,19040,81,0,0,0,81,True
CH_L_276a,10-12,22848,19040,81,0,0,0,81,True
CH_L_276a,10-13,24752,19040,81,0,0,0,81,True
CH_L_276a,10-14,26656,19040,81,0,0,0,81,True
CH_L_276a,10-15,28560,19040,81,0,0,0,81,True
CH_L_276a,10-16,30464,19040,81,0,0,0,81,True
CH_L_276a,11-10,19040,20944,81,0,0,0,81,True
CH_L_276a,11-13,24752,20944,81,0,0,0,81,True
CH_L_276a,11-14,26656,20944,81,0,0,0,81,True
CH_L_276a,11-15,28560,20944,81,0,0,0,81,True
CH_L_276a,11-16,30464,20944,81,0,0,0,81,True
CH_L_276a,12-11,20944,22848,81,0,0,0,81,True
CH_L_276a,12-13,24752,22848,81,0,0,0,81,True
CH_L_276a,12-14,26656,22848,81,0,0,0,81,True
CH_L_276a,12-15,28560,22848,81,0,0,0,81,True
CH_L_276a,12-16,30464,22848,81,0,0,0,81,True
CH_L_276a,13-11,20944,24752,81,0,0,0,81,True
CH_L_276a,13-13,24752,24752,81,0,0,0,81,True
CH_L_276a,13-14,26656,24752,81,0,0,0,81,True
CH_L_276a,13-15,28560,24752,81,0,0,0,81,True
CH_L_276a,13-16,30464,24752,81,0,0,0,81,True
CH_L_276a,7-11,20944,13328,81,0,0,5,76,True
CH_L_276a,7-12,22848,13328,81,0,0,1,80,True
CH_L_276a,7-13,24752,13328,81,0,0,5,76,True
CH_L_276a,7-14,26656,13328,81,0,0,9,72,True
CH_L_276a,7-15,28560,13328,81,0,0,24,57,True
CH_L_276a,8-10,19040,15232,81,0,0,0,81,True
CH_L_276a,8-11,20944,15232,81,0,0,0,81,True
CH_L_276a,8-12,22848,15232,81,0,0,0,81,True
CH_L_276a,8-13,24752,15232,81,0,0,0,81,True
CH_L_276a,8-14,26656,15232,81,0,0,0,81,True
CH_L_276a,8-15,28560,15232,81,0,0,0,81,True
CH_L_276a,9-10,19040,17136,81,0,0,0,81,True
CH_L_276a,9-11,20944,17136,81,0,0,0,81,True
CH_L_276a,9-12,22848,17136,81,0,0,0,81,True
CH_L_276a,9-13,24752,17136,81,0,0,0,81,True
CH_L_276a,9-14,26656,17136,81,0,0,0,81,True
CH_L_276a,9-15,28560,17136,81,0,0,0,81,True
CH_L_277a,2-12,22848,3808,81,0,0,58,23,True
CH_L_277a,2-13,24752,3808,81,0,0,35,46,True
CH_L_277a,3-10,19040,5712,81,0,0,44,37,True
CH_L_277a,3-11,20944,5712,81,0,0,2,79,True
CH_L_277a,3-12,22848,5712,81,0,0,1,80,True
CH_L_277a,3-13,24752,5712,81,0,0,16,65,True
CH_L_277a,3-9,17136,5712,81,0,0,76,5,True
CH_L_277a,4-10,19040,7616,81,0,0,1,80,True
CH_L_277a,4-11,20944,7616,81,0,0,9,72,True
CH_L_277a,4-12,22848,7616,81,0,0,7,74,True
CH_L_277a,4-8,15232,7616,81,0,0,57,24,True
CH_L_277a,4-9,17136,7616,81,0,0,23,58,True
CH_L_277a,5-10,19040,9520,81,0,0,0,81,True
CH_L_277a,5-11,20944,9520,81,0,0,3,78,True
CH_L_277a,5-12,22848,9520,81,0,0,41,40,True
CH_L_277a,5-8,15232,9520,81,0,0,28,53,True
CH_L_277a,5-9,17136,9520,81,0,0,4,77,True
CH_L_277a,6-10,19040,11424,81,0,0,16,65,True
CH_L_277a,6-8,15232,11424,81,0,0,14,67,True
CH_L_277a,6-9,17136,11424,81,0,0,19,62,True
CH_L_277a,7-8,15232,13328,81,0,0,16,65,True
CH_L_278a,10-13,24752,19040,81,0,0,1,80,True
CH_L_278a,10-14,26656,19040,81,0,0,0,81,True
CH_L_278a,10-15,28560,19040,81,0,0,9,72,True
CH_L_278a,10-16,30464,19040,81,0,0,6,75,True
CH_L_278a,10-17,32368,19040,81,0,0,12,69,True
CH_L_278a,10-18,34272,19040,81,0,0,10,71,True
CH_L_278a,11-13,24752,20944,81,0,0,0,81,True
CH_L_278a,11-14,26656,20944,81,0,0,0,81,True
CH_L_278a,11-15,28560,20944,81,0,0,1,80,True
CH_L_278a,11-16,30464,20944,81,0,0,0,81,True
CH_L_278a,11-17,32368,20944,81,0,0,16,65,True
CH_L_278a,11-18,34272,20944,81,0,0,32,49,True
CH_L_278a,12-13,24752,22848,81,0,0,4,77,True
CH_L_278a,12-14,26656,22848,81,0,0,0,81,True
CH_L_278a,12-15,28560,22848,81,0,0,17,64,True
CH_L_278a,12-16,30464,22848,81,0,0,6,75,True
CH_L_278a,13-13,24752,24752,81,0,0,0,81,True
CH_L_278a,13-14,26656,24752,81,0,0,0,81,True
CH_L_278a,7-12,22848,13328,81,0,0,0,81,True
CH_L_278a,7-13,24752,13328,81,0,0,0,81,True
CH_L_278a,7-14,26656,13328,81,0,0,0,81,True
CH_L_278a,8-12,22848,15232,81,0,0,0,81,True
CH_L_278a,8-13,24752,15232,81,0,0,0,81,True
CH_L_278a,9-12,22848,17136,81,0,0,0,81,True
CH_L_278a,9-13,24752,17136,81,0,0,0,81,True
CH_L_278a,9-14,26656,17136,81,0,0,3,78,True
CH_L_278a,9-15,28560,17136,81,0,0,22,59,True
CH_L_278a,9-16,30464,17136,81,0,0,0,81,True
CH_L_279a,10-11,20944,19040,81,0,0,5,76,True
CH_L_279a,10-12,22848,19040,81,0,0,12,69,True
CH_L_279a,10-13,24752,19040,81,0,0,56,25,True
CH_L_279a,10-14,26656,19040,81,0,0,54,27,True
CH_L_279a,11-12,22848,20944,81,0,0,63,18,True
CH_L_279a,12-15,28560,22848,81,0,0,33,48,True
CH_L_279a,12-17,32368,22848,81,0,0,26,55,True
CH_L_279a,13-12,22848,24752,81,0,0,25,56,True
CH_L_279a,7-12,22848,13328,81,0,0,0,81,True
CH_L_279a,7-13,24752,13328,81,0,0,0,81,True
CH_L_279a,7-14,26656,13328,81,0,0,0,81,True
CH_L_279a,7-15,28560,13328,81,0,0,35,46,True
CH_L_279a,8-10,19040,15232,81,0,0,0,81,True
CH_L_279a,8-11,20944,15232,81,0,0,0,81,True
CH_L_279a,8-12,22848,15232,81,0,0,0,81,True
CH_L_279a,8-13,24752,15232,81,0,0,0,81,True
CH_L_279a,8-14,26656,15232,81,0,0,2,79,True
CH_L_279a,8-15,28560,15232,81,0,0,22,59,True
CH_L_279a,8-16,30464,15232,81,0,0,60,21,True
CH_L_279a,9-12,22848,17136,81,0,0,0,81,True
CH_L_279a,9-13,24752,17136,81,0,0,0,81,True
CH_L_279a,9-14,26656,17136,81,0,0,47,34,True
CH_L_280a,10-10,19040,19040,81,0,0,0,81,True
CH_L_280a,10-11,20944,19040,81,0,0,3,78,True
CH_L_280a,10-5,9520,19040,81,0,0,0,81,True
CH_L_280a,10-6,11424,19040,81,0,0,0,81,True
CH_L_280a,10-7,13328,19040,81,0,0,0,81,True
CH_L_280a,10-8,15232,19040,81,0,0,0,81,True
CH_L_280a,11-10,19040,20944,81,0,0,1,80,True
CH_L_280a,11-11,20944,20944,81,0,0,9,72,True
CH_L_280a,11-5,9520,20944,81,0,0,0,81,True
CH_L_280a,11-6,11424,20944,81,0,0,0,81,True
CH_L_280a,11-7,13328,20944,81,0,0,0,81,True
CH_L_280a,11-8,15232,20944,81,0,0,1,80,True
CH_L_280a,11-9,17136,20944,81,0,0,1,80,True
CH_L_280a,12-10,19040,22848,81,0,0,6,75,True
CH_L_280a,12-11,20944,22848,81,0,0,2,79,True
CH_L_280a,12-5,9520,22848,81,0,0,0,81,True
CH_L_280a,12-6,11424,22848,81,0,0,0,81,True
CH_L_280a,12-7,13328,22848,81,0,0,0,81,True
CH_L_280a,12-8,15232,22848,81,0,0,0,81,True
CH_L_280a,12-9,17136,22848,81,0,0,0,81,True
CH_L_280a,13-10,19040,24752,81,0,0,0,81,True
CH_L_280a,13-11,20944,24752,81,0,0,3,78,True
CH_L_280a,13-5,9520,24752,81,0,0,10,71,True
CH_L_280a,13-6,11424,24752,81,0,0,0,81,True
CH_L_280a,13-7,13328,24752,81,0,0,0,81,True
CH_L_280a,13-8,15232,24752,81,0,0,1,80,True
CH_L_280a,13-9,17136,24752,81,0,0,0,81,True
CH_L_280a,14-10,19040,26656,81,0,0,1,80,True
CH_L_280a,14-11,20944,26656,81,0,0,21,60,True
CH_L_280a,14-6,11424,26656,81,0,0,2,79,True
CH_L_280a,14-7,13328,26656,81,0,0,0,81,True
CH_L_280a,14-8,15232,26656,81,0,0,0,81,True
CH_L_280a,14-9,17136,26656,81,0,0,0,81,True
CH_L_280a,7-6,11424,13328,81,0,0,12,69,True
CH_L_280a,7-7,13328,13328,81,0,0,0,81,True
CH_L_280a,8-10,19040,15232,81,0,0,0,81,True
CH_L_280a,8-11,20944,15232,81,0,0,0,81,True
CH_L_280a,8-6,11424,15232,81,0,0,3,78,True
CH_L_280a,8-7,13328,15232,81,0,0,0,81,True
CH_L_280a,8-8,15232,15232,81,0,0,0,81,True
CH_L_280a,8-9,17136,15232,81,0,0,0,81,True
CH_L_280a,9-10,19040,17136,81,0,0,0,81,True
CH_L_280a,9-11,20944,17136,81,0,0,0,81,True
CH_L_280a,9-6,11424,17136,81,0,0,0,81,True
CH_L_280a,9-7,13328,17136,81,0,0,0,81,True
CH_L_280a,9-8,15232,17136,81,0,0,0,81,True
CH_L_280a,9-9,17136,17136,81,0,0,0,81,True
CH_L_281a,10-28,53312,19040,81,0,0,0,81,True
CH_L_281a,10-29,55216,19040,81,0,0,1,80,True
CH_L_281a,10-30,57120,19040,81,0,0,0,81,True
CH_L_281a,10-31,59024,19040,81,0,0,0,81,True
CH_L_281a,10-32,60928,19040,81,0,0,0,81,True
CH_L_281a,11-29,55216,20944,81,0,0,0,81,True
CH_L_281a,11-30,57120,20944,81,0,0,4,77,True
CH_L_281a,11-32,60928,20944,81,0,0,10,71,True
CH_L_281a,12-28,53312,22848,81,0,0,0,81,True
CH_L_281a,12-29,55216,22848,81,0,0,5,76,True
CH_L_281a,12-30,57120,22848,81,0,0,3,78,True
CH_L_281a,12-31,59024,22848,81,0,0,9,72,True
CH_L_281a,13-27,51408,24752,81,0,0,0,81,True
CH_L_281a,13-28,53312,24752,81,0,0,8,73,True
CH_L_281a,14-27,51408,26656,81,0,0,0,81,True
CH_L_281a,14-28,53312,26656,81,0,0,0,81,True
CH_L_281a,8-27,51408,15232,81,0,0,0,81,True
CH_L_281a,8-28,53312,15232,81,0,0,0,81,True
CH_L_281a,8-29,55216,15232,81,0,0,4,77,True
CH_L_281a,8-30,57120,15232,81,0,0,4,77,True
CH_L_281a,8-32,60928,15232,81,0,0,4,77,True
CH_L_281a,9-27,51408,17136,81,0,0,2,79,True
CH_L_281a,9-28,53312,17136,81,0,0,0,81,True
CH_L_281a,9-29,55216,17136,81,0,0,2,79,True
CH_L_281a,9-30,57120,17136,81,0,0,0,81,True
CH_L_281a,9-31,59024,17136,81,0,0,0,81,True
CH_L_281a,9-32,60928,17136,81,0,0,16,65,True
CH_L_281b,3-4,7616,5712,81,0,0,79,2,True
CH_L_281b,3-5,9520,5712,81,0,0,74,7,True
CH_L_281b,3-6,11424,5712,81,0,0,67,14,True
CH_L_281b,3-7,13328,5712,81,0,0,78,3,True
CH_L_281b,4-2,3808,7616,81,0,0,81,0,False
CH_L_281b,4-3,5712,7616,81,0,0,66,15,True
CH_L_281b,4-4,7616,7616,81,0,0,49,32,True
CH_L_281b,4-5,9520,7616,81,0,0,25,56,True
CH_L_281b,4-6,11424,7616,81,0,0,27,54,True
CH_L_281b,4-7,13328,7616,81,0,0,52,29,True
CH_L_281b,4-8,15232,7616,81,0,0,78,3,True
CH_L_281b,5-2,3808,9520,81,0,0,77,4,True
CH_L_281b,5-3,5712,9520,81,0,0,26,55,True
CH_L_281b,5-4,7616,9520,81,0,0,0,81,True
CH_L_281b,5-5,9520,9520,81,0,0,0,81,True
CH_L_281b,5-6,11424,9520,81,0,0,0,81,True
CH_L_281b,5-7,13328,9520,81,0,0,8,73,True
CH_L_281b,5-8,15232,9520,81,0,0,56,25,True
CH_L_281b,6-2,3808,11424,81,0,0,73,8,True
CH_L_281b,6-3,5712,11424,81,0,0,1,80,True
CH_L_281b,6-4,7616,11424,81,0,0,0,81,True
CH_L_281b,6-5,9520,11424,81,0,0,0,81,True
CH_L_281b,6-6,11424,11424,81,0,0,0,81,True
CH_L_281b,6-7,13328,11424,81,0,0,0,81,True
CH_L_281b,6-8,15232,11424,81,0,0,28,53,True
CH_L_281b,7-2,3808,13328,81,0,0,76,5,True
CH_L_281b,7-3,5712,13328,81,0,0,15,66,True
CH_L_281b,7-4,7616,13328,81,0,0,0,81,True
CH_L_281b,7-5,9520,13328,81,0,0,0,81,True
CH_L_281b,7-7,13328,13328,81,0,0,5,76,True
CH_L_281b,7-8,15232,13328,81,0,0,32,49,True
CH_L_281b,8-2,3808,15232,81,0,0,72,9,True
CH_L_281b,8-4,7616,15232,81,0,0,3,78,True
CH_L_281b,8-5,9520,15232,81,0,0,0,81,True
CH_L_281b,8-6,11424,15232,81,0,0,1,80,True
CH_L_281b,8-7,13328,15232,81,0,0,25,56,True
CH_L_281b,8-8,15232,15232,81,0,0,45,36,True
CH_L_281b,9-2,3808,17136,81,0,0,39,42,True
CH_L_281b,9-6,11424,17136,81,0,0,33,48,True
CH_L_281b,9-7,13328,17136,81,0,0,48,33,True
CH_L_282a,10-10,19040,19040,81,0,0,25,56,True
CH_L_282a,10-13,24752,19040,81,0,0,32,49,True
CH_L_282a,10-14,26656,19040,81,0,0,27,54,True
CH_L_282a,10-15,28560,19040,81,0,0,59,22,True
CH_L_282a,10-16,30464,19040,81,0,0,56,25,True
CH_L_282a,11-10,19040,20944,81,0,0,14,67,True
CH_L_282a,11-13,24752,20944,81,0,0,15,66,True
CH_L_282a,11-14,26656,20944,81,0,0,1,80,True
CH_L_282a,11-15,28560,20944,81,0,0,6,75,True
CH_L_282a,11-16,30464,20944,81,0,0,4,77,True
CH_L_282a,12-13,24752,22848,81,0,0,4,77,True
CH_L_282a,12-14,26656,22848,81,0,0,0,81,True
CH_L_282a,12-15,28560,22848,81,0,0,1,80,True
CH_L_282a,12-16,30464,22848,81,0,0,25,56,True
CH_L_282a,13-12,22848,24752,81,0,0,10,71,True
CH_L_282a,13-14,26656,24752,81,0,0,2,79,True
CH_L_282a,13-15,28560,24752,81,0,0,0,81,True
CH_L_282a,13-16,30464,24752,81,0,0,9,72,True
CH_L_282a,14-11,20944,26656,81,0,0,0,81,True
CH_L_282a,14-12,22848,26656,81,0,0,0,81,True
CH_L_282a,14-13,24752,26656,81,0,0,14,67,True
CH_L_282a,14-14,26656,26656,81,0,0,2,79,True
CH_L_282a,15-10,19040,28560,81,0,0,4,77,True
CH_L_282a,15-11,20944,28560,81,0,0,0,81,True
CH_L_282a,15-12,22848,28560,81,0,0,0,81,True
CH_L_282a,15-13,24752,28560,81,0,0,0,81,True
CH_L_282a,16-11,20944,30464,81,0,0,12,69,True
CH_L_282a,16-12,22848,30464,81,0,0,0,81,True
CH_L_282a,16-13,24752,30464,81,0,0,1,80,True
CH_L_282a,17-14,26656,32368,81,0,0,35,46,True
CH_L_283a,10-10,19040,19040,81,0,0,0,81,True
CH_L_283a,10-11,20944,19040,81,0,0,0,81,True
CH_L_283a,10-12,22848,19040,81,0,0,0,81,True
CH_L_283a,10-13,24752,19040,81,0,0,1,80,True
CH_L_283a,10-14,26656,19040,81,0,0,0,81,True
CH_L_283a,10-9,17136,19040,81,0,0,0,81,True
CH_L_283a,11-10,19040,20944,81,0,0,0,81,True
CH_L_283a,11-11,20944,20944,81,0,0,0,81,True
CH_L_283a,11-12,22848,20944,81,0,0,0,81,True
CH_L_283a,11-13,24752,20944,81,0,0,2,79,True
CH_L_283a,11-14,26656,20944,81,0,0,0,81,True
CH_L_283a,11-8,15232,20944,81,0,0,0,81,True
CH_L_283a,11-9,17136,20944,81,0,0,0,81,True
CH_L_283a,12-10,19040,22848,81,0,0,0,81,True
CH_L_283a,12-11,20944,22848,81,0,0,0,81,True
CH_L_283a,12-12,22848,22848,81,0,0,0,81,True
CH_L_283a,12-13,24752,22848,81,0,0,0,81,True
CH_L_283a,12-14,26656,22848,81,0,0,0,81,True
CH_L_283a,12-8,15232,22848,81,0,0,0,81,True
CH_L_283a,12-9,17136,22848,81,0,0,0,81,True
CH_L_283a,13-10,19040,24752,81,0,0,0,81,True
CH_L_283a,13-11,20944,24752,81,0,0,1,80,True
CH_L_283a,13-12,22848,24752,81,0,0,0,81,True
CH_L_283a,13-13,24752,24752,81,0,0,0,81,True
CH_L_283a,13-14,26656,24752,81,0,0,0,81,True
CH_L_283a,13-8,15232,24752,81,0,0,5,76,True
CH_L_283a,13-9,17136,24752,81,0,0,0,81,True
CH_L_283a,14-10,19040,26656,81,0,0,0,81,True
CH_L_283a,14-11,20944,26656,81,0,0,0,81,True
CH_L_283a,14-12,22848,26656,81,0,0,0,81,True
CH_L_283a,14-13,24752,26656,81,0,0,0,81,True
CH_L_283a,14-14,26656,26656,81,0,0,23,58,True
CH_L_283a,14-9,17136,26656,81,0,0,9,72,True
CH_L_283a,15-11,20944,28560,81,0,0,0,81,True
CH_L_283a,15-12,22848,28560,81,0,0,0,81,True
CH_L_283a,15-13,24752,28560,81,0,0,0,81,True
CH_L_283a,15-14,26656,28560,81,0,0,4,77,True
CH_L_283a,15-9,17136,28560,81,0,0,54,27,True
CH_L_283a,9-10,19040,17136,81,0,0,0,81,True
CH_L_283a,9-11,20944,17136,81,0,0,0,81,True
CH_L_283a,9-12,22848,17136,81,0,0,0,81,True
CH_L_283a,9-13,24752,17136,81,0,0,0,81,True
CH_L_283a,9-14,26656,17136,81,0,0,0,81,True
CH_L_283a,9-9,17136,17136,81,0,0,0,81,True
CH_L_284a,10-10,19040,19040,81,0,0,60,21,True
CH_L_284a,10-7,13328,19040,81,0,0,58,23,True
CH_L_284a,10-8,15232,19040,81,0,0,28,53,True
CH_L_284a,10-9,17136,19040,81,0,0,48,33,True
CH_L_284a,11-10,19040,20944,81,0,0,37,44,True
CH_L_284a,11-11,20944,20944,81,0,0,16,65,True
CH_L_284a,11-8,15232,20944,81,0,0,22,59,True
CH_L_284a,11-9,17136,20944,81,0,0,33,48,True
CH_L_284a,12-10,19040,22848,81,0,0,33,48,True
CH_L_284a,12-11,20944,22848,81,0,0,22,59,True
CH_L_284a,12-12,22848,22848,81,0,0,20,61,True
CH_L_284a,12-9,17136,22848,81,0,0,51,30,True
CH_L_284a,13-10,19040,24752,81,0,0,33,48,True
CH_L_284a,13-11,20944,24752,81,0,0,39,42,True
CH_L_284a,13-12,22848,24752,81,0,0,40,41,True
CH_L_284a,13-13,24752,24752,81,0,0,34,47,True
CH_L_284a,13-8,15232,24752,81,0,0,50,31,True
CH_L_284a,13-9,17136,24752,81,0,0,51,30,True
CH_L_284a,14-10,19040,26656,81,0,0,44,37,True
CH_L_284a,14-11,20944,26656,81,0,0,55,26,True
CH_L_284a,14-12,22848,26656,81,0,0,71,10,True
CH_L_284a,14-13,24752,26656,81,0,0,39,42,True
CH_L_284a,9-10,19040,17136,81,0,0,51,30,True
CH_L_284a,9-12,22848,17136,81,0,0,51,30,True
CH_L_284a,9-7,13328,17136,81,0,0,41,40,True
CH_L_284a,9-8,15232,17136,81,0,0,11,70,True
CH_L_284a,9-9,17136,17136,81,0,0,26,55,True
CH_L_285a,10-10,19040,19040,81,0,0,21,60,True
CH_L_285a,10-11,20944,19040,81,0,0,5,76,True
CH_L_285a,10-12,22848,19040,81,0,0,0,81,True
CH_L_285a,10-13,24752,19040,81,0,0,2,79,True
CH_L_285a,10-14,26656,19040,81,0,0,3,78,True
CH_L_285a,10-9,17136,19040,81,0,0,1,80,True
CH_L_285a,11-10,19040,20944,81,0,0,1,80,True
CH_L_285a,11-11,20944,20944,81,0,0,0,81,True
CH_L_285a,11-12,22848,20944,81,0,0,6,75,True
CH_L_285a,11-13,24752,20944,81,0,0,5,76,True
CH_L_285a,11-14,26656,20944,81,0,0,0,81,True
CH_L_285a,11-9,17136,20944,81,0,0,0,81,True
CH_L_285a,12-12,22848,22848,81,0,0,0,81,True
CH_L_285a,12-13,24752,22848,81,0,0,2,79,True
CH_L_285a,12-14,26656,22848,81,0,0,0,81,True
CH_L_285a,7-10,19040,13328,81,0,0,79,2,True
CH_L_285a,7-11,20944,13328,81,0,0,54,27,True
CH_L_285a,7-12,22848,13328,81,0,0,26,55,True
CH_L_285a,7-13,24752,13328,81,0,0,7,74,True
CH_L_285a,7-14,26656,13328,81,0,0,27,54,True
CH_L_285a,7-9,17136,13328,81,0,0,42,39,True
CH_L_285a,8-10,19040,15232,81,0,0,4,77,True
CH_L_285a,8-11,20944,15232,81,0,0,0,81,True
CH_L_285a,8-12,22848,15232,81,0,0,0,81,True
CH_L_285a,8-13,24752,15232,81,0,0,6,75,True
CH_L_285a,8-14,26656,15232,81,0,0,1,80,True
CH_L_285a,8-9,17136,15232,81,0,0,19,62,True
CH_L_285a,9-10,19040,17136,81,0,0,14,67,True
CH_L_285a,9-11,20944,17136,81,0,0,22,59,True
CH_L_285a,9-12,22848,17136,81,0,0,4,77,True
CH_L_285a,9-13,24752,17136,81,0,0,4,77,True
CH_L_285a,9-14,26656,17136,81,0,0,4,77,True
CH_L_285a,9-9,17136,17136,81,0,0,6,75,True
CH_L_287a,10-13,24752,19040,81,0,0,14,67,True
CH_L_287a,10-14,26656,19040,81,0,0,0,81,True
CH_L_287a,10-15,28560,19040,81,0,0,0,81,True
CH_L_287a,10-16,30464,19040,81,0,0,0,81,True
CH_L_287a,10-17,32368,19040,81,0,0,0,81,True
CH_L_287a,10-18,34272,19040,81,0,0,0,81,True
CH_L_287a,11-13,24752,20944,81,0,0,43,38,True
CH_L_287a,11-14,26656,20944,81,0,0,6,75,True
CH_L_287a,11-15,28560,20944,81,0,0,7,74,True
CH_L_287a,11-16,30464,20944,81,0,0,1,80,True
CH_L_287a,11-17,32368,20944,81,0,0,0,81,True
CH_L_287a,11-18,34272,20944,81,0,0,2,79,True
CH_L_287a,11-19,36176,20944,81,0,0,9,72,True
CH_L_287a,12-13,24752,22848,81,0,0,63,18,True
CH_L_287a,12-14,26656,22848,81,0,0,23,58,True
CH_L_287a,12-15,28560,22848,81,0,0,27,54,True
CH_L_287a,12-16,30464,22848,81,0,0,23,58,True
CH_L_287a,12-17,32368,22848,81,0,0,3,78,True
CH_L_287a,12-18,34272,22848,81,0,0,0,81,True
CH_L_287a,12-19,36176,22848,81,0,0,0,81,True
CH_L_287a,13-14,26656,24752,81,0,0,50,31,True
CH_L_287a,13-15,28560,24752,81,0,0,45,36,True
CH_L_287a,13-17,32368,24752,81,0,0,36,45,True
CH_L_287a,7-13,24752,13328,81,0,0,1,80,True
CH_L_287a,7-14,26656,13328,81,0,0,0,81,True
CH_L_287a,8-13,24752,15232,81,0,0,0,81,True
CH_L_287a,8-14,26656,15232,81,0,0,0,81,True
CH_L_287a,8-15,28560,15232,81,0,0,0,81,True
CH_L_287a,9-13,24752,17136,81,0,0,27,54,True
CH_L_287a,9-14,26656,17136,81,0,0,1,80,True
CH_L_287a,9-15,28560,17136,81,0,0,0,81,True
CH_L_287a,9-16,30464,17136,81,0,0,0,81,True
CH_L_287a,9-17,32368,17136,81,0,0,0,81,True
CH_L_288a,10-5,9520,19040,81,0,0,0,81,True
CH_L_288a,10-6,11424,19040,81,0,0,0,81,True
CH_L_288a,10-7,13328,19040,81,0,0,0,81,True
CH_L_288a,10-8,15232,19040,81,0,0,1,80,True
CH_L_288a,10-9,17136,19040,81,0,0,6,75,True
CH_L_288a,11-5,9520,20944,81,0,0,5,76,True
CH_L_288a,11-6,11424,20944,81,0,0,0,81,True
CH_L_288a,11-7,13328,20944,81,0,0,0,81,True
CH_L_288a,11-8,15232,20944,81,0,0,3,78,True
CH_L_288a,12-6,11424,22848,81,0,0,38,43,True
CH_L_288a,12-7,13328,22848,81,0,0,14,67,True
CH_L_288a,12-9,17136,22848,81,0,0,9,72,True
CH_L_288a,5-8,15232,9520,81,0,0,38,43,True
CH_L_288a,5-9,17136,9520,81,0,0,44,37,True
CH_L_288a,6-4,7616,11424,81,0,0,34,47,True
CH_L_288a,6-5,9520,11424,81,0,0,22,59,True
CH_L_288a,6-6,11424,11424,81,0,0,1,80,True
CH_L_288a,6-8,15232,11424,81,0,0,5,76,True
CH_L_288a,6-9,17136,11424,81,0,0,16,65,True
CH_L_288a,7-5,9520,13328,81,0,0,3,78,True
CH_L_288a,7-6,11424,13328,81,0,0,0,81,True
CH_L_288a,7-7,13328,13328,81,0,0,0,81,True
CH_L_288a,7-8,15232,13328,81,0,0,0,81,True
CH_L_288a,7-9,17136,13328,81,0,0,18,63,True
CH_L_288a,8-5,9520,15232,81,0,0,0,81,True
CH_L_288a,8-6,11424,15232,81,0,0,0,81,True
CH_L_288a,8-7,13328,15232,81,0,0,0,81,True
CH_L_288a,8-8,15232,15232,81,0,0,0,81,True
CH_L_288a,8-9,17136,15232,81,0,0,0,81,True
CH_L_288a,9-4,7616,17136,81,0,0,0,81,True
CH_L_288a,9-5,9520,17136,81,0,0,7,74,True
CH_L_288a,9-6,11424,17136,81,0,0,4,77,True
CH_L_288a,9-7,13328,17136,81,0,0,0,81,True
CH_L_288a,9-8,15232,17136,81,0,0,0,81,True
CH_L_288a,9-9,17136,17136,81,0,0,0,81,True
CH_L_289a,10-12,23736,19780,81,0,0,2,79,True
CH_L_289a,10-13,25714,19780,81,0,0,1,80,True
CH_L_289a,10-14,27692,19780,81,0,0,0,81,True
CH_L_289a,10-15,29670,19780,81,0,0,0,81,True
CH_L_289a,10-16,31648,19780,81,0,0,0,81,True
CH_L_289a,10-17,33626,19780,81,0,0,0,81,True
CH_L_289a,10-18,35604,19780,81,0,0,0,81,True
CH_L_289a,11-12,23736,21758,81,0,0,0,81,True
CH_L_289a,11-13,25714,21758,81,0,0,2,79,True
CH_L_289a,11-14,27692,21758,81,0,0,0,81,True
CH_L_289a,11-15,29670,21758,81,0,0,2,79,True
CH_L_289a,11-16,31648,21758,81,0,0,0,81,True
CH_L_289a,11-17,33626,21758,81,0,0,0,81,True
CH_L_289a,12-13,25714,23736,81,0,0,7,74,True
CH_L_289a,12-14,27692,23736,81,0,0,0,81,True
CH_L_289a,12-15,29670,23736,81,0,0,0,81,True
CH_L_289a,12-16,31648,23736,81,0,0,0,81,True
CH_L_289a,12-17,33626,23736,81,0,0,0,81,True
CH_L_289a,6-13,25714,11868,81,0,0,0,81,True
CH_L_289a,6-14,27692,11868,81,0,0,0,81,True
CH_L_289a,6-15,29670,11868,81,0,0,0,81,True
CH_L_289a,6-16,31648,11868,81,0,0,0,81,True
CH_L_289a,6-17,33626,11868,81,0,0,0,81,True
CH_L_289a,6-18,35604,11868,81,0,0,0,81,True
CH_L_289a,7-12,23736,13846,81,0,0,0,81,True
CH_L_289a,7-13,25714,13846,81,0,0,0,81,True
CH_L_289a,7-14,27692,13846,81,0,0,0,81,True
CH_L_289a,7-15,29670,13846,81,0,0,0,81,True
CH_L_289a,7-16,31648,13846,81,0,0,0,81,True
CH_L_289a,7-17,33626,13846,81,0,0,2,79,True
CH_L_289a,7-18,35604,13846,81,0,0,0,81,True
CH_L_289a,8-13,25714,15824,81,0,0,0,81,True
CH_L_289a,8-15,29670,15824,81,0,0,0,81,True
CH_L_289a,8-16,31648,15824,81,0,0,0,81,True
CH_L_289a,8-17,33626,15824,81,0,0,0,81,True
CH_L_289a,8-18,35604,15824,81,0,0,1,80,True
CH_L_289a,9-12,23736,17802,81,0,0,0,81,True
CH_L_289a,9-13,25714,17802,81,0,0,0,81,True
CH_L_289a,9-14,27692,17802,81,0,0,0,81,True
CH_L_289a,9-15,29670,17802,81,0,0,0,81,True
CH_L_289a,9-16,31648,17802,81,0,0,2,79,True
CH_L_289a,9-17,33626,17802,81,0,0,0,81,True
CH_L_289a,9-18,35604,17802,81,0,0,0,81,True
CH_L_290a,10-19,36176,19040,81,0,0,2,79,True
CH_L_290a,10-20,38080,19040,81,0,0,4,77,True
CH_L_290a,10-21,39984,19040,81,0,0,4,77,True
CH_L_290a,11-17,32368,20944,81,0,0,11,70,True
CH_L_290a,11-18,34272,20944,81,0,0,0,81,True
CH_L_290a,11-19,36176,20944,81,0,0,0,81,True
CH_L_290a,11-20,38080,20944,81,0,0,2,79,True
CH_L_290a,11-21,39984,20944,81,0,0,0,81,True
CH_L_290a,12-18,34272,22848,81,0,0,0,81,True
CH_L_290a,12-19,36176,22848,81,0,0,0,81,True
CH_L_290a,12-20,38080,22848,81,0,0,0,81,True
CH_L_290a,7-17,32368,13328,81,0,0,0,81,True
CH_L_290a,7-18,34272,13328,81,0,0,0,81,True
CH_L_290a,7-20,38080,13328,81,0,0,22,59,True
CH_L_290a,7-21,39984,13328,81,0,0,45,36,True
CH_L_290a,8-17,32368,15232,81,0,0,15,66,True
CH_L_290a,8-18,34272,15232,81,0,0,2,79,True
CH_L_290a,8-19,36176,15232,81,0,0,0,81,True
CH_L_290a,8-20,38080,15232,81,0,0,0,81,True
CH_L_290a,8-21,39984,15232,81,0,0,27,54,True
CH_L_290a,8-23,43792,15232,81,0,0,30,51,True
CH_L_290a,9-17,32368,17136,81,0,0,53,28,True
CH_L_290a,9-18,34272,17136,81,0,0,44,37,True
CH_L_290a,9-19,36176,17136,81,0,0,0,81,True
CH_L_290a,9-20,38080,17136,81,0,0,1,80,True
CH_L_290a,9-21,39984,17136,81,0,0,4,77,True
CH_L_290a,9-23,43792,17136,81,0,0,31,50,True
CH_L_291a,10-10,19040,19040,81,0,0,2,79,True
CH_L_291a,10-11,20944,19040,81,0,0,19,62,True
CH_L_291a,10-5,9520,19040,81,0,0,14,67,True
CH_L_291a,10-6,11424,19040,81,0,0,0,81,True
CH_L_291a,10-7,13328,19040,81,0,0,0,81,True
CH_L_291a,10-8,15232,19040,81,0,0,2,79,True
CH_L_291a,11-10,19040,20944,81,0,0,0,81,True
CH_L_291a,11-11,20944,20944,81,0,0,0,81,True
CH_L_291a,11-5,9520,20944,81,0,0,9,72,True
CH_L_291a,11-6,11424,20944,81,0,0,0,81,True
CH_L_291a,11-7,13328,20944,81,0,0,0,81,True
CH_L_291a,11-8,15232,20944,81,0,0,8,73,True
CH_L_291a,11-9,17136,20944,81,0,0,0,81,True
CH_L_291a,12-10,19040,22848,81,0,0,0,81,True
CH_L_291a,12-11,20944,22848,81,0,0,0,81,True
CH_L_291a,12-6,11424,22848,81,0,0,0,81,True
CH_L_291a,12-7,13328,22848,81,0,0,0,81,True
CH_L_291a,12-8,15232,22848,81,0,0,0,81,True
CH_L_291a,12-9,17136,22848,81,0,0,0,81,True
CH_L_291a,13-10,19040,24752,81,0,0,0,81,True
CH_L_291a,13-11,20944,24752,81,0,0,0,81,True
CH_L_291a,13-6,11424,24752,81,0,0,0,81,True
CH_L_291a,13-7,13328,24752,81,0,0,0,81,True
CH_L_291a,13-8,15232,24752,81,0,0,12,69,True
CH_L_291a,13-9,17136,24752,81,0,0,0,81,True
CH_L_291a,14-10,19040,26656,81,0,0,32,49,True
CH_L_291a,14-11,20944,26656,81,0,0,9,72,True
CH_L_291a,14-5,9520,26656,81,0,0,36,45,True
CH_L_291a,14-6,11424,26656,81,0,0,1,80,True
CH_L_291a,14-7,13328,26656,81,0,0,0,81,True
CH_L_291a,14-8,15232,26656,81,0,0,13,68,True
CH_L_291a,14-9,17136,26656,81,0,0,2,79,True
CH_L_291a,15-6,11424,28560,81,0,0,15,66,True
CH_L_291a,15-7,13328,28560,81,0,0,0,81,True
CH_L_291a,15-8,15232,28560,81,0,0,0,81,True
CH_L_291a,15-9,17136,28560,81,0,0,33,48,True
CH_L_291a,9-10,19040,17136,81,0,0,18,63,True
CH_L_291a,9-11,20944,17136,81,0,0,36,45,True
CH_L_291a,9-6,11424,17136,81,0,0,0,81,True
CH_L_291a,9-7,13328,17136,81,0,0,0,81,True
CH_L_291a,9-8,15232,17136,81,0,0,2,79,True
CH_L_291a,9-9,17136,17136,81,0,0,0,81,True
CH_L_292a,10-16,30528,19080,81,0,0,60,21,True
CH_L_292a,10-17,32436,19080,81,0,0,67,14,True
CH_L_292a,10-18,34344,19080,81,0,0,20,61,True
CH_L_292a,10-19,36252,19080,81,0,0,33,48,True
CH_L_292a,10-20,38160,19080,81,0,0,47,34,True
CH_L_292a,10-21,40068,19080,81,0,0,43,38,True
CH_L_292a,3-16,30528,5724,81,0,0,9,72,True
CH_L_292a,3-17,32436,5724,81,0,0,6,75,True
CH_L_292a,3-21,40068,5724,81,0,0,74,7,True
CH_L_292a,3-22,41976,5724,81,0,0,81,0,False
CH_L_292a,4-17,32436,7632,81,0,0,2,79,True
CH_L_292a,4-18,34344,7632,81,0,0,36,45,True
CH_L_292a,4-19,36252,7632,81,0,0,34,47,True
CH_L_292a,4-20,38160,7632,81,0,0,24,57,True
CH_L_292a,4-21,40068,7632,81,0,0,41,40,True
CH_L_292a,4-22,41976,7632,81,0,0,68,13,True
CH_L_292a,5-16,30528,9540,81,0,0,74,7,True
CH_L_292a,5-18,34344,9540,81,0,0,37,44,True
CH_L_292a,5-19,36252,9540,81,0,0,69,12,True
CH_L_292a,5-20,38160,9540,81,0,0,38,43,True
CH_L_292a,5-21,40068,9540,81,0,0,45,36,True
CH_L_292a,5-22,41976,9540,81,0,0,50,31,True
CH_L_292a,6-16,30528,11448,81,0,0,61,20,True
CH_L_292a,6-19,36252,11448,81,0,0,46,35,True
CH_L_292a,6-20,38160,11448,81,0,0,51,30,True
CH_L_292a,6-21,40068,11448,81,0,0,59,22,True
CH_L_292a,6-22,41976,11448,81,0,0,62,19,True
CH_L_292a,7-18,34344,13356,81,0,0,70,11,True
CH_L_292a,7-19,36252,13356,81,0,0,57,24,True
CH_L_292a,7-20,38160,13356,81,0,0,73,8,True
CH_L_292a,7-21,40068,13356,81,0,0,71,10,True
CH_L_292a,7-22,41976,13356,81,0,0,44,37,True
CH_L_292a,8-16,30528,15264,81,0,0,48,33,True
CH_L_292a,8-17,32436,15264,81,0,0,37,44,True
CH_L_292a,8-18,34344,15264,81,0,0,48,33,True
CH_L_292a,8-19,36252,15264,81,0,0,48,33,True
CH_L_292a,8-20,38160,15264,81,0,0,35,46,True
CH_L_292a,8-21,40068,15264,81,0,0,59,22,True
CH_L_292a,8-22,41976,15264,81,0,0,65,16,True
CH_L_292a,9-16,30528,17172,81,0,0,27,54,True
CH_L_292a,9-17,32436,17172,81,0,0,32,49,True
CH_L_292a,9-18,34344,17172,81,0,0,11,70,True
CH_L_292a,9-19,36252,17172,81,0,0,50,31,True
CH_L_292a,9-20,38160,17172,81,0,0,57,24,True
CH_L_292a,9-21,40068,17172,81,0,0,44,37,True
CH_L_293a,10-17,32436,19080,81,0,0,0,81,True
CH_L_293a,10-18,34344,19080,81,0,0,1,80,True
CH_L_293a,10-19,36252,19080,81,0,0,10,71,True
CH_L_293a,10-20,38160,19080,81,0,0,4,77,True
CH_L_293a,10-21,40068,19080,81,0,0,0,81,True
CH_L_293a,10-22,41976,19080,81,0,0,2,79,True
CH_L_293a,10-23,43884,19080,81,0,0,9,72,True
CH_L_293a,11-18,34344,20988,81,0,0,0,81,True
CH_L_293a,11-19,36252,20988,81,0,0,8,73,True
CH_L_293a,11-20,38160,20988,81,0,0,0,81,True
CH_L_293a,11-21,40068,20988,81,0,0,0,81,True
CH_L_293a,11-22,41976,20988,81,0,0,18,63,True
CH_L_293a,11-23,43884,20988,81,0,0,24,57,True
CH_L_293a,12-18,34344,22896,81,0,0,0,81,True
CH_L_293a,12-19,36252,22896,81,0,0,0,81,True
CH_L_293a,12-20,38160,22896,81,0,0,0,81,True
CH_L_293a,12-21,40068,22896,81,0,0,0,81,True
CH_L_293a,12-22,41976,22896,81,0,0,1,80,True
CH_L_293a,12-23,43884,22896,81,0,0,8,73,True
CH_L_293a,6-18,34344,11448,81,0,0,27,54,True
CH_L_293a,6-20,38160,11448,81,0,0,0,81,True
CH_L_293a,6-21,40068,11448,81,0,0,0,81,True
CH_L_293a,6-22,41976,11448,81,0,0,0,81,True
CH_L_293a,6-23,43884,11448,81,0,0,5,76,True
CH_L_293a,7-18,34344,13356,81,0,0,49,32,True
CH_L_293a,7-19,36252,13356,81,0,0,30,51,True
CH_L_293a,7-20,38160,13356,81,0,0,10,71,True
CH_L_293a,7-21,40068,13356,81,0,0,0,81,True
CH_L_293a,7-22,41976,13356,81,0,0,0,81,True
CH_L_293a,7-23,43884,13356,81,0,0,0,81,True
CH_L_293a,8-17,32436,15264,81,0,0,23,58,True
CH_L_293a,8-18,34344,15264,81,0,0,1,80,True
CH_L_293a,8-19,36252,15264,81,0,0,0,81,True
CH_L_293a,8-20,38160,15264,81,0,0,0,81,True
CH_L_293a,8-21,40068,15264,81,0,0,1,80,True
CH_L_293a,8-22,41976,15264,81,0,0,0,81,True
CH_L_293a,8-23,43884,15264,81,0,0,0,81,True
CH_L_293a,9-17,32436,17172,81,0,0,0,81,True
CH_L_293a,9-18,34344,17172,81,0,0,0,81,True
CH_L_293a,9-19,36252,17172,81,0,0,3,78,True
CH_L_293a,9-20,38160,17172,81,0,0,0,81,True
CH_L_293a,9-21,40068,17172,81,0,0,0,81,True
CH_L_293a,9-22,41976,17172,81,0,0,0,81,True
CH_L_293a,9-23,43884,17172,81,0,0,4,77,True
CH_L_294a,10-12,22896,19080,81,0,0,0,81,True
CH_L_294a,10-13,24804,19080,81,0,0,8,73,True
CH_L_294a,10-14,26712,19080,81,0,0,16,65,True
CH_L_294a,10-15,28620,19080,81,0,0,31,50,True
CH_L_294a,10-16,30528,19080,81,0,0,12,69,True
CH_L_294a,10-17,32436,19080,81,0,0,8,73,True
CH_L_294a,10-18,34344,19080,81,0,0,6,75,True
CH_L_294a,11-12,22896,20988,81,0,0,0,81,True
CH_L_294a,11-13,24804,20988,81,0,0,0,81,True
CH_L_294a,11-14,26712,20988,81,0,0,0,81,True
CH_L_294a,11-15,28620,20988,81,0,0,0,81,True
CH_L_294a,11-16,30528,20988,81,0,0,0,81,True
CH_L_294a,11-17,32436,20988,81,0,0,0,81,True
CH_L_294a,11-18,34344,20988,81,0,0,0,81,True
CH_L_294a,12-12,22896,22896,81,0,0,0,81,True
CH_L_294a,12-13,24804,22896,81,0,0,0,81,True
CH_L_294a,12-14,26712,22896,81,0,0,0,81,True
CH_L_294a,12-15,28620,22896,81,0,0,0,81,True
CH_L_294a,12-16,30528,22896,81,0,0,0,81,True
CH_L_294a,12-17,32436,22896,81,0,0,0,81,True
CH_L_294a,13-12,22896,24804,81,0,0,3,78,True
CH_L_294a,13-13,24804,24804,81,0,0,2,79,True
CH_L_294a,13-14,26712,24804,81,0,0,0,81,True
CH_L_294a,13-17,32436,24804,81,0,0,2,79,True
CH_L_294a,13-18,34344,24804,81,0,0,0,81,True
CH_L_294a,14-16,30528,26712,81,0,0,1,80,True
CH_L_294a,14-17,32436,26712,81,0,0,0,81,True
CH_L_294a,14-18,34344,26712,81,0,0,0,81,True
CH_L_294a,8-12,22896,15264,81,0,0,1,80,True
CH_L_294a,8-13,24804,15264,81,0,0,0,81,True
CH_L_294a,8-14,26712,15264,81,0,0,0,81,True
CH_L_294a,8-15,28620,15264,81,0,0,0,81,True
CH_L_294a,8-16,30528,15264,81,0,0,0,81,True
CH_L_294a,8-17,32436,15264,81,0,0,0,81,True
CH_L_294a,8-18,34344,15264,81,0,0,0,81,True
CH_L_294a,9-12,22896,17172,81,0,0,0,81,True
CH_L_294a,9-13,24804,17172,81,0,0,0,81,True
CH_L_294a,9-14,26712,17172,81,0,0,0,81,True
CH_L_294a,9-15,28620,17172,81,0,0,0,81,True
CH_L_294a,9-16,30528,17172,81,0,0,0,81,True
CH_L_294a,9-17,32436,17172,81,0,0,0,81,True
CH_L_294a,9-18,34344,17172,81,0,0,0,81,True
CH_L_295a,12-15,28620,22896,81,0,0,0,81,True
CH_L_295a,12-16,30528,22896,81,0,0,0,81,True
CH_L_295a,12-17,32436,22896,81,0,0,0,81,True
CH_L_295a,12-18,34344,22896,81,0,0,8,73,True
CH_L_295a,12-19,36252,22896,81,0,0,0,81,True
CH_L_295a,12-20,38160,22896,81,0,0,0,81,True
CH_L_295a,13-14,26712,24804,81,0,0,0,81,True
CH_L_295a,13-15,28620,24804,81,0,0,0,81,True
CH_L_295a,13-16,30528,24804,81,0,0,0,81,True
CH_L_295a,13-17,32436,24804,81,0,0,0,81,True
CH_L_295a,13-18,34344,24804,81,0,0,0,81,True
CH_L_295a,13-19,36252,24804,81,0,0,0,81,True
CH_L_295a,13-20,38160,24804,81,0,0,0,81,True
CH_L_295a,14-14,26712,26712,81,0,0,0,81,True
CH_L_295a,14-15,28620,26712,81,0,0,0,81,True
CH_L_295a,14-16,30528,26712,81,0,0,0,81,True
CH_L_295a,14-17,32436,26712,81,0,0,0,81,True
CH_L_295a,14-18,34344,26712,81,0,0,0,81,True
CH_L_295a,14-19,36252,26712,81,0,0,0,81,True
CH_L_295a,14-20,38160,26712,81,0,0,0,81,True
CH_L_295a,15-14,26712,28620,81,0,0,0,81,True
CH_L_295a,15-15,28620,28620,81,0,0,0,81,True
CH_L_295a,15-17,32436,28620,81,0,0,0,81,True
CH_L_295a,15-18,34344,28620,81,0,0,0,81,True
CH_L_295a,15-19,36252,28620,81,0,0,0,81,True
CH_L_295a,16-14,26712,30528,81,0,0,0,81,True
CH_L_295a,16-17,32436,30528,81,0,0,0,81,True
CH_L_295a,16-18,34344,30528,81,0,0,0,81,True
CH_L_295a,16-20,38160,30528,81,0,0,0,81,True
CH_L_295a,17-19,36252,32436,81,0,0,0,81,True
CH_L_295a,17-20,38160,32436,81,0,0,0,81,True
CH_L_295a,18-17,32436,34344,81,0,0,0,81,True
CH_L_295a,18-18,34344,34344,81,0,0,0,81,True
CH_L_295a,18-19,36252,34344,81,0,0,0,81,True
CH_L_295a,18-20,38160,34344,81,0,0,0,81,True
CH_L_296a,10-10,19080,19080,81,0,0,6,75,True
CH_L_296a,10-11,20988,19080,81,0,0,0,81,True
CH_L_296a,10-12,22896,19080,81,0,0,0,81,True
CH_L_296a,10-13,24804,19080,81,0,0,0,81,True
CH_L_296a,10-14,26712,19080,81,0,0,0,81,True
CH_L_296a,10-15,28620,19080,81,0,0,0,81,True
CH_L_296a,10-16,30528,19080,81,0,0,1,80,True
CH_L_296a,11-10,19080,20988,81,0,0,9,72,True
CH_L_296a,11-11,20988,20988,81,0,0,9,72,True
CH_L_296a,11-12,22896,20988,81,0,0,0,81,True
CH_L_296a,11-13,24804,20988,81,0,0,1,80,True
CH_L_296a,11-14,26712,20988,81,0,0,0,81,True
CH_L_296a,11-15,28620,20988,81,0,0,0,81,True
CH_L_296a,12-10,19080,22896,81,0,0,43,38,True
CH_L_296a,12-11,20988,22896,81,0,0,8,73,True
CH_L_296a,12-12,22896,22896,81,0,0,0,81,True
CH_L_296a,12-13,24804,22896,81,0,0,0,81,True
CH_L_296a,12-14,26712,22896,81,0,0,0,81,True
CH_L_296a,12-15,28620,22896,81,0,0,0,81,True
CH_L_296a,13-10,19080,24804,81,0,0,38,43,True
CH_L_296a,13-11,20988,24804,81,0,0,30,51,True
CH_L_296a,13-12,22896,24804,81,0,0,0,81,True
CH_L_296a,13-13,24804,24804,81,0,0,0,81,True
CH_L_296a,13-14,26712,24804,81,0,0,0,81,True
CH_L_296a,13-15,28620,24804,81,0,0,2,79,True
CH_L_296a,14-11,20988,26712,81,0,0,50,31,True
CH_L_296a,14-13,24804,26712,81,0,0,0,81,True
CH_L_296a,14-14,26712,26712,81,0,0,3,78,True
CH_L_296a,14-15,28620,26712,81,0,0,10,71,True
CH_L_296a,15-12,22896,28620,81,0,0,27,54,True
CH_L_296a,15-14,26712,28620,81,0,0,2,79,True
CH_L_296a,9-10,19080,17172,81,0,0,9,72,True
CH_L_296a,9-11,20988,17172,81,0,0,1,80,True
CH_L_296a,9-12,22896,17172,81,0,0,1,80,True
CH_L_296a,9-13,24804,17172,81,0,0,2,79,True
CH_L_296a,9-14,26712,17172,81,0,0,1,80,True
CH_L_296a,9-15,28620,17172,81,0,0,5,76,True
CH_L_296a,9-16,30528,17172,81,0,0,1,80,True
CH_L_299a,10-10,19080,19080,81,0,0,2,79,True
CH_L_299a,10-11,20988,19080,81,0,0,0,81,True
CH_L_299a,10-12,22896,19080,81,0,0,0,81,True
CH_L_299a,10-7,13356,19080,81,0,0,0,81,True
CH_L_299a,10-8,15264,19080,81,0,0,0,81,True
CH_L_299a,11-10,19080,20988,81,0,0,0,81,True
CH_L_299a,11-11,20988,20988,81,0,0,0,81,True
CH_L_299a,11-12,22896,20988,81,0,0,0,81,True
CH_L_299a,5-10,19080,9540,81,0,0,0,81,True
CH_L_299a,5-11,20988,9540,81,0,0,0,81,True
CH_L_299a,5-12,22896,9540,81,0,0,9,72,True
CH_L_299a,5-8,15264,9540,81,0,0,0,81,True
CH_L_299a,5-9,17172,9540,81,0,0,0,81,True
CH_L_299a,6-10,19080,11448,81,0,0,0,81,True
CH_L_299a,6-11,20988,11448,81,0,0,0,81,True
CH_L_299a,6-12,22896,11448,81,0,0,0,81,True
CH_L_299a,6-8,15264,11448,81,0,0,0,81,True
CH_L_299a,6-9,17172,11448,81,0,0,0,81,True
CH_L_299a,7-10,19080,13356,81,0,0,0,81,True
CH_L_299a,7-11,20988,13356,81,0,0,1,80,True
CH_L_299a,7-12,22896,13356,81,0,0,6,75,True
CH_L_299a,7-8,15264,13356,81,0,0,11,70,True
CH_L_299a,7-9,17172,13356,81,0,0,0,81,True
CH_L_299a,8-10,19080,15264,81,0,0,0,81,True
CH_L_299a,8-11,20988,15264,81,0,0,4,77,True
CH_L_299a,8-12,22896,15264,81,0,0,1,80,True
CH_L_299a,8-8,15264,15264,81,0,0,3,78,True
CH_L_299a,8-9,17172,15264,81,0,0,1,80,True
CH_L_299a,9-10,19080,17172,81,0,0,0,81,True
CH_L_299a,9-11,20988,17172,81,0,0,1,80,True
CH_L_299a,9-12,22896,17172,81,0,0,0,81,True
CH_L_299a,9-8,15264,17172,81,0,0,0,81,True
CH_L_300a,10-18,34344,19080,81,0,0,18,63,True
CH_L_300a,11-17,32436,20988,81,0,0,48,33,True
CH_L_300a,11-18,34344,20988,81,0,0,66,15,True
CH_L_300a,6-15,28620,11448,81,0,0,14,67,True
CH_L_300a,6-18,34344,11448,81,0,0,40,41,True
CH_L_300a,7-14,26712,13356,81,0,0,2,79,True
CH_L_300a,7-17,32436,13356,81,0,0,0,81,True
CH_L_300a,7-18,34344,13356,81,0,0,5,76,True
CH_L_300a,8-12,22896,15264,81,0,0,0,81,True
CH_L_300a,8-14,26712,15264,81,0,0,0,81,True
CH_L_300a,9-12,22896,17172,81,0,0,0,81,True
CH_L_300a,9-16,30528,17172,81,0,0,0,81,True
CH_L_300a,9-17,32436,17172,81,0,0,0,81,True
CH_L_301a,10-13,24804,19080,81,0,0,0,81,True
CH_L_301a,10-14,26712,19080,81,0,0,1,80,True
CH_L_301a,10-15,28620,19080,81,0,0,7,74,True
CH_L_301a,10-16,30528,19080,81,0,0,1,80,True
CH_L_301a,10-17,32436,19080,81,0,0,1,80,True
CH_L_301a,10-18,34344,19080,81,0,0,11,70,True
CH_L_301a,11-13,24804,20988,81,0,0,5,76,True
CH_L_301a,11-14,26712,20988,81,0,0,4,77,True
CH_L_301a,11-15,28620,20988,81,0,0,11,70,True
CH_L_301a,11-16,30528,20988,81,0,0,14,67,True
CH_L_301a,11-17,32436,20988,81,0,0,23,58,True
CH_L_301a,11-18,34344,20988,81,0,0,17,64,True
CH_L_301a,12-13,24804,22896,81,0,0,8,73,True
CH_L_301a,12-14,26712,22896,81,0,0,19,62,True
CH_L_301a,12-15,28620,22896,81,0,0,34,47,True
CH_L_301a,6-15,28620,11448,81,0,0,5,76,True
CH_L_301a,6-16,30528,11448,81,0,0,0,81,True
CH_L_301a,6-17,32436,11448,81,0,0,0,81,True
CH_L_301a,7-13,24804,13356,81,0,0,0,81,True
CH_L_301a,7-15,28620,13356,81,0,0,33,48,True
CH_L_301a,7-16,30528,13356,81,0,0,3,78,True
CH_L_301a,7-17,32436,13356,81,0,0,0,81,True
CH_L_301a,7-18,34344,13356,81,0,0,0,81,True
CH_L_301a,8-13,24804,15264,81,0,0,0,81,True
CH_L_301a,8-14,26712,15264,81,0,0,0,81,True
CH_L_301a,8-17,32436,15264,81,0,0,4,77,True
CH_L_301a,8-18,34344,15264,81,0,0,3,78,True
CH_L_301a,9-13,24804,17172,81,0,0,0,81,True
CH_L_301a,9-14,26712,17172,81,0,0,10,71,True
CH_L_301a,9-15,28620,17172,81,0,0,4,77,True
CH_L_301a,9-17,32436,17172,81,0,0,0,81,True
CH_L_301a,9-18,34344,17172,81,0,0,6,75,True
CH_L_302a,10-19,36252,19080,81,0,0,1,80,True
CH_L_302a,10-20,38160,19080,81,0,0,0,81,True
CH_L_302a,10-21,40068,19080,81,0,0,0,81,True
CH_L_302a,10-22,41976,19080,81,0,0,0,81,True
CH_L_302a,10-23,43884,19080,81,0,0,0,81,True
CH_L_302a,10-24,45792,19080,81,0,0,0,81,True
CH_L_302a,10-25,47700,19080,81,0,0,0,81,True
CH_L_302a,11-19,36252,20988,81,0,0,0,81,True
CH_L_302a,11-20,38160,20988,81,0,0,0,81,True
CH_L_302a,11-21,40068,20988,81,0,0,0,81,True
CH_L_302a,11-22,41976,20988,81,0,0,0,81,True
CH_L_302a,11-23,43884,20988,81,0,0,0,81,True
CH_L_302a,11-24,45792,20988,81,0,0,0,81,True
CH_L_302a,11-25,47700,20988,81,0,0,0,81,True
CH_L_302a,12-19,36252,22896,81,0,0,0,81,True
CH_L_302a,12-20,38160,22896,81,0,0,0,81,True
CH_L_302a,12-22,41976,22896,81,0,0,2,79,True
CH_L_302a,12-23,43884,22896,81,0,0,0,81,True
CH_L_302a,12-24,45792,22896,81,0,0,0,81,True
CH_L_302a,12-25,47700,22896,81,0,0,0,81,True
CH_L_302a,13-21,40068,24804,81,0,0,0,81,True
CH_L_302a,13-22,41976,24804,81,0,0,5,76,True
CH_L_302a,13-23,43884,24804,81,0,0,0,81,True
CH_L_302a,13-24,45792,24804,81,0,0,0,81,True
CH_L_302a,6-20,38160,11448,81,0,0,0,81,True
CH_L_302a,7-19,36252,13356,81,0,0,15,66,True
CH_L_302a,7-20,38160,13356,81,0,0,2,79,True
CH_L_302a,7-21,40068,13356,81,0,0,0,81,True
CH_L_302a,7-22,41976,13356,81,0,0,0,81,True
CH_L_302a,7-23,43884,13356,81,0,0,0,81,True
CH_L_302a,7-24,45792,13356,81,0,0,0,81,True
CH_L_302a,7-25,47700,13356,81,0,0,0,81,True
CH_L_302a,8-19,36252,15264,81,0,0,2,79,True
CH_L_302a,8-20,38160,15264,81,0,0,0,81,True
CH_L_302a,8-21,40068,15264,81,0,0,1,80,True
CH_L_302a,8-22,41976,15264,81,0,0,0,81,True
CH_L_302a,8-23,43884,15264,81,0,0,0,81,True
CH_L_302a,8-24,45792,15264,81,0,0,0,81,True
CH_L_302a,8-25,47700,15264,81,0,0,0,81,True
CH_L_302a,9-19,36252,17172,81,0,0,1,80,True
CH_L_302a,9-20,38160,17172,81,0,0,0,81,True
CH_L_302a,9-21,40068,17172,81,0,0,0,81,True
CH_L_302a,9-22,41976,17172,81,0,0,1,80,True
CH_L_302a,9-23,43884,17172,81,0,0,0,81,True
CH_L_302a,9-24,45792,17172,81,0,0,0,81,True
CH_L_302a,9-25,47700,17172,81,0,0,0,81,True
CH_L_303a,10-10,19080,19080,81,0,0,0,81,True
CH_L_303a,10-12,22896,19080,81,0,0,0,81,True
CH_L_303a,10-6,11448,19080,81,0,0,0,81,True
CH_L_303a,10-7,13356,19080,81,0,0,0,81,True
CH_L_303a,10-8,15264,19080,81,0,0,1,80,True
CH_L_303a,10-9,17172,19080,81,0,0,0,81,True
CH_L_303a,11-10,19080,20988,81,0,0,0,81,True
CH_L_303a,11-12,22896,20988,81,0,0,6,75,True
CH_L_303a,11-6,11448,20988,81,0,0,0,81,True
CH_L_303a,11-7,13356,20988,81,0,0,0,81,True
CH_L_303a,11-8,15264,20988,81,0,0,0,81,True
CH_L_303a,11-9,17172,20988,81,0,0,0,81,True
CH_L_303a,12-12,22896,22896,81,0,0,1,80,True
CH_L_303a,13-12,22896,24804,81,0,0,0,81,True
CH_L_303a,13-6,11448,24804,81,0,0,0,81,True
CH_L_303a,13-7,13356,24804,81,0,0,0,81,True
CH_L_303a,13-9,17172,24804,81,0,0,0,81,True
CH_L_303a,7-10,19080,13356,81,0,0,0,81,True
CH_L_303a,7-11,20988,13356,81,0,0,0,81,True
CH_L_303a,7-12,22896,13356,81,0,0,0,81,True
CH_L_303a,7-6,11448,13356,81,0,0,18,63,True
CH_L_303a,7-7,13356,13356,81,0,0,0,81,True
CH_L_303a,7-9,17172,13356,81,0,0,1,80,True
CH_L_303a,8-10,19080,15264,81,0,0,0,81,True
CH_L_303a,8-11,20988,15264,81,0,0,1,80,True
CH_L_303a,8-12,22896,15264,81,0,0,0,81,True
CH_L_303a,8-6,11448,15264,81,0,0,0,81,True
CH_L_303a,8-7,13356,15264,81,0,0,0,81,True
CH_L_303a,8-9,17172,15264,81,0,0,0,81,True
CH_L_303a,9-10,19080,17172,81,0,0,0,81,True
CH_L_303a,9-12,22896,17172,81,0,0,0,81,True
CH_L_303a,9-6,11448,17172,81,0,0,0,81,True
CH_L_303a,9-7,13356,17172,81,0,0,0,81,True
CH_L_303a,9-8,15264,17172,81,0,0,0,81,True
CH_L_303a,9-9,17172,17172,81,0,0,0,81,True
CH_L_305a,10-10,19080,19080,81,0,0,47,34,True
CH_L_305a,10-11,20988,19080,81,0,0,42,39,True
CH_L_305a,10-12,22896,19080,81,0,0,11,70,True
CH_L_305a,10-13,24804,19080,81,0,0,0,81,True
CH_L_305a,10-14,26712,19080,81,0,0,0,81,True
CH_L_305a,10-15,28620,19080,81,0,0,0,81,True
CH_L_305a,10-9,17172,19080,81,0,0,38,43,True
CH_L_305a,11-10,19080,20988,81,0,0,50,31,True
CH_L_305a,11-11,20988,20988,81,0,0,15,66,True
CH_L_305a,11-12,22896,20988,81,0,0,0,81,True
CH_L_305a,11-13,24804,20988,81,0,0,0,81,True
CH_L_305a,11-14,26712,20988,81,0,0,0,81,True
CH_L_305a,11-15,28620,20988,81,0,0,0,81,True
CH_L_305a,11-9,17172,20988,81,0,0,55,26,True
CH_L_305a,12-10,19080,22896,81,0,0,44,37,True
CH_L_305a,12-11,20988,22896,81,0,0,14,67,True
CH_L_305a,12-12,22896,22896,81,0,0,0,81,True
CH_L_305a,12-13,24804,22896,81,0,0,0,81,True
CH_L_305a,12-14,26712,22896,81,0,0,0,81,True
CH_L_305a,12-15,28620,22896,81,0,0,0,81,True
CH_L_305a,12-9,17172,22896,81,0,0,51,30,True
CH_L_305a,13-11,20988,24804,81,0,0,10,71,True
CH_L_305a,13-12,22896,24804,81,0,0,0,81,True
CH_L_305a,13-13,24804,24804,81,0,0,0,81,True
CH_L_305a,13-14,26712,24804,81,0,0,0,81,True
CH_L_305a,13-15,28620,24804,81,0,0,0,81,True
CH_L_305a,13-9,17172,24804,81,0,0,35,46,True
CH_L_305a,14-10,19080,26712,81,0,0,40,41,True
CH_L_305a,14-11,20988,26712,81,0,0,8,73,True
CH_L_305a,14-12,22896,26712,81,0,0,0,81,True
CH_L_305a,14-13,24804,26712,81,0,0,0,81,True
CH_L_305a,14-14,26712,26712,81,0,0,0,81,True
CH_L_305a,14-15,28620,26712,81,0,0,0,81,True
CH_L_305a,14-9,17172,26712,81,0,0,23,58,True
CH_L_305a,8-10,19080,15264,81,0,0,23,58,True
CH_L_305a,8-11,20988,15264,81,0,0,2,79,True
CH_L_305a,8-12,22896,15264,81,0,0,0,81,True
CH_L_305a,8-13,24804,15264,81,0,0,0,81,True
CH_L_305a,8-14,26712,15264,81,0,0,0,81,True
CH_L_305a,8-15,28620,15264,81,0,0,0,81,True
CH_L_305a,9-10,19080,17172,81,0,0,22,59,True
CH_L_305a,9-11,20988,17172,81,0,0,0,81,True
CH_L_305a,9-12,22896,17172,81,0,0,0,81,True
CH_L_305a,9-13,24804,17172,81,0,0,0,81,True
CH_L_305a,9-14,26712,17172,81,0,0,0,81,True
CH_L_305a,9-15,28620,17172,81,0,0,0,81,True
CH_L_305a,9-9,17172,17172,81,0,0,36,45,True
CH_L_306a,4-22,41976,7632,81,0,0,47,34,True
CH_L_306a,4-23,43884,7632,81,0,0,40,41,True
CH_L_306a,4-24,45792,7632,81,0,0,50,31,True
CH_L_306a,5-22,41976,9540,81,0,0,8,73,True
CH_L_306a,5-24,45792,9540,81,0,0,56,25,True
CH_L_306a,5-25,47700,9540,81,0,0,80,1,True
CH_L_306a,7-22,41976,13356,81,0,0,27,54,True
CH_L_306a,7-25,47700,13356,81,0,0,81,0,False
CH_L_306a,7-26,49608,13356,81,0,0,23,58,True
CH_L_306a,8-22,41976,15264,81,0,0,39,42,True
CH_L_306a,8-23,43884,15264,81,0,0,65,16,True
CH_L_306a,8-24,45792,15264,81,0,0,81,0,False
CH_L_306a,9-24,45792,17172,81,0,0,68,13,True
CH_L_306a,9-25,47700,17172,81,0,0,81,0,False
CH_L_306b,10-20,38160,19080,81,0,0,0,81,True
CH_L_306b,10-21,40068,19080,81,0,0,0,81,True
CH_L_306b,10-22,41976,19080,81,0,0,0,81,True
CH_L_306b,10-23,43884,19080,81,0,0,0,81,True
CH_L_306b,10-24,45792,19080,81,0,0,0,81,True
CH_L_306b,10-25,47700,19080,81,0,0,0,81,True
CH_L_306b,10-26,49608,19080,81,0,0,0,81,True
CH_L_306b,11-20,38160,20988,81,0,0,1,80,True
CH_L_306b,11-21,40068,20988,81,0,0,0,81,True
CH_L_306b,11-22,41976,20988,81,0,0,0,81,True
CH_L_306b,11-23,43884,20988,81,0,0,0,81,True
CH_L_306b,11-24,45792,20988,81,0,0,0,81,True
CH_L_306b,11-25,47700,20988,81,0,0,0,81,True
CH_L_306b,11-26,49608,20988,81,0,0,0,81,True
CH_L_306b,12-21,40068,22896,81,0,0,36,45,True
CH_L_306b,12-22,41976,22896,81,0,0,1,80,True
CH_L_306b,12-23,43884,22896,81,0,0,0,81,True
CH_L_306b,12-24,45792,22896,81,0,0,0,81,True
CH_L_306b,12-25,47700,22896,81,0,0,0,81,True
CH_L_306b,12-26,49608,22896,81,0,0,0,81,True
CH_L_306b,13-23,43884,24804,81,0,0,14,67,True
CH_L_306b,13-24,45792,24804,81,0,0,0,81,True
CH_L_306b,13-25,47700,24804,81,0,0,0,81,True
CH_L_306b,14-24,45792,26712,81,0,0,26,55,True
CH_L_306b,14-25,47700,26712,81,0,0,0,81,True
CH_L_306b,7-20,38160,13356,81,0,0,0,81,True
CH_L_306b,7-21,40068,13356,81,0,0,0,81,True
CH_L_306b,7-22,41976,13356,81,0,0,0,81,True
CH_L_306b,8-20,38160,15264,81,0,0,0,81,True
CH_L_306b,8-21,40068,15264,81,0,0,0,81,True
CH_L_306b,8-26,49608,15264,81,0,0,5,76,True
CH_L_306b,9-20,38160,17172,81,0,0,0,81,True
CH_L_306b,9-21,40068,17172,81,0,0,0,81,True
CH_L_306b,9-22,41976,17172,81,0,0,0,81,True
CH_L_306b,9-24,45792,17172,81,0,0,0,81,True
CH_L_306b,9-25,47700,17172,81,0,0,0,81,True
CH_L_306b,9-26,49608,17172,81,0,0,0,81,True
CH_L_307a,10-17,32436,19080,81,0,0,1,80,True
CH_L_307a,10-18,34344,19080,81,0,0,0,81,True
CH_L_307a,10-19,36252,19080,81,0,0,0,81,True
CH_L_307a,10-20,38160,19080,81,0,0,8,73,True
CH_L_307a,10-21,40068,19080,81,0,0,16,65,True
CH_L_307a,10-22,41976,19080,81,0,0,15,66,True
CH_L_307a,4-18,34344,7632,81,0,0,66,15,True
CH_L_307a,4-19,36252,7632,81,0,0,66,15,True
CH_L_307a,4-20,38160,7632,81,0,0,60,21,True
CH_L_307a,4-21,40068,7632,81,0,0,68,13,True
CH_L_307a,5-20,38160,9540,81,0,0,24,57,True
CH_L_307a,5-21,40068,9540,81,0,0,19,62,True
CH_L_307a,5-22,41976,9540,81,0,0,40,41,True
CH_L_307a,6-19,36252,11448,81,0,0,2,79,True
CH_L_307a,6-20,38160,11448,81,0,0,1,80,True
CH_L_307a,6-21,40068,11448,81,0,0,0,81,True
CH_L_307a,6-22,41976,11448,81,0,0,5,76,True
CH_L_307a,7-19,36252,13356,81,0,0,0,81,True
CH_L_307a,7-20,38160,13356,81,0,0,0,81,True
CH_L_307a,7-21,40068,13356,81,0,0,0,81,True
CH_L_307a,7-22,41976,13356,81,0,0,0,81,True
CH_L_307a,8-17,32436,15264,81,0,0,0,81,True
CH_L_307a,8-18,34344,15264,81,0,0,7,74,True
CH_L_307a,8-19,36252,15264,81,0,0,7,74,True
CH_L_307a,8-20,38160,15264,81,0,0,1,80,True
CH_L_307a,8-21,40068,15264,81,0,0,0,81,True
CH_L_307a,8-22,41976,15264,81,0,0,0,81,True
CH_L_307a,9-17,32436,17172,81,0,0,0,81,True
CH_L_307a,9-18,34344,17172,81,0,0,0,81,True
CH_L_307a,9-19,36252,17172,81,0,0,7,74,True
CH_L_307a,9-20,38160,17172,81,0,0,20,61,True
CH_L_307a,9-21,40068,17172,81,0,0,0,81,True
CH_L_307a,9-22,41976,17172,81,0,0,0,81,True
CH_L_308a,10-10,19080,19080,81,0,0,0,81,True
CH_L_308a,10-11,20988,19080,81,0,0,0,81,True
CH_L_308a,10-12,22896,19080,81,0,0,0,81,True
CH_L_308a,10-14,26712,19080,81,0,0,0,81,True
CH_L_308a,10-15,28620,19080,81,0,0,0,81,True
CH_L_308a,10-16,30528,19080,81,0,0,1,80,True
CH_L_308a,11-10,19080,20988,81,0,0,3,78,True
CH_L_308a,11-11,20988,20988,81,0,0,1,80,True
CH_L_308a,11-12,22896,20988,81,0,0,0,81,True
CH_L_308a,11-13,24804,20988,81,0,0,0,81,True
CH_L_308a,11-15,28620,20988,81,0,0,0,81,True
CH_L_308a,11-16,30528,20988,81,0,0,0,81,True
CH_L_308a,12-10,19080,22896,81,0,0,1,80,True
CH_L_308a,12-11,20988,22896,81,0,0,0,81,True
CH_L_308a,12-16,30528,22896,81,0,0,0,81,True
CH_L_308a,13-10,19080,24804,81,0,0,0,81,True
CH_L_308a,13-11,20988,24804,81,0,0,0,81,True
CH_L_308a,13-12,22896,24804,81,0,0,0,81,True
CH_L_308a,14-11,20988,26712,81,0,0,0,81,True
CH_L_308a,14-12,22896,26712,81,0,0,0,81,True
CH_L_308a,14-13,24804,26712,81,0,0,0,81,True
CH_L_308a,8-10,19080,15264,81,0,0,0,81,True
CH_L_308a,8-11,20988,15264,81,0,0,0,81,True
CH_L_308a,8-12,22896,15264,81,0,0,0,81,True
CH_L_308a,8-13,24804,15264,81,0,0,0,81,True
CH_L_308a,8-14,26712,15264,81,0,0,0,81,True
CH_L_308a,8-15,28620,15264,81,0,0,0,81,True
CH_L_308a,8-16,30528,15264,81,0,0,0,81,True
CH_L_308a,9-10,19080,17172,81,0,0,0,81,True
CH_L_308a,9-11,20988,17172,81,0,0,0,81,True
CH_L_308a,9-12,22896,17172,81,0,0,0,81,True
CH_L_308a,9-13,24804,17172,81,0,0,0,81,True
CH_L_308a,9-14,26712,17172,81,0,0,6,75,True
CH_L_308a,9-15,28620,17172,81,0,0,2,79,True
CH_L_308a,9-16,30528,17172,81,0,0,0,81,True
CH_L_309a,10-11,20988,19080,81,0,0,0,81,True
CH_L_309a,10-12,22896,19080,81,0,0,0,81,True
CH_L_309a,10-13,24804,19080,81,0,0,0,81,True
CH_L_309a,10-14,26712,19080,81,0,0,0,81,True
CH_L_309a,10-15,28620,19080,81,0,0,0,81,True
CH_L_309a,10-16,30528,19080,81,0,0,13,68,True
CH_L_309a,10-17,32436,19080,81,0,0,0,81,True
CH_L_309a,10-18,34344,19080,81,0,0,0,81,True
CH_L_309a,11-11,20988,20988,81,0,0,0,81,True
CH_L_309a,11-12,22896,20988,81,0,0,1,80,True
CH_L_309a,11-13,24804,20988,81,0,0,0,81,True
CH_L_309a,11-14,26712,20988,81,0,0,0,81,True
CH_L_309a,11-15,28620,20988,81,0,0,3,78,True
CH_L_309a,11-16,30528,20988,81,0,0,0,81,True
CH_L_309a,11-17,32436,20988,81,0,0,0,81,True
CH_L_309a,11-18,34344,20988,81,0,0,0,81,True
CH_L_309a,12-11,20988,22896,81,0,0,0,81,True
CH_L_309a,12-12,22896,22896,81,0,0,0,81,True
CH_L_309a,12-13,24804,22896,81,0,0,0,81,True
CH_L_309a,12-14,26712,22896,81,0,0,0,81,True
CH_L_309a,12-15,28620,22896,81,0,0,0,81,True
CH_L_309a,12-16,30528,22896,81,0,0,1,80,True
CH_L_309a,12-17,32436,22896,81,0,0,0,81,True
CH_L_309a,12-18,34344,22896,81,0,0,0,81,True
CH_L_309a,13-13,24804,24804,81,0,0,0,81,True
CH_L_309a,13-14,26712,24804,81,0,0,0,81,True
CH_L_309a,13-15,28620,24804,81,0,0,12,69,True
CH_L_309a,13-16,30528,24804,81,0,0,0,81,True
CH_L_309a,13-17,32436,24804,81,0,0,0,81,True
CH_L_309a,14-15,28620,26712,81,0,0,0,81,True
CH_L_309a,14-16,30528,26712,81,0,0,0,81,True
CH_L_309a,14-17,32436,26712,81,0,0,0,81,True
CH_L_309a,8-11,20988,15264,81,0,0,0,81,True
CH_L_309a,8-12,22896,15264,81,0,0,0,81,True
CH_L_309a,8-13,24804,15264,81,0,0,0,81,True
CH_L_309a,8-14,26712,15264,81,0,0,0,81,True
CH_L_309a,8-15,28620,15264,81,0,0,0,81,True
CH_L_309a,8-16,30528,15264,81,0,0,0,81,True
CH_L_309a,8-17,32436,15264,81,0,0,0,81,True
CH_L_309a,8-18,34344,15264,81,0,0,0,81,True
CH_L_309a,9-11,20988,17172,81,0,0,0,81,True
CH_L_309a,9-12,22896,17172,81,0,0,0,81,True
CH_L_309a,9-13,24804,17172,81,0,0,0,81,True
CH_L_309a,9-14,26712,17172,81,0,0,0,81,True
CH_L_309a,9-15,28620,17172,81,0,0,0,81,True
CH_L_309a,9-16,30528,17172,81,0,0,0,81,True
CH_L_309a,9-17,32436,17172,81,0,0,0,81,True
CH_L_309a,9-18,34344,17172,81,0,0,0,81,True
CH_L_310a,10-16,30528,19080,81,0,0,6,75,True
CH_L_310a,11-12,22896,20988,81,0,0,20,61,True
CH_L_310a,11-13,24804,20988,81,0,0,22,59,True
CH_L_310a,11-14,26712,20988,81,0,0,31,50,True
CH_L_310a,11-18,34344,20988,81,0,0,0,81,True
CH_L_310a,5-13,24804,9540,81,0,0,27,54,True
CH_L_310a,5-16,30528,9540,81,0,0,15,66,True
CH_L_310a,6-12,22896,11448,81,0,0,35,46,True
CH_L_310a,6-13,24804,11448,81,0,0,21,60,True
CH_L_310a,6-14,26712,11448,81,0,0,18,63,True
CH_L_310a,6-15,28620,11448,81,0,0,24,57,True
CH_L_310a,6-16,30528,11448,81,0,0,6,75,True
CH_L_310a,6-17,32436,11448,81,0,0,1,80,True
CH_L_310a,6-18,34344,11448,81,0,0,12,69,True
CH_L_310a,7-13,24804,13356,81,0,0,15,66,True
CH_L_310a,7-14,26712,13356,81,0,0,9,72,True
CH_L_310a,7-15,28620,13356,81,0,0,7,74,True
CH_L_310a,7-17,32436,13356,81,0,0,5,76,True
CH_L_310a,8-16,30528,15264,81,0,0,3,78,True
CH_L_310a,8-17,32436,15264,81,0,0,4,77,True
CH_L_310a,8-18,34344,15264,81,0,0,1,80,True
CH_L_310a,9-12,22896,17172,81,0,0,0,81,True
CH_L_310a,9-16,30528,17172,81,0,0,2,79,True
CH_L_310a,9-17,32436,17172,81,0,0,10,71,True
CH_L_310a,9-18,34344,17172,81,0,0,2,79,True
CH_L_311a,10-14,26628,19020,81,0,0,1,80,True
CH_L_311a,10-15,28530,19020,81,0,0,2,79,True
CH_L_311a,10-18,34236,19020,81,0,0,0,81,True
CH_L_311a,10-19,36138,19020,81,0,0,0,81,True
CH_L_311a,10-20,38040,19020,81,0,0,0,81,True
CH_L_311a,11-14,26628,20922,81,0,0,0,81,True
CH_L_311a,11-15,28530,20922,81,0,0,0,81,True
CH_L_311a,11-16,30432,20922,81,0,0,0,81,True
CH_L_311a,11-17,32334,20922,81,0,0,0,81,True
CH_L_311a,11-18,34236,20922,81,0,0,0,81,True
CH_L_311a,11-19,36138,20922,81,0,0,0,81,True
CH_L_311a,11-20,38040,20922,81,0,0,0,81,True
CH_L_311a,12-14,26628,22824,81,0,0,1,80,True
CH_L_311a,12-15,28530,22824,81,0,0,9,72,True
CH_L_311a,12-16,30432,22824,81,0,0,2,79,True
CH_L_311a,12-17,32334,22824,81,0,0,0,81,True
CH_L_311a,12-18,34236,22824,81,0,0,0,81,True
CH_L_311a,12-19,36138,22824,81,0,0,0,81,True
CH_L_311a,12-20,38040,22824,81,0,0,0,81,True
CH_L_311a,13-14,26628,24726,81,0,0,4,77,True
CH_L_311a,13-15,28530,24726,81,0,0,2,79,True
CH_L_311a,13-16,30432,24726,81,0,0,17,64,True
CH_L_311a,13-17,32334,24726,81,0,0,9,72,True
CH_L_311a,13-18,34236,24726,81,0,0,0,81,True
CH_L_311a,13-19,36138,24726,81,0,0,0,81,True
CH_L_311a,13-20,38040,24726,81,0,0,0,81,True
CH_L_311a,14-14,26628,26628,81,0,0,15,66,True
CH_L_311a,14-15,28530,26628,81,0,0,2,79,True
CH_L_311a,14-16,30432,26628,81,0,0,22,59,True
CH_L_311a,14-17,32334,26628,81,0,0,47,34,True
CH_L_311a,14-18,34236,26628,81,0,0,1,80,True
CH_L_311a,14-19,36138,26628,81,0,0,0,81,True
CH_L_311a,14-20,38040,26628,81,0,0,0,81,True
CH_L_311a,15-14,26628,28530,81,0,0,0,81,True
CH_L_311a,15-15,28530,28530,81,0,0,2,79,True
CH_L_311a,15-16,30432,28530,81,0,0,5,76,True
CH_L_311a,15-17,32334,28530,81,0,0,15,66,True
CH_L_311a,15-18,34236,28530,81,0,0,1,80,True
CH_L_311a,15-19,36138,28530,81,0,0,1,80,True
CH_L_311a,15-20,38040,28530,81,0,0,0,81,True
CH_L_311a,16-15,28530,30432,81,0,0,6,75,True
CH_L_311a,16-16,30432,30432,81,0,0,5,76,True
CH_L_311a,16-17,32334,30432,81,0,0,15,66,True
CH_L_311a,16-18,34236,30432,81,0,0,4,77,True
CH_L_312a,10-10,19020,19020,81,0,0,0,81,True
CH_L_312a,10-11,20922,19020,81,0,0,0,81,True
CH_L_312a,10-12,22824,19020,81,0,0,0,81,True
CH_L_312a,10-13,24726,19020,81,0,0,0,81,True
CH_L_312a,11-10,19020,20922,81,0,0,3,78,True
CH_L_312a,11-11,20922,20922,81,0,0,1,80,True
CH_L_312a,11-12,22824,20922,81,0,0,0,81,True
CH_L_312a,11-13,24726,20922,81,0,0,0,81,True
CH_L_312a,11-14,26628,20922,81,0,0,15,66,True
CH_L_312a,11-9,17118,20922,81,0,0,0,81,True
CH_L_312a,12-10,19020,22824,81,0,0,10,71,True
CH_L_312a,12-11,20922,22824,81,0,0,1,80,True
CH_L_312a,12-12,22824,22824,81,0,0,2,79,True
CH_L_312a,12-13,24726,22824,81,0,0,5,76,True
CH_L_312a,12-14,26628,22824,81,0,0,10,71,True
CH_L_312a,12-9,17118,22824,81,0,0,0,81,True
CH_L_312a,13-10,19020,24726,81,0,0,0,81,True
CH_L_312a,13-12,22824,24726,81,0,0,11,70,True
CH_L_312a,13-13,24726,24726,81,0,0,32,49,True
CH_L_312a,13-14,26628,24726,81,0,0,42,39,True
CH_L_312a,13-9,17118,24726,81,0,0,1,80,True
CH_L_312a,7-13,24726,13314,81,0,0,46,35,True
CH_L_312a,7-14,26628,13314,81,0,0,41,40,True
CH_L_312a,8-10,19020,15216,81,0,0,0,81,True
CH_L_312a,8-11,20922,15216,81,0,0,1,80,True
CH_L_312a,8-14,26628,15216,81,0,0,3,78,True
CH_L_312a,9-10,19020,17118,81,0,0,1,80,True
CH_L_312a,9-11,20922,17118,81,0,0,0,81,True
CH_L_312a,9-12,22824,17118,81,0,0,0,81,True
CH_L_312a,9-13,24726,17118,81,0,0,0,81,True
CH_L_313a,10-7,13314,19020,81,0,0,3,78,True
CH_L_313a,10-9,17118,19020,81,0,0,0,81,True
CH_L_313a,5-8,15216,9510,81,0,0,0,81,True
CH_L_313a,6-7,13314,11412,81,0,0,8,73,True
CH_L_313a,6-8,15216,11412,81,0,0,0,81,True
CH_L_313a,7-7,13314,13314,81,0,0,16,65,True
CH_L_313a,7-8,15216,13314,81,0,0,0,81,True
CH_L_313a,7-9,17118,13314,81,0,0,23,58,True
CH_L_313a,8-10,19020,15216,81,0,0,50,31,True
CH_L_313a,8-7,13314,15216,81,0,0,3,78,True
CH_L_313a,8-8,15216,15216,81,0,0,3,78,True
CH_L_313a,9-6,11412,17118,81,0,0,3,78,True
CH_L_313a,9-7,13314,17118,81,0,0,4,77,True
CH_L_314a,10-23,43746,19020,81,0,0,0,81,True
CH_L_314a,10-24,45648,19020,81,0,0,0,81,True
CH_L_314a,10-25,47550,19020,81,0,0,6,75,True
CH_L_314a,10-28,53256,19020,81,0,0,0,81,True
CH_L_314a,10-29,55158,19020,81,0,0,0,81,True
CH_L_314a,11-23,43746,20922,81,0,0,11,70,True
CH_L_314a,11-24,45648,20922,81,0,0,20,61,True
CH_L_314a,11-29,55158,20922,81,0,0,15,66,True
CH_L_314a,6-24,45648,11412,81,0,0,78,3,True
CH_L_314a,6-25,47550,11412,81,0,0,75,6,True
CH_L_314a,6-26,49452,11412,81,0,0,60,21,True
CH_L_314a,6-28,53256,11412,81,0,0,77,4,True
CH_L_314a,6-29,55158,11412,81,0,0,71,10,True
CH_L_314a,7-23,43746,13314,81,0,0,39,42,True
CH_L_314a,7-24,45648,13314,81,0,0,27,54,True
CH_L_314a,7-25,47550,13314,81,0,0,20,61,True
CH_L_314a,7-26,49452,13314,81,0,0,1,80,True
CH_L_314a,7-27,51354,13314,81,0,0,7,74,True
CH_L_314a,7-28,53256,13314,81,0,0,19,62,True
CH_L_314a,7-29,55158,13314,81,0,0,18,63,True
CH_L_314a,8-23,43746,15216,81,0,0,1,80,True
CH_L_314a,8-24,45648,15216,81,0,0,2,79,True
CH_L_314a,8-25,47550,15216,81,0,0,0,81,True
CH_L_314a,8-26,49452,15216,81,0,0,0,81,True
CH_L_314a,8-27,51354,15216,81,0,0,1,80,True
CH_L_314a,8-28,53256,15216,81,0,0,0,81,True
CH_L_314a,8-29,55158,15216,81,0,0,0,81,True
CH_L_314a,9-23,43746,17118,81,0,0,0,81,True
CH_L_314a,9-24,45648,17118,81,0,0,0,81,True
CH_L_314a,9-25,47550,17118,81,0,0,0,81,True
CH_L_314a,9-28,53256,17118,81,0,0,0,81,True
CH_L_314a,9-29,55158,17118,81,0,0,1,80,True
CH_L_315a,10-10,19020,19020,81,0,0,0,81,True
CH_L_315a,10-11,20922,19020,81,0,0,9,72,True
CH_L_315a,10-12,22824,19020,81,0,0,13,68,True
CH_L_315a,10-13,24726,19020,81,0,0,19,62,True
CH_L_315a,10-14,26628,19020,81,0,0,41,40,True
CH_L_315a,10-8,15216,19020,81,0,0,0,81,True
CH_L_315a,10-9,17118,19020,81,0,0,2,79,True
CH_L_315a,11-10,19020,20922,81,0,0,4,77,True
CH_L_315a,11-11,20922,20922,81,0,0,0,81,True
CH_L_315a,11-12,22824,20922,81,0,0,9,72,True
CH_L_315a,11-13,24726,20922,81,0,0,6,75,True
CH_L_315a,11-14,26628,20922,81,0,0,35,46,True
CH_L_315a,11-8,15216,20922,81,0,0,0,81,True
CH_L_315a,11-9,17118,20922,81,0,0,0,81,True
CH_L_315a,12-10,19020,22824,81,0,0,46,35,True
CH_L_315a,12-11,20922,22824,81,0,0,55,26,True
CH_L_315a,12-12,22824,22824,81,0,0,53,28,True
CH_L_315a,12-13,24726,22824,81,0,0,52,29,True
CH_L_315a,12-14,26628,22824,81,0,0,71,10,True
CH_L_315a,12-8,15216,22824,81,0,0,68,13,True
CH_L_315a,12-9,17118,22824,81,0,0,45,36,True
CH_L_315a,13-10,19020,24726,81,0,0,51,30,True
CH_L_315a,13-12,22824,24726,81,0,0,76,5,True
CH_L_315a,13-13,24726,24726,81,0,0,81,0,False
CH_L_315a,13-8,15216,24726,81,0,0,68,13,True
CH_L_315a,13-9,17118,24726,81,0,0,59,22,True
CH_L_315a,14-12,22824,26628,81,0,0,3,78,True
CH_L_315a,14-13,24726,26628,81,0,0,9,72,True
CH_L_315a,14-8,15216,26628,81,0,0,18,63,True
CH_L_315a,7-8,15216,13314,81,0,0,51,30,True
CH_L_315a,8-10,19020,15216,81,0,0,63,18,True
CH_L_315a,8-11,20922,15216,81,0,0,64,17,True
CH_L_315a,8-12,22824,15216,81,0,0,1,80,True
CH_L_315a,8-13,24726,15216,81,0,0,0,81,True
CH_L_315a,8-14,26628,15216,81,0,0,0,81,True
CH_L_315a,8-8,15216,15216,81,0,0,51,30,True
CH_L_315a,9-10,19020,17118,81,0,0,8,73,True
CH_L_315a,9-11,20922,17118,81,0,0,16,65,True
CH_L_315a,9-12,22824,17118,81,0,0,3,78,True
CH_L_315a,9-13,24726,17118,81,0,0,21,60,True
CH_L_315a,9-14,26628,17118,81,0,0,28,53,True
CH_L_315a,9-8,15216,17118,81,0,0,4,77,True
CH_L_317a,10-10,19020,19020,81,0,0,0,81,True
CH_L_317a,10-4,7608,19020,81,0,0,9,72,True
CH_L_317a,10-5,9510,19020,81,0,0,0,81,True
CH_L_317a,10-6,11412,19020,81,0,0,0,81,True
CH_L_317a,10-7,13314,19020,81,0,0,0,81,True
CH_L_317a,10-8,15216,19020,81,0,0,0,81,True
CH_L_317a,10-9,17118,19020,81,0,0,2,79,True
CH_L_317a,11-4,7608,20922,81,0,0,0,81,True
CH_L_317a,11-5,9510,20922,81,0,0,0,81,True
CH_L_317a,11-6,11412,20922,81,0,0,0,81,True
CH_L_317a,11-7,13314,20922,81,0,0,0,81,True
CH_L_317a,11-8,15216,20922,81,0,0,0,81,True
CH_L_317a,11-9,17118,20922,81,0,0,11,70,True
CH_L_317a,12-10,19020,22824,81,0,0,2,79,True
CH_L_317a,12-4,7608,22824,81,0,0,3,78,True
CH_L_317a,12-5,9510,22824,81,0,0,0,81,True
CH_L_317a,12-6,11412,22824,81,0,0,1,80,True
CH_L_317a,12-7,13314,22824,81,0,0,0,81,True
CH_L_317a,12-8,15216,22824,81,0,0,0,81,True
CH_L_317a,12-9,17118,22824,81,0,0,0,81,True
CH_L_317a,13-10,19020,24726,81,0,0,6,75,True
CH_L_317a,13-4,7608,24726,81,0,0,0,81,True
CH_L_317a,13-5,9510,24726,81,0,0,0,81,True
CH_L_317a,13-6,11412,24726,81,0,0,0,81,True
CH_L_317a,13-7,13314,24726,81,0,0,0,81,True
CH_L_317a,13-8,15216,24726,81,0,0,1,80,True
CH_L_317a,13-9,17118,24726,81,0,0,20,61,True
CH_L_317a,14-5,9510,26628,81,0,0,7,74,True
CH_L_317a,14-6,11412,26628,81,0,0,0,81,True
CH_L_317a,14-7,13314,26628,81,0,0,0,81,True
CH_L_317a,14-8,15216,26628,81,0,0,15,66,True
CH_L_317a,14-9,17118,26628,81,0,0,45,36,True
CH_L_317a,8-10,19020,15216,81,0,0,3,78,True
CH_L_317a,8-5,9510,15216,81,0,0,21,60,True
CH_L_317a,8-6,11412,15216,81,0,0,20,61,True
CH_L_317a,8-7,13314,15216,81,0,0,0,81,True
CH_L_317a,8-8,15216,15216,81,0,0,1,80,True
CH_L_317a,8-9,17118,15216,81,0,0,0,81,True
CH_L_317a,9-10,19020,17118,81,0,0,0,81,True
CH_L_317a,9-5,9510,17118,81,0,0,10,71,True
CH_L_317a,9-6,11412,17118,81,0,0,0,81,True
CH_L_317a,9-7,13314,17118,81,0,0,0,81,True
CH_L_317a,9-8,15216,17118,81,0,0,1,80,True
CH_L_317a,9-9,17118,17118,81,0,0,0,81,True
CH_L_318a,10-23,43746,19020,81,0,0,0,81,True
CH_L_318a,10-24,45648,19020,81,0,0,0,81,True
CH_L_318a,10-25,47550,19020,81,0,0,0,81,True
CH_L_318a,10-26,49452,19020,81,0,0,0,81,True
CH_L_318a,10-27,51354,19020,81,0,0,0,81,True
CH_L_318a,10-28,53256,19020,81,0,0,1,80,True
CH_L_318a,10-29,55158,19020,81,0,0,0,81,True
CH_L_318a,11-23,43746,20922,81,0,0,0,81,True
CH_L_318a,11-24,45648,20922,81,0,0,1,80,True
CH_L_318a,11-25,47550,20922,81,0,0,1,80,True
CH_L_318a,11-26,49452,20922,81,0,0,0,81,True
CH_L_318a,11-27,51354,20922,81,0,0,0,81,True
CH_L_318a,11-28,53256,20922,81,0,0,0,81,True
CH_L_318a,11-29,55158,20922,81,0,0,0,81,True
CH_L_318a,12-23,43746,22824,81,0,0,0,81,True
CH_L_318a,12-24,45648,22824,81,0,0,0,81,True
CH_L_318a,12-25,47550,22824,81,0,0,0,81,True
CH_L_318a,12-26,49452,22824,81,0,0,0,81,True
CH_L_318a,12-27,51354,22824,81,0,0,0,81,True
CH_L_318a,12-28,53256,22824,81,0,0,0,81,True
CH_L_318a,12-29,55158,22824,81,0,0,0,81,True
CH_L_318a,13-23,43746,24726,81,0,0,11,70,True
CH_L_318a,13-24,45648,24726,81,0,0,2,79,True
CH_L_318a,13-25,47550,24726,81,0,0,0,81,True
CH_L_318a,13-26,49452,24726,81,0,0,0,81,True
CH_L_318a,13-27,51354,24726,81,0,0,0,81,True
CH_L_318a,13-28,53256,24726,81,0,0,0,81,True
CH_L_318a,13-29,55158,24726,81,0,0,0,81,True
CH_L_318a,7-24,45648,13314,81,0,0,3,78,True
CH_L_318a,7-25,47550,13314,81,0,0,14,67,True
CH_L_318a,7-26,49452,13314,81,0,0,8,73,True
CH_L_318a,7-27,51354,13314,81,0,0,0,81,True
CH_L_318a,7-28,53256,13314,81,0,0,3,78,True
CH_L_318a,7-29,55158,13314,81,0,0,36,45,True
CH_L_318a,8-24,45648,15216,81,0,0,0,81,True
CH_L_318a,8-25,47550,15216,81,0,0,0,81,True
CH_L_318a,8-26,49452,15216,81,0,0,0,81,True
CH_L_318a,8-27,51354,15216,81,0,0,0,81,True
CH_L_318a,8-28,53256,15216,81,0,0,0,81,True
CH_L_318a,8-29,55158,15216,81,0,0,16,65,True
CH_L_318a,9-23,43746,17118,81,0,0,0,81,True
CH_L_318a,9-24,45648,17118,81,0,0,0,81,True
CH_L_318a,9-25,47550,17118,81,0,0,0,81,True
CH_L_318a,9-26,49452,17118,81,0,0,0,81,True
CH_L_318a,9-27,51354,17118,81,0,0,0,81,True
CH_L_318a,9-28,53256,17118,81,0,0,0,81,True
CH_L_318a,9-29,55158,17118,81,0,0,0,81,True
CH_L_319a,10-19,36138,19020,81,0,0,21,60,True
CH_L_319a,10-20,38040,19020,81,0,0,0,81,True
CH_L_319a,10-21,39942,19020,81,0,0,10,71,True
CH_L_319a,10-22,41844,19020,81,0,0,26,55,True
CH_L_319a,11-20,38040,20922,81,0,0,48,33,True
CH_L_319a,5-19,36138,9510,81,0,0,0,81,True
CH_L_319a,5-20,38040,9510,81,0,0,0,81,True
CH_L_319a,5-21,39942,9510,81,0,0,0,81,True
CH_L_319a,5-22,41844,9510,81,0,0,0,81,True
CH_L_319a,5-23,43746,9510,81,0,0,0,81,True
CH_L_319a,6-18,34236,11412,81,0,0,0,81,True
CH_L_319a,6-19,36138,11412,81,0,0,0,81,True
CH_L_319a,6-20,38040,11412,81,0,0,0,81,True
CH_L_319a,6-21,39942,11412,81,0,0,0,81,True
CH_L_319a,6-22,41844,11412,81,0,0,0,81,True
CH_L_319a,6-23,43746,11412,81,0,0,0,81,True
CH_L_319a,7-18,34236,13314,81,0,0,0,81,True
CH_L_319a,7-19,36138,13314,81,0,0,0,81,True
CH_L_319a,7-20,38040,13314,81,0,0,0,81,True
CH_L_319a,7-21,39942,13314,81,0,0,0,81,True
CH_L_319a,7-22,41844,13314,81,0,0,0,81,True
CH_L_319a,7-23,43746,13314,81,0,0,0,81,True
CH_L_319a,7-24,45648,13314,81,0,0,8,73,True
CH_L_319a,8-19,36138,15216,81,0,0,0,81,True
CH_L_319a,8-20,38040,15216,81,0,0,0,81,True
CH_L_319a,8-21,39942,15216,81,0,0,0,81,True
CH_L_319a,8-22,41844,15216,81,0,0,0,81,True
CH_L_319a,8-23,43746,15216,81,0,0,0,81,True
CH_L_319a,8-24,45648,15216,81,0,0,15,66,True
CH_L_319a,9-19,36138,17118,81,0,0,1,80,True
CH_L_319a,9-20,38040,17118,81,0,0,0,81,True
CH_L_319a,9-21,39942,17118,81,0,0,0,81,True
CH_L_319a,9-22,41844,17118,81,0,0,0,81,True
CH_L_319a,9-23,43746,17118,81,0,0,0,81,True
CH_L_319a,9-24,45648,17118,81,0,0,0,81,True
CH_L_320a,10-16,30432,19020,81,0,0,4,77,True
CH_L_320a,10-18,34236,19020,81,0,0,43,38,True
CH_L_320a,10-19,36138,19020,81,0,0,1,80,True
CH_L_320a,10-20,38040,19020,81,0,0,51,30,True
CH_L_320a,11-14,26628,20922,81,0,0,1,80,True
CH_L_320a,11-15,28530,20922,81,0,0,13,68,True
CH_L_320a,11-16,30432,20922,81,0,0,60,21,True
CH_L_320a,11-17,32334,20922,81,0,0,18,63,True
CH_L_320a,11-18,34236,20922,81,0,0,6,75,True
CH_L_320a,11-19,36138,20922,81,0,0,5,76,True
CH_L_320a,11-20,38040,20922,81,0,0,3,78,True
CH_L_320a,12-14,26628,22824,81,0,0,46,35,True
CH_L_320a,12-15,28530,22824,81,0,0,65,16,True
CH_L_320a,12-16,30432,22824,81,0,0,50,31,True
CH_L_320a,12-17,32334,22824,81,0,0,24,57,True
CH_L_320a,12-18,34236,22824,81,0,0,0,81,True
CH_L_320a,12-19,36138,22824,81,0,0,2,79,True
CH_L_320a,12-20,38040,22824,81,0,0,15,66,True
CH_L_320a,13-14,26628,24726,81,0,0,58,23,True
CH_L_320a,13-15,28530,24726,81,0,0,58,23,True
CH_L_320a,13-16,30432,24726,81,0,0,32,49,True
CH_L_320a,13-17,32334,24726,81,0,0,57,24,True
CH_L_320a,13-18,34236,24726,81,0,0,6,75,True
CH_L_320a,13-19,36138,24726,81,0,0,15,66,True
CH_L_320a,13-20,38040,24726,81,0,0,54,27,True
CH_L_320a,7-14,26628,13314,81,0,0,67,14,True
CH_L_320a,7-15,28530,13314,81,0,0,74,7,True
CH_L_320a,7-16,30432,13314,81,0,0,68,13,True
CH_L_320a,7-17,32334,13314,81,0,0,81,0,False
CH_L_320a,7-19,36138,13314,81,0,0,72,9,True
CH_L_320a,8-14,26628,15216,81,0,0,15,66,True
CH_L_320a,8-15,28530,15216,81,0,0,19,62,True
CH_L_320a,8-16,30432,15216,81,0,0,45,36,True
CH_L_320a,8-17,32334,15216,81,0,0,71,10,True
CH_L_320a,8-18,34236,15216,81,0,0,73,8,True
CH_L_320a,8-19,36138,15216,81,0,0,62,19,True
CH_L_320a,8-20,38040,15216,81,0,0,51,30,True
CH_L_320a,9-16,30432,17118,81,0,0,9,72,True
CH_L_320a,9-17,32334,17118,81,0,0,7,74,True
CH_L_320a,9-20,38040,17118,81,0,0,62,19,True
CH_L_321a,10-12,22824,19020,81,0,0,0,81,True
CH_L_321a,10-13,24726,19020,81,0,0,0,81,True
CH_L_321a,10-14,26628,19020,81,0,0,0,81,True
CH_L_321a,10-15,28530,19020,81,0,0,0,81,True
CH_L_321a,10-16,30432,19020,81,0,0,0,81,True
CH_L_321a,10-17,32334,19020,81,0,0,0,81,True
CH_L_321a,11-11,20922,20922,81,0,0,6,75,True
CH_L_321a,11-12,22824,20922,81,0,0,0,81,True
CH_L_321a,11-13,24726,20922,81,0,0,0,81,True
CH_L_321a,11-14,26628,20922,81,0,0,0,81,True
CH_L_321a,11-15,28530,20922,81,0,0,0,81,True
CH_L_321a,11-16,30432,20922,81,0,0,2,79,True
CH_L_321a,11-17,32334,20922,81,0,0,0,81,True
CH_L_321a,12-11,20922,22824,81,0,0,1,80,True
CH_L_321a,12-12,22824,22824,81,0,0,0,81,True
CH_L_321a,12-13,24726,22824,81,0,0,0,81,True
CH_L_321a,12-14,26628,22824,81,0,0,0,81,True
CH_L_321a,12-15,28530,22824,81,0,0,0,81,True
CH_L_321a,12-16,30432,22824,81,0,0,2,79,True
CH_L_321a,12-17,32334,22824,81,0,0,0,81,True
CH_L_321a,13-13,24726,24726,81,0,0,0,81,True
CH_L_321a,13-14,26628,24726,81,0,0,1,80,True
CH_L_321a,13-15,28530,24726,81,0,0,1,80,True
CH_L_321a,13-16,30432,24726,81,0,0,2,79,True
CH_L_321a,13-17,32334,24726,81,0,0,0,81,True
CH_L_321a,6-12,22824,11412,81,0,0,73,8,True
CH_L_321a,7-12,22824,13314,81,0,0,52,29,True
CH_L_321a,7-13,24726,13314,81,0,0,15,66,True
CH_L_321a,7-14,26628,13314,81,0,0,3,78,True
CH_L_321a,7-15,28530,13314,81,0,0,0,81,True
CH_L_321a,7-16,30432,13314,81,0,0,0,81,True
CH_L_321a,8-12,22824,15216,81,0,0,5,76,True
CH_L_321a,8-13,24726,15216,81,0,0,0,81,True
CH_L_321a,8-14,26628,15216,81,0,0,5,76,True
CH_L_321a,8-15,28530,15216,81,0,0,0,81,True
CH_L_321a,8-16,30432,15216,81,0,0,0,81,True
CH_L_321a,8-17,32334,15216,81,0,0,0,81,True
CH_L_321a,9-12,22824,17118,81,0,0,0,81,True
CH_L_321a,9-13,24726,17118,81,0,0,0,81,True
CH_L_321a,9-14,26628,17118,81,0,0,0,81,True
CH_L_321a,9-15,28530,17118,81,0,0,0,81,True
CH_L_321a,9-16,30432,17118,81,0,0,0,81,True
CH_L_321a,9-17,32334,17118,81,0,0,0,81,True
CH_L_322a,10-10,19020,19020,81,0,0,0,81,True
CH_L_322a,10-11,20922,19020,81,0,0,0,81,True
CH_L_322a,10-12,22824,19020,81,0,0,0,81,True
CH_L_322a,10-13,24726,19020,81,0,0,0,81,True
CH_L_322a,10-14,26628,19020,81,0,0,0,81,True
CH_L_322a,11-11,20922,20922,81,0,0,0,81,True
CH_L_322a,11-12,22824,20922,81,0,0,0,81,True
CH_L_322a,11-13,24726,20922,81,0,0,0,81,True
CH_L_322a,11-14,26628,20922,81,0,0,0,81,True
CH_L_322a,12-10,19020,22824,81,0,0,0,81,True
CH_L_322a,12-11,20922,22824,81,0,0,13,68,True
CH_L_322a,12-12,22824,22824,81,0,0,12,69,True
CH_L_322a,12-14,26628,22824,81,0,0,0,81,True
CH_L_322a,13-10,19020,24726,81,0,0,0,81,True
CH_L_322a,13-11,20922,24726,81,0,0,45,36,True
CH_L_322a,13-12,22824,24726,81,0,0,31,50,True
CH_L_322a,13-13,24726,24726,81,0,0,0,81,True
CH_L_322a,13-14,26628,24726,81,0,0,0,81,True
CH_L_322a,13-9,17118,24726,81,0,0,0,81,True
CH_L_322a,14-10,19020,26628,81,0,0,0,81,True
CH_L_322a,14-11,20922,26628,81,0,0,0,81,True
CH_L_322a,14-12,22824,26628,81,0,0,0,81,True
CH_L_322a,14-13,24726,26628,81,0,0,0,81,True
CH_L_322a,14-14,26628,26628,81,0,0,1,80,True
CH_L_322a,14-15,28530,26628,81,0,0,0,81,True
CH_L_322a,14-9,17118,26628,81,0,0,0,81,True
CH_L_322a,15-10,19020,28530,81,0,0,0,81,True
CH_L_322a,15-11,20922,28530,81,0,0,0,81,True
CH_L_322a,15-12,22824,28530,81,0,0,0,81,True
CH_L_322a,15-13,24726,28530,81,0,0,0,81,True
CH_L_322a,15-14,26628,28530,81,0,0,1,80,True
CH_L_322a,15-9,17118,28530,81,0,0,0,81,True
CH_L_322a,8-11,20922,15216,81,0,0,15,66,True
CH_L_322a,8-12,22824,15216,81,0,0,40,41,True
CH_L_322a,8-13,24726,15216,81,0,0,27,54,True
CH_L_322a,8-14,26628,15216,81,0,0,35,46,True
CH_L_322a,9-10,19020,17118,81,0,0,6,75,True
CH_L_322a,9-11,20922,17118,81,0,0,0,81,True
CH_L_322a,9-12,22824,17118,81,0,0,0,81,True
CH_L_322a,9-13,24726,17118,81,0,0,0,81,True
CH_L_322a,9-14,26628,17118,81,0,0,0,81,True
CH_L_323a,10-10,19020,19020,81,0,0,10,71,True
CH_L_323a,10-11,20922,19020,81,0,0,46,35,True
CH_L_323a,10-12,22824,19020,81,0,0,38,43,True
CH_L_323a,10-13,24726,19020,81,0,0,46,35,True
CH_L_323a,10-14,26628,19020,81,0,0,63,18,True
CH_L_323a,10-8,15216,19020,81,0,0,18,63,True
CH_L_323a,10-9,17118,19020,81,0,0,6,75,True
CH_L_323a,11-10,19020,20922,81,0,0,31,50,True
CH_L_323a,11-11,20922,20922,81,0,0,43,38,True
CH_L_323a,11-12,22824,20922,81,0,0,43,38,True
CH_L_323a,11-13,24726,20922,81,0,0,48,33,True
CH_L_323a,11-8,15216,20922,81,0,0,14,67,True
CH_L_323a,11-9,17118,20922,81,0,0,25,56,True
CH_L_323a,4-12,22824,7608,81,0,0,46,35,True
CH_L_323a,4-13,24726,7608,81,0,0,68,13,True
CH_L_323a,5-10,19020,9510,81,0,0,10,71,True
CH_L_323a,5-11,20922,9510,81,0,0,39,42,True
CH_L_323a,5-12,22824,9510,81,0,0,53,28,True
CH_L_323a,5-13,24726,9510,81,0,0,48,33,True
CH_L_323a,5-9,17118,9510,81,0,0,41,40,True
CH_L_323a,6-10,19020,11412,81,0,0,29,52,True
CH_L_323a,6-11,20922,11412,81,0,0,46,35,True
CH_L_323a,6-12,22824,11412,81,0,0,18,63,True
CH_L_323a,6-13,24726,11412,81,0,0,15,66,True
CH_L_323a,6-14,26628,11412,81,0,0,39,42,True
CH_L_323a,6-8,15216,11412,81,0,0,32,49,True
CH_L_323a,6-9,17118,11412,81,0,0,22,59,True
CH_L_323a,7-10,19020,13314,81,0,0,27,54,True
CH_L_323a,7-11,20922,13314,81,0,0,34,47,True
CH_L_323a,7-12,22824,13314,81,0,0,7,74,True
CH_L_323a,7-13,24726,13314,81,0,0,6,75,True
CH_L_323a,7-14,26628,13314,81,0,0,17,64,True
CH_L_323a,7-8,15216,13314,81,0,0,38,43,True
CH_L_323a,7-9,17118,13314,81,0,0,18,63,True
CH_L_323a,8-10,19020,15216,81,0,0,63,18,True
CH_L_323a,8-11,20922,15216,81,0,0,28,53,True
CH_L_323a,8-12,22824,15216,81,0,0,32,49,True
CH_L_323a,8-13,24726,15216,81,0,0,42,39,True
CH_L_323a,8-14,26628,15216,81,0,0,43,38,True
CH_L_323a,8-8,15216,15216,81,0,0,18,63,True
CH_L_323a,8-9,17118,15216,81,0,0,61,20,True
CH_L_323a,9-10,19020,17118,81,0,0,24,57,True
CH_L_323a,9-11,20922,17118,81,0,0,5,76,True
CH_L_323a,9-12,22824,17118,81,0,0,2,79,True
CH_L_323a,9-13,24726,17118,81,0,0,29,52,True
CH_L_323a,9-8,15216,17118,81,0,0,15,66,True
CH_L_323a,9-9,17118,17118,81,0,0,26,55,True
CH_L_326a,10-13,24726,19020,81,0,0,0,81,True
CH_L_326a,10-14,26628,19020,81,0,0,0,81,True
CH_L_326a,10-15,28530,19020,81,0,0,0,81,True
CH_L_326a,10-16,30432,19020,81,0,0,0,81,True
CH_L_326a,10-17,32334,19020,81,0,0,0,81,True
CH_L_326a,10-18,34236,19020,81,0,0,0,81,True
CH_L_326a,10-19,36138,19020,81,0,0,1,80,True
CH_L_326a,11-13,24726,20922,81,0,0,0,81,True
CH_L_326a,11-14,26628,20922,81,0,0,0,81,True
CH_L_326a,11-16,30432,20922,81,0,0,0,81,True
CH_L_326a,11-17,32334,20922,81,0,0,0,81,True
CH_L_326a,11-18,34236,20922,81,0,0,0,81,True
CH_L_326a,11-19,36138,20922,81,0,0,0,81,True
CH_L_326a,12-13,24726,22824,81,0,0,0,81,True
CH_L_326a,12-14,26628,22824,81,0,0,0,81,True
CH_L_326a,12-15,28530,22824,81,0,0,0,81,True
CH_L_326a,12-16,30432,22824,81,0,0,0,81,True
CH_L_326a,12-17,32334,22824,81,0,0,0,81,True
CH_L_326a,12-18,34236,22824,81,0,0,0,81,True
CH_L_326a,12-19,36138,22824,81,0,0,0,81,True
CH_L_326a,13-13,24726,24726,81,0,0,0,81,True
CH_L_326a,13-14,26628,24726,81,0,0,0,81,True
CH_L_326a,13-15,28530,24726,81,0,0,0,81,True
CH_L_326a,13-16,30432,24726,81,0,0,0,81,True
CH_L_326a,13-17,32334,24726,81,0,0,0,81,True
CH_L_326a,13-18,34236,24726,81,0,0,0,81,True
CH_L_326a,13-19,36138,24726,81,0,0,0,81,True
CH_L_326a,14-13,24726,26628,81,0,0,0,81,True
CH_L_326a,14-14,26628,26628,81,0,0,0,81,True
CH_L_326a,14-15,28530,26628,81,0,0,0,81,True
CH_L_326a,14-16,30432,26628,81,0,0,0,81,True
CH_L_326a,14-17,32334,26628,81,0,0,0,81,True
CH_L_326a,14-18,34236,26628,81,0,0,0,81,True
CH_L_326a,14-19,36138,26628,81,0,0,0,81,True
CH_L_326a,15-14,26628,28530,81,0,0,0,81,True
CH_L_326a,15-15,28530,28530,81,0,0,0,81,True
CH_L_326a,15-16,30432,28530,81,0,0,2,79,True
CH_L_326a,15-17,32334,28530,81,0,0,0,81,True
CH_L_326a,15-18,34236,28530,81,0,0,3,78,True
CH_L_326a,15-19,36138,28530,81,0,0,0,81,True
CH_L_326a,16-16,30432,30432,81,0,0,5,76,True
CH_L_326a,16-18,34236,30432,81,0,0,0,81,True
CH_L_326a,16-19,36138,30432,81,0,0,0,81,True
CH_L_327a,10-3,5706,19020,81,0,0,3,78,True
CH_L_327a,10-4,7608,19020,81,0,0,1,80,True
CH_L_327a,10-5,9510,19020,81,0,0,0,81,True
CH_L_327a,10-6,11412,19020,81,0,0,0,81,True
CH_L_327a,10-7,13314,19020,81,0,0,0,81,True
CH_L_327a,10-8,15216,19020,81,0,0,4,77,True
CH_L_327a,11-3,5706,20922,81,0,0,31,50,True
CH_L_327a,11-4,7608,20922,81,0,0,6,75,True
CH_L_327a,11-5,9510,20922,81,0,0,0,81,True
CH_L_327a,11-6,11412,20922,81,0,0,0,81,True
CH_L_327a,11-7,13314,20922,81,0,0,26,55,True
CH_L_327a,11-8,15216,20922,81,0,0,28,53,True
CH_L_327a,12-3,5706,22824,81,0,0,32,49,True
CH_L_327a,12-4,7608,22824,81,0,0,34,47,True
CH_L_327a,12-5,9510,22824,81,0,0,7,74,True
CH_L_327a,5-6,11412,9510,81,0,0,37,44,True
CH_L_327a,5-7,13314,9510,81,0,0,34,47,True
CH_L_327a,5-8,15216,9510,81,0,0,39,42,True
CH_L_327a,6-2,3804,11412,81,0,0,70,11,True
CH_L_327a,6-3,5706,11412,81,0,0,64,17,True
CH_L_327a,6-4,7608,11412,81,0,0,22,59,True
CH_L_327a,6-5,9510,11412,81,0,0,1,80,True
CH_L_327a,6-6,11412,11412,81,0,0,5,76,True
CH_L_327a,6-7,13314,11412,81,0,0,0,81,True
CH_L_327a,6-8,15216,11412,81,0,0,3,78,True
CH_L_327a,7-2,3804,13314,81,0,0,68,13,True
CH_L_327a,7-3,5706,13314,81,0,0,59,22,True
CH_L_327a,7-4,7608,13314,81,0,0,10,71,True
CH_L_327a,7-5,9510,13314,81,0,0,0,81,True
CH_L_327a,7-6,11412,13314,81,0,0,0,81,True
CH_L_327a,7-7,13314,13314,81,0,0,0,81,True
CH_L_327a,7-8,15216,13314,81,0,0,3,78,True
CH_L_327a,8-3,5706,15216,81,0,0,44,37,True
CH_L_327a,8-4,7608,15216,81,0,0,2,79,True
CH_L_327a,8-5,9510,15216,81,0,0,0,81,True
CH_L_327a,8-6,11412,15216,81,0,0,0,81,True
CH_L_327a,8-7,13314,15216,81,0,0,0,81,True
CH_L_327a,8-8,15216,15216,81,0,0,5,76,True
CH_L_327a,9-3,5706,17118,81,0,0,17,64,True
CH_L_327a,9-4,7608,17118,81,0,0,0,81,True
CH_L_327a,9-5,9510,17118,81,0,0,0,81,True
CH_L_327a,9-6,11412,17118,81,0,0,0,81,True
CH_L_327a,9-7,13314,17118,81,0,0,0,81,True
CH_L_327a,9-8,15216,17118,81,0,0,0,81,True
CH_L_328a,10-10,19020,19020,81,0,0,19,62,True
CH_L_328a,10-11,20922,19020,81,0,0,20,61,True
CH_L_328a,10-12,22824,19020,81,0,0,12,69,True
CH_L_328a,10-13,24726,19020,81,0,0,0,81,True
CH_L_328a,10-14,26628,19020,81,0,0,0,81,True
CH_L_328a,10-15,28530,19020,81,0,0,8,73,True
CH_L_328a,10-9,17118,19020,81,0,0,13,68,True
CH_L_328a,11-10,19020,20922,81,0,0,46,35,True
CH_L_328a,11-11,20922,20922,81,0,0,16,65,True
CH_L_328a,11-12,22824,20922,81,0,0,1,80,True
CH_L_328a,11-13,24726,20922,81,0,0,0,81,True
CH_L_328a,11-14,26628,20922,81,0,0,0,81,True
CH_L_328a,11-15,28530,20922,81,0,0,40,41,True
CH_L_328a,11-9,17118,20922,81,0,0,21,60,True
CH_L_328a,12-10,19020,22824,81,0,0,5,76,True
CH_L_328a,12-11,20922,22824,81,0,0,5,76,True
CH_L_328a,12-12,22824,22824,81,0,0,6,75,True
CH_L_328a,12-13,24726,22824,81,0,0,1,80,True
CH_L_328a,12-14,26628,22824,81,0,0,0,81,True
CH_L_328a,12-9,17118,22824,81,0,0,0,81,True
CH_L_328a,13-10,19020,24726,81,0,0,2,79,True
CH_L_328a,13-11,20922,24726,81,0,0,0,81,True
CH_L_328a,13-12,22824,24726,81,0,0,13,68,True
CH_L_328a,13-13,24726,24726,81,0,0,18,63,True
CH_L_328a,13-14,26628,24726,81,0,0,7,74,True
CH_L_328a,13-15,28530,24726,81,0,0,45,36,True
CH_L_328a,13-9,17118,24726,81,0,0,5,76,True
CH_L_328a,14-10,19020,26628,81,0,0,0,81,True
CH_L_328a,14-11,20922,26628,81,0,0,3,78,True
CH_L_328a,14-12,22824,26628,81,0,0,13,68,True
CH_L_328a,14-13,24726,26628,81,0,0,29,52,True
CH_L_328a,14-14,26628,26628,81,0,0,3,78,True
CH_L_328a,14-9,17118,26628,81,0,0,2,79,True
CH_L_328a,8-10,19020,15216,81,0,0,10,71,True
CH_L_328a,8-11,20922,15216,81,0,0,32,49,True
CH_L_328a,8-12,22824,15216,81,0,0,7,74,True
CH_L_328a,8-13,24726,15216,81,0,0,0,81,True
CH_L_328a,8-14,26628,15216,81,0,0,0,81,True
CH_L_328a,8-15,28530,15216,81,0,0,15,66,True
CH_L_328a,9-10,19020,17118,81,0,0,20,61,True
CH_L_328a,9-11,20922,17118,81,0,0,54,27,True
CH_L_328a,9-12,22824,17118,81,0,0,11,70,True
CH_L_328a,9-13,24726,17118,81,0,0,7,74,True
CH_L_328a,9-14,26628,17118,81,0,0,0,81,True
CH_L_328a,9-15,28530,17118,81,0,0,1,80,True
CH_L_329a,10-10,19040,19040,81,0,0,0,81,True
CH_L_329a,10-11,20944,19040,81,0,0,2,79,True
CH_L_329a,10-12,22848,19040,81,0,0,1,80,True
CH_L_329a,10-13,24752,19040,81,0,0,0,81,True
CH_L_329a,10-9,17136,19040,81,0,0,11,70,True
CH_L_329a,11-10,19040,20944,81,0,0,2,79,True
CH_L_329a,11-11,20944,20944,81,0,0,0,81,True
CH_L_329a,11-12,22848,20944,81,0,0,0,81,True
CH_L_329a,11-13,24752,20944,81,0,0,12,69,True
CH_L_329a,11-9,17136,20944,81,0,0,1,80,True
CH_L_329a,5-10,19040,9520,81,0,0,9,72,True
CH_L_329a,5-12,22848,9520,81,0,0,0,81,True
CH_L_329a,5-13,24752,9520,81,0,0,0,81,True
CH_L_329a,6-10,19040,11424,81,0,0,0,81,True
CH_L_329a,6-11,20944,11424,81,0,0,0,81,True
CH_L_329a,6-12,22848,11424,81,0,0,14,67,True
CH_L_329a,6-9,17136,11424,81,0,0,15,66,True
CH_L_329a,7-10,19040,13328,81,0,0,0,81,True
CH_L_329a,7-11,20944,13328,81,0,0,0,81,True
CH_L_329a,7-8,15232,13328,81,0,0,21,60,True
CH_L_329a,7-9,17136,13328,81,0,0,1,80,True
CH_L_329a,8-10,19040,15232,81,0,0,1,80,True
CH_L_329a,8-11,20944,15232,81,0,0,1,80,True
CH_L_329a,8-12,22848,15232,81,0,0,0,81,True
CH_L_329a,8-13,24752,15232,81,0,0,1,80,True
CH_L_329a,8-8,15232,15232,81,0,0,2,79,True
CH_L_329a,8-9,17136,15232,81,0,0,0,81,True
CH_L_329a,9-10,19040,17136,81,0,0,10,71,True
CH_L_329a,9-11,20944,17136,81,0,0,1,80,True
CH_L_329a,9-12,22848,17136,81,0,0,0,81,True
CH_L_329a,9-13,24752,17136,81,0,0,2,79,True
CH_L_329a,9-8,15232,17136,81,0,0,10,71,True
CH_L_329a,9-9,17136,17136,81,0,0,10,71,True
CH_L_333a,10-3,5712,19040,81,0,0,0,81,True
CH_L_333a,10-6,11424,19040,81,0,0,0,81,True
CH_L_333a,10-7,13328,19040,81,0,0,0,81,True
CH_L_333a,11-3,5712,20944,81,0,0,0,81,True
CH_L_333a,11-7,13328,20944,81,0,0,3,78,True
CH_L_333a,12-7,13328,22848,81,0,0,20,61,True
CH_L_333a,13-4,7616,24752,81,0,0,0,81,True
CH_L_333a,13-8,15232,24752,81,0,0,26,55,True
CH_L_333a,14-3,5712,26656,81,0,0,23,58,True
CH_L_333a,14-5,9520,26656,81,0,0,2,79,True
CH_L_333a,14-6,11424,26656,81,0,0,6,75,True
CH_L_333a,14-7,13328,26656,81,0,0,13,68,True
CH_L_333a,14-8,15232,26656,81,0,0,62,19,True
CH_L_333a,8-6,11424,15232,81,0,0,0,81,True
CH_L_333a,9-6,11424,17136,81,0,0,0,81,True
CH_L_333a,9-7,13328,17136,81,0,0,0,81,True
CH_L_334a,10-11,20944,19040,81,0,0,0,81,True
CH_L_334a,10-12,22848,19040,81,0,0,2,79,True
CH_L_334a,10-13,24752,19040,81,0,0,6,75,True
CH_L_334a,10-14,26656,19040,81,0,0,0,81,True
CH_L_334a,10-15,28560,19040,81,0,0,14,67,True
CH_L_334a,11-11,20944,20944,81,0,0,0,81,True
CH_L_334a,11-12,22848,20944,81,0,0,0,81,True
CH_L_334a,11-13,24752,20944,81,0,0,9,72,True
CH_L_334a,11-14,26656,20944,81,0,0,34,47,True
CH_L_334a,5-12,22848,9520,81,0,0,0,81,True
CH_L_334a,5-13,24752,9520,81,0,0,0,81,True
CH_L_334a,5-14,26656,9520,81,0,0,0,81,True
CH_L_334a,5-16,30464,9520,81,0,0,0,81,True
CH_L_334a,6-11,20944,11424,81,0,0,2,79,True
CH_L_334a,6-12,22848,11424,81,0,0,0,81,True
CH_L_334a,6-13,24752,11424,81,0,0,0,81,True
CH_L_334a,6-14,26656,11424,81,0,0,1,80,True
CH_L_334a,6-15,28560,11424,81,0,0,3,78,True
CH_L_334a,6-16,30464,11424,81,0,0,2,79,True
CH_L_334a,6-17,32368,11424,81,0,0,15,66,True
CH_L_334a,7-11,20944,13328,81,0,0,0,81,True
CH_L_334a,7-12,22848,13328,81,0,0,10,71,True
CH_L_334a,7-13,24752,13328,81,0,0,0,81,True
CH_L_334a,7-14,26656,13328,81,0,0,2,79,True
CH_L_334a,7-15,28560,13328,81,0,0,1,80,True
CH_L_334a,7-16,30464,13328,81,0,0,8,73,True
CH_L_334a,7-17,32368,13328,81,0,0,23,58,True
CH_L_334a,8-11,20944,15232,81,0,0,0,81,True
CH_L_334a,8-12,22848,15232,81,0,0,0,81,True
CH_L_334a,8-13,24752,15232,81,0,0,0,81,True
CH_L_334a,8-14,26656,15232,81,0,0,0,81,True
CH_L_334a,8-15,28560,15232,81,0,0,2,79,True
CH_L_334a,8-16,30464,15232,81,0,0,14,67,True
CH_L_334a,8-17,32368,15232,81,0,0,28,53,True
CH_L_334a,9-11,20944,17136,81,0,0,0,81,True
CH_L_334a,9-12,22848,17136,81,0,0,11,70,True
CH_L_334a,9-13,24752,17136,81,0,0,0,81,True
CH_L_334a,9-14,26656,17136,81,0,0,0,81,True
CH_L_334a,9-15,28560,17136,81,0,0,10,71,True
CH_L_334a,9-16,30464,17136,81,0,0,36,45,True
CH_L_335a,2-6,11424,3808,81,0,0,44,37,True
CH_L_335a,2-7,13328,3808,81,0,0,54,27,True
CH_L_335a,2-8,15232,3808,81,0,0,80,1,True
CH_L_335a,3-10,19040,5712,81,0,0,64,17,True
CH_L_335a,3-11,20944,5712,81,0,0,1,80,True
CH_L_335a,3-12,22848,5712,81,0,0,45,36,True
CH_L_335a,3-6,11424,5712,81,0,0,14,67,True
CH_L_335a,3-7,13328,5712,81,0,0,65,16,True
CH_L_335a,3-8,15232,5712,81,0,0,70,11,True
CH_L_335a,3-9,17136,5712,81,0,0,55,26,True
CH_L_335a,4-8,15232,7616,81,0,0,20,61,True
CH_L_335a,4-9,17136,7616,81,0,0,37,44,True
CH_L_336a,10-11,20944,19040,81,0,0,0,81,True
CH_L_336a,10-6,11424,19040,81,0,0,0,81,True
CH_L_336a,10-7,13328,19040,81,0,0,0,81,True
CH_L_336a,10-8,15232,19040,81,0,0,0,81,True
CH_L_336a,11-11,20944,20944,81,0,0,0,81,True
CH_L_336a,11-6,11424,20944,81,0,0,0,81,True
CH_L_336a,11-7,13328,20944,81,0,0,0,81,True
CH_L_336a,11-8,15232,20944,81,0,0,1,80,True
CH_L_336a,12-10,19040,22848,81,0,0,0,81,True
CH_L_336a,12-11,20944,22848,81,0,0,0,81,True
CH_L_336a,12-6,11424,22848,81,0,0,0,81,True
CH_L_336a,12-7,13328,22848,81,0,0,0,81,True
CH_L_336a,12-8,15232,22848,81,0,0,0,81,True
CH_L_336a,12-9,17136,22848,81,0,0,0,81,True
CH_L_336a,13-10,19040,24752,81,0,0,0,81,True
CH_L_336a,13-11,20944,24752,81,0,0,0,81,True
CH_L_336a,13-6,11424,24752,81,0,0,0,81,True
CH_L_336a,13-9,17136,24752,81,0,0,0,81,True
CH_L_336a,14-10,19040,26656,81,0,0,0,81,True
CH_L_336a,14-11,20944,26656,81,0,0,0,81,True
CH_L_336a,14-7,13328,26656,81,0,0,0,81,True
CH_L_336a,15-10,19040,28560,81,0,0,0,81,True
CH_L_336a,15-11,20944,28560,81,0,0,0,81,True
CH_L_336a,15-6,11424,28560,81,0,0,0,81,True
CH_L_336a,9-11,20944,17136,81,0,0,0,81,True
CH_L_336a,9-6,11424,17136,81,0,0,0,81,True
CH_L_336a,9-7,13328,17136,81,0,0,0,81,True
CH_L_336a,9-8,15232,17136,81,0,0,0,81,True
CH_L_337a,10-16,30528,19080,81,0,0,0,81,True
CH_L_337a,10-17,32436,19080,81,0,0,1,80,True
CH_L_337a,10-18,34344,19080,81,0,0,0,81,True
CH_L_337a,10-21,40068,19080,81,0,0,4,77,True
CH_L_337a,10-22,41976,19080,81,0,0,11,70,True
CH_L_337a,11-16,30528,20988,81,0,0,1,80,True
CH_L_337a,11-17,32436,20988,81,0,0,14,67,True
CH_L_337a,11-18,34344,20988,81,0,0,5,76,True
CH_L_337a,11-21,40068,20988,81,0,0,35,46,True
CH_L_337a,11-22,41976,20988,81,0,0,0,81,True
CH_L_337a,12-17,32436,22896,81,0,0,1,80,True
CH_L_337a,13-16,30528,24804,81,0,0,59,22,True
CH_L_337a,7-16,30528,13356,81,0,0,2,79,True
CH_L_337a,7-17,32436,13356,81,0,0,14,67,True
CH_L_337a,7-18,34344,13356,81,0,0,0,81,True
CH_L_337a,7-19,36252,13356,81,0,0,4,77,True
CH_L_337a,7-20,38160,13356,81,0,0,14,67,True
CH_L_337a,7-21,40068,13356,81,0,0,7,74,True
CH_L_337a,8-16,30528,15264,81,0,0,0,81,True
CH_L_337a,8-17,32436,15264,81,0,0,0,81,True
CH_L_337a,8-18,34344,15264,81,0,0,0,81,True
CH_L_337a,8-22,41976,15264,81,0,0,47,34,True
CH_L_337a,9-16,30528,17172,81,0,0,0,81,True
CH_L_337a,9-17,32436,17172,81,0,0,0,81,True
CH_L_337a,9-18,34344,17172,81,0,0,0,81,True
CH_L_337a,9-21,40068,17172,81,0,0,1,80,True
CH_L_337a,9-22,41976,17172,81,0,0,27,54,True
CH_L_338a,10-11,20988,19080,81,0,0,46,35,True
CH_L_338a,10-12,22896,19080,81,0,0,3,78,True
CH_L_338a,10-13,24804,19080,81,0,0,10,71,True
CH_L_338a,10-14,26712,19080,81,0,0,5,76,True
CH_L_338a,10-15,28620,19080,81,0,0,14,67,True
CH_L_338a,10-16,30528,19080,81,0,0,3,78,True
CH_L_338a,11-11,20988,20988,81,0,0,24,57,True
CH_L_338a,11-12,22896,20988,81,0,0,5,76,True
CH_L_338a,11-13,24804,20988,81,0,0,0,81,True
CH_L_338a,11-14,26712,20988,81,0,0,16,65,True
CH_L_338a,11-15,28620,20988,81,0,0,5,76,True
CH_L_338a,11-16,30528,20988,81,0,0,0,81,True
CH_L_338a,12-12,22896,22896,81,0,0,0,81,True
CH_L_338a,12-13,24804,22896,81,0,0,0,81,True
CH_L_338a,12-14,26712,22896,81,0,0,6,75,True
CH_L_338a,12-15,28620,22896,81,0,0,1,80,True
CH_L_338a,12-16,30528,22896,81,0,0,0,81,True
CH_L_338a,13-11,20988,24804,81,0,0,12,69,True
CH_L_338a,13-12,22896,24804,81,0,0,19,62,True
CH_L_338a,13-13,24804,24804,81,0,0,5,76,True
CH_L_338a,13-14,26712,24804,81,0,0,2,79,True
CH_L_338a,13-15,28620,24804,81,0,0,2,79,True
CH_L_338a,14-12,22896,26712,81,0,0,9,72,True
CH_L_338a,14-13,24804,26712,81,0,0,12,69,True
CH_L_338a,14-14,26712,26712,81,0,0,5,76,True
CH_L_338a,8-15,28620,15264,81,0,0,31,50,True
CH_L_338a,8-16,30528,15264,81,0,0,13,68,True
CH_L_338a,9-13,24804,17172,81,0,0,9,72,True
CH_L_338a,9-14,26712,17172,81,0,0,5,76,True
CH_L_338a,9-15,28620,17172,81,0,0,7,74,True
CH_L_338a,9-16,30528,17172,81,0,0,12,69,True
CH_L_339a,10-10,19080,19080,81,0,0,67,14,True
CH_L_339a,10-11,20988,19080,81,0,0,8,73,True
CH_L_339a,10-12,22896,19080,81,0,0,0,81,True
CH_L_339a,10-13,24804,19080,81,0,0,0,81,True
CH_L_339a,10-14,26712,19080,81,0,0,3,78,True
CH_L_339a,11-10,19080,20988,81,0,0,45,36,True
CH_L_339a,11-11,20988,20988,81,0,0,8,73,True
CH_L_339a,11-12,22896,20988,81,0,0,0,81,True
CH_L_339a,11-13,24804,20988,81,0,0,2,79,True
CH_L_339a,11-14,26712,20988,81,0,0,4,77,True
CH_L_339a,12-10,19080,22896,81,0,0,64,17,True
CH_L_339a,12-11,20988,22896,81,0,0,15,66,True
CH_L_339a,12-12,22896,22896,81,0,0,2,79,True
CH_L_339a,12-13,24804,22896,81,0,0,1,80,True
CH_L_339a,12-14,26712,22896,81,0,0,29,52,True
CH_L_339a,6-13,24804,11448,81,0,0,9,72,True
CH_L_339a,7-12,22896,13356,81,0,0,4,77,True
CH_L_339a,7-13,24804,13356,81,0,0,0,81,True
CH_L_339a,8-10,19080,15264,81,0,0,62,19,True
CH_L_339a,8-11,20988,15264,81,0,0,31,50,True
CH_L_339a,8-12,22896,15264,81,0,0,1,80,True
CH_L_339a,8-13,24804,15264,81,0,0,0,81,True
CH_L_339a,8-14,26712,15264,81,0,0,0,81,True
CH_L_339a,9-10,19080,17172,81,0,0,58,23,True
CH_L_339a,9-11,20988,17172,81,0,0,21,60,True
CH_L_339a,9-12,22896,17172,81,0,0,0,81,True
CH_L_339a,9-13,24804,17172,81,0,0,0,81,True
CH_L_339a,9-14,26712,17172,81,0,0,6,75,True
