patient_id,tile_id,tile_row,tile_col,tile_purity,n_spots,FMRP_signature_score,Cell_cycle_signature_score,YAP_signature_score,WNT_signature_score,EMT_signature_score,x_min_fullres,y_min_fullres,x_max_fullres,y_max_fullres,FMRP_signature_score_binary,Cell_cycle_signature_score_binary,YAP_signature_score_binary,WNT_signature_score_binary,EMT_signature_score_binary
CH_L_281b,3-4,3,4,0.5583543724261877,42,-0.08222838931317471,0.027184754203592634,0.4778980632471341,-0.12462669354638821,0.47465675754104547,7616,5712,9520,7616,0.0,0.0,1.0,0.0,0.0
CH_L_281b,3-5,3,5,0.490977011030992,51,-0.07620875513477754,0.024092576975005178,0.4658132662546026,-0.12967202635425715,0.4627277279612287,9520,5712,11424,7616,0.0,0.0,1.0,0.0,0.0
CH_L_281b,3-6,3,6,0.4416001996464339,59,-0.06790780539495331,0.03420409573905593,0.459075335085443,-0.10164188065912699,0.5510706453339541,11424,5712,13328,7616,0.0,0.0,1.0,0.0,1.0
CH_L_281b,3-7,3,7,0.4678497677018781,60,-0.0652244420927214,0.030678279417494847,0.4541203707406455,-0.10978164246261984,0.5450262448436448,13328,5712,15232,7616,0.0,0.0,0.0,0.0,1.0
CH_L_281b,4-2,4,2,0.4830424929204942,54,-0.09224729599428538,0.02756964631778091,0.4944489737398654,-0.14161530188792354,0.4171165191205372,3808,7616,5712,9520,0.0,0.0,1.0,0.0,0.0
CH_L_281b,4-3,4,3,0.42973920285272976,96,-0.08243934337732586,0.030617195486936866,0.4700133352646434,-0.13233608673124922,0.4953297841022706,5712,7616,7616,9520,0.0,0.0,1.0,0.0,0.0
CH_L_281b,4-4,4,4,0.49087827689137403,120,-0.060100317096847364,0.03540828942907636,0.4464315566629206,-0.10504463162234035,0.5180838104142255,7616,7616,9520,9520,0.0,0.0,0.0,0.0,1.0
CH_L_281b,4-5,4,5,0.5547211120532758,118,-0.042682326852439334,0.06498092026323281,0.4191192552671251,-0.08005498815515168,0.4919039724569878,9520,7616,11424,9520,0.0,0.0,0.0,0.0,0.0
CH_L_281b,4-6,4,6,0.4719160398861008,115,-0.04609355839197839,0.06326932782306728,0.42038641559904366,-0.09723718792232533,0.5145910199693646,11424,7616,13328,9520,0.0,0.0,0.0,0.0,0.0
CH_L_281b,4-7,4,7,0.46764997995890706,122,-0.06291029307745949,0.038526550826058395,0.4480890958801985,-0.10785744050396366,0.5024542389788854,13328,7616,15232,9520,0.0,0.0,0.0,0.0,0.0
CH_L_281b,4-8,4,8,0.40686049842012695,49,-0.09604057000297828,0.030865510710841863,0.475297898270031,-0.12894847609760823,0.4678927803930528,15232,7616,17136,9520,0.0,0.0,1.0,0.0,0.0
CH_L_281b,5-2,5,2,0.5790023963166575,60,-0.08256231413055003,0.028105308836428887,0.4787381674752187,-0.1282147763186515,0.5024143737839338,3808,9520,5712,11424,0.0,0.0,1.0,0.0,0.0
CH_L_281b,5-3,5,3,0.4856830172841242,117,-0.027878547418157575,0.07233815843889617,0.3897737333785691,-0.05537353157018887,0.5177930193719295,5712,9520,7616,11424,0.0,0.0,0.0,0.0,1.0
CH_L_281b,5-4,5,4,0.4948140046397296,121,0.0019071069538410586,0.12157558629694046,0.3396864739256537,-0.018248930714386078,0.516021947870973,7616,9520,9520,11424,1.0,1.0,0.0,1.0,1.0
CH_L_281b,5-5,5,5,0.3906243210215827,117,-0.011349550523871398,0.12024546197121092,0.3358121177280849,-0.02409405909913771,0.5134167057548181,9520,9520,11424,11424,1.0,1.0,0.0,1.0,0.0
CH_L_281b,5-6,5,6,0.4332585713234085,123,-0.006121380018038517,0.10107776080003487,0.3376967200587865,-0.014125515237227979,0.49010721069715846,11424,9520,13328,11424,1.0,0.0,0.0,1.0,0.0
CH_L_281b,5-7,5,7,0.5290402304898173,115,-0.01432093080369954,0.07965827685184297,0.3708057913697032,-0.04001009681490806,0.5073004060122744,13328,9520,15232,11424,1.0,0.0,0.0,0.0,0.0
CH_L_281b,5-8,5,8,0.48153445793948074,59,-0.05114801964050169,0.05393443879815288,0.4242650237580219,-0.10171227383763923,0.47545549006151927,15232,9520,17136,11424,0.0,0.0,0.0,0.0,0.0
CH_L_281b,6-2,6,2,0.5047145595247592,54,-0.0685943360618796,0.040180432491873606,0.4613123988649775,-0.10152604616183203,0.4622555242560718,3808,11424,5712,13328,0.0,0.0,1.0,0.0,0.0
CH_L_281b,6-3,6,3,0.5660479985112817,118,-0.002425944342996867,0.11798694083522297,0.35661484234812457,-0.019582984705377445,0.4928600337978457,5712,11424,7616,13328,1.0,1.0,0.0,1.0,0.0
CH_L_281b,6-4,6,4,0.47676172044527915,113,-0.01901363555025572,0.08216071731146013,0.3737570395203495,-0.03890942865574884,0.4626306694698789,7616,11424,9520,13328,1.0,0.0,0.0,1.0,0.0
CH_L_281b,6-5,6,5,0.31985714647963687,121,-0.061581206760612156,0.049296786997784316,0.4264609578611812,-0.09507080572152003,0.4361872051447348,9520,11424,11424,13328,0.0,0.0,0.0,0.0,0.0
CH_L_281b,6-6,6,6,0.36842895525758007,116,-0.031867914163618935,0.08825575012119026,0.3428130736574523,-0.04277693518086925,0.46606065938287555,11424,11424,13328,13328,0.0,0.0,0.0,0.0,0.0
CH_L_281b,6-7,6,7,0.3981349887805211,120,-0.008086176004946741,0.11493093197926553,0.32918365145841416,-0.030259067370381164,0.46587120096781137,13328,11424,15232,13328,1.0,1.0,0.0,1.0,0.0
CH_L_281b,6-8,6,8,0.4958005991008049,61,-0.006067562461439119,0.11809576924797822,0.33934703430580526,-0.019217056738887114,0.5097179782291057,15232,11424,17136,13328,1.0,1.0,0.0,1.0,0.0
CH_L_281b,7-2,7,2,0.4213427756117958,74,-0.0749607252583961,0.0338102242751965,0.46526751116399934,-0.10863218362894773,0.5116952945320081,3808,13328,5712,15232,0.0,0.0,1.0,0.0,0.0
CH_L_281b,7-3,7,3,0.36749255198147407,118,-0.026501268677028105,0.09897261274052499,0.3662214645180399,-0.05642902984947156,0.5027325727362616,5712,13328,7616,15232,0.0,0.0,0.0,0.0,0.0
CH_L_281b,7-4,7,4,0.348461431290087,119,-0.019285628284428424,0.08348673949292977,0.3564234162366437,-0.03560666240136106,0.45708644307644275,7616,13328,9520,15232,0.0,0.0,0.0,1.0,0.0
CH_L_281b,7-5,7,5,0.3120735933229479,118,-0.038868255399851476,0.0895419148034811,0.37792859738721557,-0.05152358903940089,0.47002606683191983,9520,13328,11424,15232,0.0,0.0,0.0,0.0,0.0
CH_L_281b,7-7,7,7,0.4463530173885876,119,0.002117265689348532,0.13298700346125336,0.32159517502677726,-0.04102481896045941,0.4865972395734244,13328,13328,15232,15232,1.0,1.0,0.0,0.0,0.0
CH_L_281b,7-8,7,8,0.4493767729047463,56,-0.020556133197178666,0.07681587764091999,0.3599144168935077,-0.059663578907162874,0.5025607415594844,15232,13328,17136,15232,0.0,0.0,0.0,0.0,0.0
CH_L_281b,8-2,8,2,0.3631560000760048,80,-0.07731375088418162,0.026204217875364106,0.45539109376166415,-0.120268884020674,0.49453394241018866,3808,15232,5712,17136,0.0,0.0,1.0,0.0,0.0
CH_L_281b,8-4,8,4,0.3086179462917529,115,-0.03803233025415681,0.10348715353773828,0.35714205416096256,-0.020643917473362347,0.4150724535456697,7616,15232,9520,17136,0.0,1.0,0.0,1.0,0.0
CH_L_281b,8-5,8,5,0.30590278802129445,118,-0.02537363599092517,0.13882019108887672,0.3189399597116032,-0.03943361651064369,0.4807848769385998,9520,15232,11424,17136,0.0,1.0,0.0,1.0,0.0
CH_L_281b,8-6,8,6,0.3672641790236248,122,-0.016711085540600527,0.13929492577421043,0.31883740664407545,-0.054954671791737,0.5055293645714888,11424,15232,13328,17136,1.0,1.0,0.0,0.0,0.0
CH_L_281b,8-7,8,7,0.3786750611167269,84,-0.021888674817299742,0.1100126422141616,0.34800522656339516,-0.06553990684655968,0.5656125478365579,13328,15232,15232,17136,0.0,1.0,0.0,0.0,1.0
CH_L_281b,8-8,8,8,0.43994544794573753,60,-0.04942572110517884,0.06005506077889722,0.41139517998993463,-0.08076499418398998,0.5585097719634297,15232,15232,17136,17136,0.0,0.0,0.0,0.0,1.0
CH_L_281b,9-2,9,2,0.33353482951145746,75,-0.0536050410963847,0.03256033788728122,0.43201355151792975,-0.08021162333846933,0.5579952366617663,3808,17136,5712,19040,0.0,0.0,0.0,0.0,1.0
CH_L_281b,9-6,9,6,0.30177500786613437,94,-0.04904740371955042,0.07182441009960239,0.3949888451815996,-0.07997848506704208,0.5608795714117201,11424,17136,13328,19040,0.0,0.0,0.0,0.0,1.0
CH_L_281b,9-7,9,7,0.3742215880356807,79,-0.04959852025343,0.03928748915921599,0.40828760473375797,-0.09118087037968294,0.5907853828358562,13328,17136,15232,19040,0.0,0.0,0.0,0.0,1.0
