patient_id,split
CH_L_348a,train
CH_L_290a,train
CH_L_351a,train
CH_L_367a,train
CH_L_306b,train
CH_L_309a,train
CH_L_285a,train
CH_L_349a,train
CH_L_352a,train
CH_L_307a,train
CH_L_364a,train
CH_L_283a,train
CH_L_353a,train
CH_L_280a,train
CH_L_319a,train
CH_L_326a,train
CH_L_291a,train
CH_L_322a,train
CH_L_310a,train
CH_L_281b,train
CH_L_369a,train
CH_L_303a,train
CH_L_294a,train
CH_L_363a,train
CH_L_301a,train
CH_L_335a,train
CH_L_288a,train
CH_L_300a,train
CH_L_278a,train
CH_L_292a,train
CH_L_314a,train
CH_L_282a,train
CH_L_360a,train
CH_L_281a,train
CH_L_395a,train
CH_L_312a,train
CH_L_389a,train
CH_L_338a,train
CH_L_403a,train
CH_L_336a,train
CH_L_320a,train
CH_L_329a,train
CH_L_362a,train
CH_L_323a,train
CH_L_347a,train
CH_L_344a,train
CH_L_400a,train
CH_L_376a,train
CH_L_318a,train
CH_L_340a,train
CH_L_327a,train
CH_L_371a,train
CH_L_339a,train
CH_L_308a,train
CH_L_390a,train
CH_L_341a,train
CH_L_346a,train
CH_L_368a,train
CH_L_313a,train
CH_L_306a,train
CH_L_276a,train
CH_L_334a,train
CH_L_296a,train
CH_L_277a,train
CH_L_299a,train
CH_L_387a,train
CH_L_361a,train
CH_L_388a,train
CH_L_372a,train
CH_L_295a,train
CH_L_342a,train
CH_L_356a,train
CH_L_289a,train
CH_L_333a,train
CH_L_317a,val
CH_L_298a,val
CH_L_337a,val
CH_L_359a,val
CH_L_275a,val
CH_L_302a,val
CH_L_315a,val
CH_L_350a,val
CH_L_284a,val
CH_L_321a,val
CH_L_373a,val
CH_L_311a,val
CH_L_399a,val
CH_L_345a,val
CH_L_287a,val
CH_L_279a,val
CH_L_293a,val
CH_L_305a,val
CH_L_328a,val
