patient_id,key,exists,size_mb,opens_with_openslide,width,height,levels,mpp_x,implied_fullres_width,matches_fullres_frame
CH_L_275a,73b9c29a-c63b-4f76-a79c-a7babd70c02b/v2/converted_he/CH_L_275a_vis.tif,True,835.5,True,73901.0,44111.0,7.0,0.52512734338076983,73900.99793690584,True
CH_L_276a,73b9c29a-c63b-4f76-a79c-a7babd70c02b/v2/converted_he/CH_L_276a_vis.tif,True,687.9,True,54408.0,43611.0,7.0,0.52512734338076983,54408.0001523424,True
CH_L_277a,73b9c29a-c63b-4f76-a79c-a7babd70c02b/v2/converted_he/CH_L_277a_vis.tif,True,191.7,True,30715.0,24917.0,7.0,0.52512734338076983,30714.997534353573,True
CH_L_278a,73b9c29a-c63b-4f76-a79c-a7babd70c02b/v2/converted_he/CH_L_278a_vis.tif,True,1184.2,,,,,,,
CH_L_279a,73b9c29a-c63b-4f76-a79c-a7babd70c02b/v2/converted_he/CH_L_279a_vis.tif,True,672.8,,,,,,,
CH_L_280a,73b9c29a-c63b-4f76-a79c-a7babd70c02b/v2/converted_he/CH_L_280a_vis.tif,True,593.6,,,,,,,
CH_L_281a,73b9c29a-c63b-4f76-a79c-a7babd70c02b/v2/converted_he/CH_L_281a_vis.tif,True,1254.1,,,,,,,
CH_L_281b,73b9c29a-c63b-4f76-a79c-a7babd70c02b/v2/converted_he/CH_L_281b_vis.tif,True,177.9,,,,,,,
CH_L_282a,73b9c29a-c63b-4f76-a79c-a7babd70c02b/v2/converted_he/CH_L_282a_vis.tif,True,582.4,,,,,,,
CH_L_283a,73b9c29a-c63b-4f76-a79c-a7babd70c02b/v2/converted_he/CH_L_283a_vis.tif,True,887.9,,,,,,,
CH_L_284a,73b9c29a-c63b-4f76-a79c-a7babd70c02b/v2/converted_he/CH_L_284a_vis.tif,True,652.0,,,,,,,
CH_L_285a,73b9c29a-c63b-4f76-a79c-a7babd70c02b/v2/converted_he/CH_L_285a_vis.tif,True,663.6,,,,,,,
CH_L_287a,73b9c29a-c63b-4f76-a79c-a7babd70c02b/v2/converted_he/CH_L_287a_vis.tif,True,946.8,,,,,,,
CH_L_288a,73b9c29a-c63b-4f76-a79c-a7babd70c02b/v2/converted_he/CH_L_288a_vis.tif,True,347.4,,,,,,,
CH_L_289a,73b9c29a-c63b-4f76-a79c-a7babd70c02b/v2/converted_he/CH_L_289a_vis.tif,True,1230.7,,,,,,,
CH_L_290a,73b9c29a-c63b-4f76-a79c-a7babd70c02b/v2/converted_he/CH_L_290a_vis.tif,True,955.7,,,,,,,
CH_L_291a,73b9c29a-c63b-4f76-a79c-a7babd70c02b/v2/converted_he/CH_L_291a_vis.tif,True,953.9,,,,,,,
CH_L_292a,73b9c29a-c63b-4f76-a79c-a7babd70c02b/v2/converted_he/CH_L_292a_vis.tif,True,799.9,,,,,,,
CH_L_293a,73b9c29a-c63b-4f76-a79c-a7babd70c02b/v2/converted_he/CH_L_293a_vis.tif,True,943.5,,,,,,,
CH_L_294a,73b9c29a-c63b-4f76-a79c-a7babd70c02b/v2/converted_he/CH_L_294a_vis.tif,True,1248.3,,,,,,,
CH_L_295a,73b9c29a-c63b-4f76-a79c-a7babd70c02b/v2/converted_he/CH_L_295a_vis.tif,True,1180.6,,,,,,,
CH_L_296a,73b9c29a-c63b-4f76-a79c-a7babd70c02b/v2/converted_he/CH_L_296a_vis.tif,True,435.6,,,,,,,
CH_L_298a,73b9c29a-c63b-4f76-a79c-a7babd70c02b/v2/converted_he/CH_L_298a_vis.tif,True,440.1,,,,,,,
CH_L_299a,73b9c29a-c63b-4f76-a79c-a7babd70c02b/v2/converted_he/CH_L_299a_vis.tif,True,447.6,,,,,,,
CH_L_300a,73b9c29a-c63b-4f76-a79c-a7babd70c02b/v2/converted_he/CH_L_300a_vis.tif,True,759.5,,,,,,,
CH_L_301a,73b9c29a-c63b-4f76-a79c-a7babd70c02b/v2/converted_he/CH_L_301a_vis.tif,True,931.2,,,,,,,
CH_L_302a,73b9c29a-c63b-4f76-a79c-a7babd70c02b/v2/converted_he/CH_L_302a_vis.tif,True,1171.0,,,,,,,
CH_L_303a,73b9c29a-c63b-4f76-a79c-a7babd70c02b/v2/converted_he/CH_L_303a_vis.tif,True,1340.6,,,,,,,
CH_L_305a,73b9c29a-c63b-4f76-a79c-a7babd70c02b/v2/converted_he/CH_L_305a_vis.tif,True,1931.0,,,,,,,
CH_L_306a,73b9c29a-c63b-4f76-a79c-a7babd70c02b/v2/converted_he/CH_L_306a_vis.tif,True,1034.9,,,,,,,
CH_L_306b,73b9c29a-c63b-4f76-a79c-a7babd70c02b/v2/converted_he/CH_L_306b_vis.tif,True,876.9,,,,,,,
CH_L_307a,73b9c29a-c63b-4f76-a79c-a7babd70c02b/v2/converted_he/CH_L_307a_vis.tif,True,1051.3,,,,,,,
CH_L_308a,73b9c29a-c63b-4f76-a79c-a7babd70c02b/v2/converted_he/CH_L_308a_vis.tif,True,1298.1,,,,,,,
CH_L_309a,73b9c29a-c63b-4f76-a79c-a7babd70c02b/v2/converted_he/CH_L_309a_vis.tif,True,937.3,,,,,,,
CH_L_310a,73b9c29a-c63b-4f76-a79c-a7babd70c02b/v2/converted_he/CH_L_310a_vis.tif,True,825.2,,,,,,,
CH_L_311a,73b9c29a-c63b-4f76-a79c-a7babd70c02b/v2/converted_he/CH_L_311a_vis.tif,True,1227.6,,,,,,,
CH_L_312a,73b9c29a-c63b-4f76-a79c-a7babd70c02b/v2/converted_he/CH_L_312a_vis.tif,True,486.9,,,,,,,
CH_L_313a,73b9c29a-c63b-4f76-a79c-a7babd70c02b/v2/converted_he/CH_L_313a_vis.tif,True,343.5,,,,,,,
CH_L_314a,73b9c29a-c63b-4f76-a79c-a7babd70c02b/v2/converted_he/CH_L_314a_vis.tif,True,501.4,,,,,,,
CH_L_315a,73b9c29a-c63b-4f76-a79c-a7babd70c02b/v2/converted_he/CH_L_315a_vis.tif,True,501.2,,,,,,,
CH_L_317a,73b9c29a-c63b-4f76-a79c-a7babd70c02b/v2/converted_he/CH_L_317a_vis.tif,True,510.8,,,,,,,
CH_L_318a,73b9c29a-c63b-4f76-a79c-a7babd70c02b/v2/converted_he/CH_L_318a_vis.tif,True,1035.9,,,,,,,
CH_L_319a,73b9c29a-c63b-4f76-a79c-a7babd70c02b/v2/converted_he/CH_L_319a_vis.tif,True,814.1,,,,,,,
CH_L_320a,73b9c29a-c63b-4f76-a79c-a7babd70c02b/v2/converted_he/CH_L_320a_vis.tif,True,436.7,,,,,,,
CH_L_321a,73b9c29a-c63b-4f76-a79c-a7babd70c02b/v2/converted_he/CH_L_321a_vis.tif,True,816.6,,,,,,,
CH_L_322a,73b9c29a-c63b-4f76-a79c-a7babd70c02b/v2/converted_he/CH_L_322a_vis.tif,True,950.6,,,,,,,
CH_L_323a,73b9c29a-c63b-4f76-a79c-a7babd70c02b/v2/converted_he/CH_L_323a_vis.tif,True,333.9,,,,,,,
CH_L_326a,73b9c29a-c63b-4f76-a79c-a7babd70c02b/v2/converted_he/CH_L_326a_vis.tif,True,1187.4,,,,,,,
CH_L_327a,73b9c29a-c63b-4f76-a79c-a7babd70c02b/v2/converted_he/CH_L_327a_vis.tif,True,398.9,,,,,,,
CH_L_328a,73b9c29a-c63b-4f76-a79c-a7babd70c02b/v2/converted_he/CH_L_328a_vis.tif,True,999.0,,,,,,,
CH_L_329a,73b9c29a-c63b-4f76-a79c-a7babd70c02b/v2/converted_he/CH_L_329a_vis.tif,True,662.9,,,,,,,
CH_L_330a,73b9c29a-c63b-4f76-a79c-a7babd70c02b/v2/converted_he/CH_L_330a_vis.tif,True,493.3,,,,,,,
CH_L_333a,73b9c29a-c63b-4f76-a79c-a7babd70c02b/v2/converted_he/CH_L_333a_vis.tif,True,546.0,,,,,,,
CH_L_334a,73b9c29a-c63b-4f76-a79c-a7babd70c02b/v2/converted_he/CH_L_334a_vis.tif,True,595.3,,,,,,,
CH_L_335a,73b9c29a-c63b-4f76-a79c-a7babd70c02b/v2/converted_he/CH_L_335a_vis.tif,True,375.2,,,,,,,
CH_L_336a,73b9c29a-c63b-4f76-a79c-a7babd70c02b/v2/converted_he/CH_L_336a_vis.tif,True,1042.0,,,,,,,
CH_L_337a,73b9c29a-c63b-4f76-a79c-a7babd70c02b/v2/converted_he/CH_L_337a_vis.tif,True,1064.0,,,,,,,
CH_L_338a,73b9c29a-c63b-4f76-a79c-a7babd70c02b/v2/converted_he/CH_L_338a_vis.tif,True,1232.8,,,,,,,
CH_L_339a,73b9c29a-c63b-4f76-a79c-a7babd70c02b/v2/converted_he/CH_L_339a_vis.tif,True,363.3,,,,,,,
CH_L_340a,73b9c29a-c63b-4f76-a79c-a7babd70c02b/v2/converted_he/CH_L_340a_vis.tif,True,910.5,,,,,,,
CH_L_341a,73b9c29a-c63b-4f76-a79c-a7babd70c02b/v2/converted_he/CH_L_341a_vis.tif,True,648.6,,,,,,,
CH_L_342a,73b9c29a-c63b-4f76-a79c-a7babd70c02b/v2/converted_he/CH_L_342a_vis.tif,True,1363.9,,,,,,,
CH_L_344a,73b9c29a-c63b-4f76-a79c-a7babd70c02b/v2/converted_he/CH_L_344a_vis.tif,True,1051.3,,,,,,,
CH_L_345a,73b9c29a-c63b-4f76-a79c-a7babd70c02b/v2/converted_he/CH_L_345a_vis.tif,True,405.6,,,,,,,
CH_L_346a,73b9c29a-c63b-4f76-a79c-a7babd70c02b/v2/converted_he/CH_L_346a_vis.tif,True,712.9,,,,,,,
CH_L_347a,73b9c29a-c63b-4f76-a79c-a7babd70c02b/v2/converted_he/CH_L_347a_vis.tif,True,537.3,,,,,,,
CH_L_348a,73b9c29a-c63b-4f76-a79c-a7babd70c02b/v2/converted_he/CH_L_348a_vis.tif,True,494.4,,,,,,,
CH_L_349a,73b9c29a-c63b-4f76-a79c-a7babd70c02b/v2/converted_he/CH_L_349a_vis.tif,True,1009.0,,,,,,,
CH_L_350a,73b9c29a-c63b-4f76-a79c-a7babd70c02b/v2/converted_he/CH_L_350a_vis.tif,True,343.1,,,,,,,
CH_L_351a,73b9c29a-c63b-4f76-a79c-a7babd70c02b/v2/converted_he/CH_L_351a_vis.tif,True,1185.3,,,,,,,
CH_L_352a,73b9c29a-c63b-4f76-a79c-a7babd70c02b/v2/converted_he/CH_L_352a_vis.tif,True,342.3,,,,,,,
CH_L_353a,73b9c29a-c63b-4f76-a79c-a7babd70c02b/v2/converted_he/CH_L_353a_vis.tif,True,443.7,,,,,,,
CH_L_356a,73b9c29a-c63b-4f76-a79c-a7babd70c02b/v2/converted_he/CH_L_356a_vis.tif,True,572.9,,,,,,,
CH_L_359a,73b9c29a-c63b-4f76-a79c-a7babd70c02b/v2/converted_he/CH_L_359a_vis.tif,True,682.1,,,,,,,
CH_L_360a,73b9c29a-c63b-4f76-a79c-a7babd70c02b/v2/converted_he/CH_L_360a_vis.tif,True,1611.7,,,,,,,
CH_L_361a,73b9c29a-c63b-4f76-a79c-a7babd70c02b/v2/converted_he/CH_L_361a_vis.tif,True,995.0,,,,,,,
CH_L_362a,73b9c29a-c63b-4f76-a79c-a7babd70c02b/v2/converted_he/CH_L_362a_vis.tif,True,784.1,,,,,,,
CH_L_363a,73b9c29a-c63b-4f76-a79c-a7babd70c02b/v2/converted_he/CH_L_363a_vis.tif,True,1100.9,,,,,,,
CH_L_364a,73b9c29a-c63b-4f76-a79c-a7babd70c02b/v2/converted_he/CH_L_364a_vis.tif,True,910.7,,,,,,,
CH_L_367a,73b9c29a-c63b-4f76-a79c-a7babd70c02b/v2/converted_he/CH_L_367a_vis.tif,True,741.2,,,,,,,
CH_L_368a,73b9c29a-c63b-4f76-a79c-a7babd70c02b/v2/converted_he/CH_L_368a_vis.tif,True,329.3,,,,,,,
CH_L_369a,73b9c29a-c63b-4f76-a79c-a7babd70c02b/v2/converted_he/CH_L_369a_vis.tif,True,473.8,,,,,,,
CH_L_371a,73b9c29a-c63b-4f76-a79c-a7babd70c02b/v2/converted_he/CH_L_371a_vis.tif,True,663.2,,,,,,,
CH_L_372a,73b9c29a-c63b-4f76-a79c-a7babd70c02b/v2/converted_he/CH_L_372a_vis.tif,True,1279.1,,,,,,,
CH_L_373a,73b9c29a-c63b-4f76-a79c-a7babd70c02b/v2/converted_he/CH_L_373a_vis.tif,True,213.4,,,,,,,
CH_L_375a,73b9c29a-c63b-4f76-a79c-a7babd70c02b/v2/converted_he/CH_L_375a_vis.tif,True,54.4,,,,,,,
CH_L_376a,73b9c29a-c63b-4f76-a79c-a7babd70c02b/v2/converted_he/CH_L_376a_vis.tif,True,79.9,,,,,,,
CH_L_377a,73b9c29a-c63b-4f76-a79c-a7babd70c02b/v2/converted_he/CH_L_377a_vis.tif,True,68.5,,,,,,,
CH_L_378a,73b9c29a-c63b-4f76-a79c-a7babd70c02b/v2/converted_he/CH_L_378a_vis.tif,True,80.8,,,,,,,
CH_L_382a,73b9c29a-c63b-4f76-a79c-a7babd70c02b/v2/converted_he/CH_L_382a_vis.tif,True,48.1,,,,,,,
CH_L_383a,73b9c29a-c63b-4f76-a79c-a7babd70c02b/v2/converted_he/CH_L_383a_vis.tif,True,70.2,,,,,,,
CH_L_384a,73b9c29a-c63b-4f76-a79c-a7babd70c02b/v2/converted_he/CH_L_384a_vis.tif,True,110.6,,,,,,,
CH_L_385a,73b9c29a-c63b-4f76-a79c-a7babd70c02b/v2/converted_he/CH_L_385a_vis.tif,True,81.5,,,,,,,
CH_L_386a,73b9c29a-c63b-4f76-a79c-a7babd70c02b/v2/converted_he/CH_L_386a_vis.tif,True,229.5,,,,,,,
CH_L_387a,73b9c29a-c63b-4f76-a79c-a7babd70c02b/v2/converted_he/CH_L_387a_vis.tif,True,81.9,,,,,,,
CH_L_388a,73b9c29a-c63b-4f76-a79c-a7babd70c02b/v2/converted_he/CH_L_388a_vis.tif,True,66.5,,,,,,,
CH_L_389a,73b9c29a-c63b-4f76-a79c-a7babd70c02b/v2/converted_he/CH_L_389a_vis.tif,True,132.3,,,,,,,
CH_L_390a,73b9c29a-c63b-4f76-a79c-a7babd70c02b/v2/converted_he/CH_L_390a_vis.tif,True,432.8,,,,,,,
CH_L_391a,73b9c29a-c63b-4f76-a79c-a7babd70c02b/v2/converted_he/CH_L_391a_vis.tif,True,216.6,,,,,,,
CH_L_392a,73b9c29a-c63b-4f76-a79c-a7babd70c02b/v2/converted_he/CH_L_392a_vis.tif,True,160.5,,,,,,,
CH_L_393a,73b9c29a-c63b-4f76-a79c-a7babd70c02b/v2/converted_he/CH_L_393a_vis.tif,True,101.9,,,,,,,
CH_L_394a,73b9c29a-c63b-4f76-a79c-a7babd70c02b/v2/converted_he/CH_L_394a_vis.tif,True,74.3,,,,,,,
CH_L_395a,73b9c29a-c63b-4f76-a79c-a7babd70c02b/v2/converted_he/CH_L_395a_vis.tif,True,75.3,,,,,,,
CH_L_396a,73b9c29a-c63b-4f76-a79c-a7babd70c02b/v2/converted_he/CH_L_396a_vis.tif,True,88.5,,,,,,,
CH_L_397a,73b9c29a-c63b-4f76-a79c-a7babd70c02b/v2/converted_he/CH_L_397a_vis.tif,True,160.9,,,,,,,
CH_L_398a,73b9c29a-c63b-4f76-a79c-a7babd70c02b/v2/converted_he/CH_L_398a_vis.tif,True,165.1,,,,,,,
CH_L_399a,73b9c29a-c63b-4f76-a79c-a7babd70c02b/v2/converted_he/CH_L_399a_vis.tif,True,253.6,,,,,,,
CH_L_400a,73b9c29a-c63b-4f76-a79c-a7babd70c02b/v2/converted_he/CH_L_400a_vis.tif,True,77.0,,,,,,,
CH_L_401a,73b9c29a-c63b-4f76-a79c-a7babd70c02b/v2/converted_he/CH_L_401a_vis.tif,True,60.3,,,,,,,
CH_L_402a,73b9c29a-c63b-4f76-a79c-a7babd70c02b/v2/converted_he/CH_L_402a_vis.tif,True,191.0,,,,,,,
CH_L_403a,73b9c29a-c63b-4f76-a79c-a7babd70c02b/v2/converted_he/CH_L_403a_vis.tif,True,628.4,,,,,,,
CH_L_405a,73b9c29a-c63b-4f76-a79c-a7babd70c02b/v2/converted_he/CH_L_405a_vis.tif,True,51.4,,,,,,,
CH_L_406a,73b9c29a-c63b-4f76-a79c-a7babd70c02b/v2/converted_he/CH_L_406a_vis.tif,True,1079.2,,,,,,,
CH_L_407a,73b9c29a-c63b-4f76-a79c-a7babd70c02b/v2/converted_he/CH_L_407a_vis.tif,True,220.3,,,,,,,
CH_L_409a,73b9c29a-c63b-4f76-a79c-a7babd70c02b/v2/converted_he/CH_L_409a_vis.tif,True,1009.6,,,,,,,
CH_L_410a,73b9c29a-c63b-4f76-a79c-a7babd70c02b/v2/converted_he/CH_L_410a_vis.tif,True,58.5,,,,,,,
CH_L_410b,73b9c29a-c63b-4f76-a79c-a7babd70c02b/v2/converted_he/CH_L_410b_vis.tif,True,687.3,,,,,,,
CH_L_411a,73b9c29a-c63b-4f76-a79c-a7babd70c02b/v2/converted_he/CH_L_411a_vis.tif,True,548.2,,,,,,,
CH_L_412a,73b9c29a-c63b-4f76-a79c-a7babd70c02b/v2/converted_he/CH_L_412a_vis.tif,True,1122.5,,,,,,,
CH_L_413a,73b9c29a-c63b-4f76-a79c-a7babd70c02b/v2/converted_he/CH_L_413a_vis.tif,True,500.1,,,,,,,
CH_L_414a,73b9c29a-c63b-4f76-a79c-a7babd70c02b/v2/converted_he/CH_L_414a_vis.tif,True,115.6,,,,,,,
CH_L_414b,73b9c29a-c63b-4f76-a79c-a7babd70c02b/v2/converted_he/CH_L_414b_vis.tif,True,350.6,,,,,,,
CH_L_414c,73b9c29a-c63b-4f76-a79c-a7babd70c02b/v2/converted_he/CH_L_414c_vis.tif,True,537.6,,,,,,,
CH_L_415a,73b9c29a-c63b-4f76-a79c-a7babd70c02b/v2/converted_he/CH_L_415a_vis.tif,True,546.8,,,,,,,
CH_L_416a,73b9c29a-c63b-4f76-a79c-a7babd70c02b/v2/converted_he/CH_L_416a_vis.tif,True,975.2,,,,,,,
CH_L_417a,73b9c29a-c63b-4f76-a79c-a7babd70c02b/v2/converted_he/CH_L_417a_vis.tif,True,574.6,,,,,,,
CH_L_418a,73b9c29a-c63b-4f76-a79c-a7babd70c02b/v2/converted_he/CH_L_418a_vis.tif,True,762.8,,,,,,,
CH_L_419a,73b9c29a-c63b-4f76-a79c-a7babd70c02b/v2/converted_he/CH_L_419a_vis.tif,True,558.3,,,,,,,
CH_L_420a,73b9c29a-c63b-4f76-a79c-a7babd70c02b/v2/converted_he/CH_L_420a_vis.tif,True,110.8,,,,,,,
CH_L_420b,73b9c29a-c63b-4f76-a79c-a7babd70c02b/v2/converted_he/CH_L_420b_vis.tif,True,752.2,,,,,,,
CH_L_421a,73b9c29a-c63b-4f76-a79c-a7babd70c02b/v2/converted_he/CH_L_421a_vis.tif,True,127.6,,,,,,,
CH_L_421b,73b9c29a-c63b-4f76-a79c-a7babd70c02b/v2/converted_he/CH_L_421b_vis.tif,True,638.7,,,,,,,
CH_L_422a,73b9c29a-c63b-4f76-a79c-a7babd70c02b/v2/converted_he/CH_L_422a_vis.tif,True,589.9,,,,,,,
CH_L_423a,73b9c29a-c63b-4f76-a79c-a7babd70c02b/v2/converted_he/CH_L_423a_vis.tif,True,686.9,,,,,,,
CH_L_424a,73b9c29a-c63b-4f76-a79c-a7babd70c02b/v2/converted_he/CH_L_424a_vis.tif,True,600.5,,,,,,,
CH_L_425a,73b9c29a-c63b-4f76-a79c-a7babd70c02b/v2/converted_he/CH_L_425a_vis.tif,True,1318.9,,,,,,,
CH_L_426a,73b9c29a-c63b-4f76-a79c-a7babd70c02b/v2/converted_he/CH_L_426a_vis.tif,True,729.7,,,,,,,
CH_L_427a,73b9c29a-c63b-4f76-a79c-a7babd70c02b/v2/converted_he/CH_L_427a_vis.tif,True,835.2,,,,,,,
CH_L_428a,73b9c29a-c63b-4f76-a79c-a7babd70c02b/v2/converted_he/CH_L_428a_vis.tif,True,741.5,,,,,,,
CH_L_429a,73b9c29a-c63b-4f76-a79c-a7babd70c02b/v2/converted_he/CH_L_429a_vis.tif,True,1494.1,,,,,,,
CH_L_430a,73b9c29a-c63b-4f76-a79c-a7babd70c02b/v2/converted_he/CH_L_430a_vis.tif,True,1130.1,,,,,,,
CH_L_431a,73b9c29a-c63b-4f76-a79c-a7babd70c02b/v2/converted_he/CH_L_431a_vis.tif,True,783.7,,,,,,,
CH_L_432a,73b9c29a-c63b-4f76-a79c-a7babd70c02b/v2/converted_he/CH_L_432a_vis.tif,True,403.7,,,,,,,
CH_L_433a,73b9c29a-c63b-4f76-a79c-a7babd70c02b/v2/converted_he/CH_L_433a_vis.tif,True,890.7,,,,,,,
CH_L_437a,73b9c29a-c63b-4f76-a79c-a7babd70c02b/v2/converted_he/CH_L_437a_vis.tif,True,73.9,,,,,,,
CH_L_437b,73b9c29a-c63b-4f76-a79c-a7babd70c02b/v2/converted_he/CH_L_437b_vis.tif,True,772.8,,,,,,,
CH_L_438a,73b9c29a-c63b-4f76-a79c-a7babd70c02b/v2/converted_he/CH_L_438a_vis.tif,True,661.2,,,,,,,
CH_L_439a,73b9c29a-c63b-4f76-a79c-a7babd70c02b/v2/converted_he/CH_L_439a_vis.tif,True,545.5,,,,,,,
CH_L_439b,73b9c29a-c63b-4f76-a79c-a7babd70c02b/v2/converted_he/CH_L_439b_vis.tif,True,329.6,,,,,,,
CH_L_440a,73b9c29a-c63b-4f76-a79c-a7babd70c02b/v2/converted_he/CH_L_440a_vis.tif,True,1232.5,,,,,,,
CH_L_442a,73b9c29a-c63b-4f76-a79c-a7babd70c02b/v2/converted_he/CH_L_442a_vis.tif,True,709.0,,,,,,,
