patient_id,n_tiles,within_patient_spread,spread_ratio,centroid_distance_to_cohort,mean_pairwise_cosine,max_pairwise_cosine,n_duplicate_pairs,n_tiles_in_duplicates,flag_duplicates,flag_low_spread,flagged
CH_L_388a,2,0.0,0.0,5.97303581237793,1.0,1.0,1,2,True,True,True
CH_L_390a,1,0.0,0.0,6.707065582275391,,,0,0,False,False,False
CH_L_376a,3,2.470206368343497e-07,5.135617693741949e-08,6.590861797332764,0.9999998211860657,0.9999998807907104,3,3,True,True,True
CH_L_281a,26,0.678878128528595,0.14114037488713416,4.4769673347473145,0.9935811758041382,1.0,50,26,True,True,True
CH_L_306a,12,0.7817203402519226,0.16252151489868938,4.190972328186035,0.9908077120780945,1.0,13,10,True,True,True
CH_L_314a,22,0.8790308237075806,0.1827525954685524,3.869210958480835,0.9888356924057007,1.0,40,22,True,True,True
CH_L_290a,21,0.9074341654777527,0.18865771766504785,3.3735737800598145,0.9870666265487671,1.000000238418579,30,21,True,True,True
CH_L_349a,17,0.9794489741325378,0.2036297673803503,4.511257171630859,0.9861735105514526,1.0,25,16,True,True,True
CH_L_318a,34,0.9815039038658142,0.20405699215123807,4.925004005432129,0.9860544800758362,1.000000238418579,81,34,True,True,True
CH_L_319a,23,1.0577677488327026,0.21991242660497526,3.3421108722686768,0.9834769368171692,1.000000238418579,39,22,True,True,True
CH_L_307a,24,1.0584267377853394,0.2200494319729685,3.6917879581451416,0.9787274599075317,1.000000238418579,30,22,True,False,True
CH_L_298a,15,1.0923690795898438,0.2271061254287118,3.8463571071624756,0.982073187828064,1.0,18,14,True,True,True
CH_L_306b,22,1.2014470100402832,0.24978368617007143,4.022981643676758,0.9785270094871521,1.0,34,22,True,False,True
CH_L_292a,28,1.2819627523422241,0.2665231001757079,3.0145509243011475,0.9735676050186157,1.0000001192092896,52,28,True,False,True
CH_L_372a,31,1.2906944751739502,0.26833844608551277,3.271192789077759,0.9659436345100403,1.000000238418579,68,31,True,False,True
CH_L_277a,16,1.2940876483917236,0.2690438948544273,5.646381855010986,0.9780575037002563,1.0000001192092896,22,15,True,False,True
CH_L_334a,27,1.330256462097168,0.2765634771050349,3.518510580062866,0.973478376865387,1.0,27,21,True,False,True
CH_L_296a,24,1.3690146207809448,0.2846213903249228,5.113482475280762,0.9696000814437866,1.0,181,24,True,False,True
CH_L_302a,33,1.4012798070907593,0.29132939917098866,3.092367172241211,0.9651840925216675,1.0000001192092896,76,33,True,False,True
CH_L_295a,19,1.433241844177246,0.2979743825737103,3.309626817703247,0.9702059030532837,1.0000001192092896,19,14,True,False,True
CH_L_367a,22,1.4690560102462769,0.3054202327386124,2.692626953125,0.9675508141517639,1.0,22,17,True,False,True
CH_L_309a,20,1.5056688785552979,0.31303213499569155,3.598665714263916,0.9522203803062439,1.0000001192092896,15,15,True,False,True
CH_L_284a,10,1.506570816040039,0.3132196499403799,3.9105124473571777,0.9626404643058777,1.0000001192092896,3,6,True,False,True
CH_L_360a,26,1.5305473804473877,0.3182044346119576,6.147932529449463,0.9418988227844238,0.9954754710197449,0,0,False,False,False
CH_L_282a,15,1.531653642654419,0.31843442915157,4.158376693725586,0.9691815376281738,1.0,17,13,True,False,True
CH_L_289a,33,1.598541021347046,0.33234047400288447,3.7541754245758057,0.9504322409629822,1.0000001192092896,49,27,True,False,True
CH_L_305a,28,1.7153055667877197,0.35661610025224055,7.658390045166016,0.9513841867446899,0.9982200264930725,0,0,False,False,False
CH_L_278a,11,1.7164424657821655,0.3568524642527021,2.472557306289673,0.9062358736991882,1.0000001192092896,4,5,True,False,True
CH_L_399a,3,1.7192133665084839,0.35742854109308475,4.478549957275391,0.9424098134040833,1.0000001192092896,1,2,True,False,True
CH_L_353a,26,1.7551144361495972,0.3648924587169715,4.5725789070129395,0.9622769951820374,1.0,62,26,True,False,True
CH_L_320a,23,1.790693998336792,0.3722895341777834,3.375558376312256,0.9534499645233154,1.0000001192092896,44,23,True,False,True
CH_L_293a,29,1.8048802614212036,0.3752388919576858,2.62449049949646,0.941379189491272,1.0,58,29,True,False,True
CH_L_340a,30,1.84297513961792,0.3831589075893836,5.873610973358154,0.9411072731018066,0.9939621686935425,0,0,False,False,False
CH_L_347a,29,1.931477427482605,0.40155874338121317,3.3539862632751465,0.9386054873466492,1.0000001192092896,33,23,True,False,True
CH_L_352a,23,1.9810515642166138,0.411865324119805,4.757378101348877,0.9264281392097473,1.0000001192092896,45,18,True,False,True
CH_L_333a,8,2.0135273933410645,0.4186171261071957,3.2701480388641357,0.889655590057373,1.0,4,5,True,False,True
CH_L_362a,30,2.0268542766571045,0.42138781679269444,3.347128391265869,0.9025418758392334,1.0000001192092896,36,25,True,False,True
CH_L_308a,27,2.0279033184051514,0.42160591506301653,6.235410690307617,0.919640064239502,0.9968921542167664,0,0,False,False,False
CH_L_351a,15,2.1115198135375977,0.43898998294471525,5.920777797698975,0.9219651818275452,0.9944698810577393,0,0,False,False,False
CH_L_389a,4,2.1787049770355225,0.452957937964128,4.516732692718506,0.9218254089355469,1.0,2,4,True,False,True
CH_L_338a,19,2.316986083984375,0.4817069084411565,6.309263706207275,0.9139691591262817,0.9927366375923157,0,0,False,False,False
CH_L_339a,23,2.332070827484131,0.4848430624328109,4.218389511108398,0.9099480509757996,1.0,25,17,True,False,True
CH_L_315a,23,2.338268518447876,0.48613157710031607,4.559004783630371,0.8725273609161377,1.0000001192092896,14,14,True,False,True
CH_L_345a,27,2.4284298419952393,0.5048763303498812,4.932796955108643,0.9217318296432495,1.0,28,22,True,False,True
CH_L_300a,10,2.432629346847534,0.5057494173802115,2.2984120845794678,0.8545385599136353,1.0000001192092896,2,4,True,False,True
CH_L_303a,21,2.527907609939575,0.5255579945110613,5.9249982833862305,0.8896312713623047,0.9960275888442993,0,0,False,False,False
CH_L_311a,25,2.5411927700042725,0.5283200108335359,1.8951727151870728,0.8432652950286865,1.0,13,14,True,False,True
CH_L_350a,28,2.6470205783843994,0.5503218634792068,3.8189165592193604,0.8461042642593384,1.000000238418579,15,15,True,False,True
CH_L_280a,34,2.6480088233947754,0.5505273219634079,3.9172487258911133,0.8612142205238342,1.0000001192092896,46,27,True,False,True
CH_L_322a,28,2.791196823120117,0.5802964470998679,2.707796573638916,0.8538089394569397,1.0000001192092896,13,18,True,False,True
CH_L_327a,27,2.8098721504211426,0.5841790919894885,5.075705051422119,0.840923011302948,0.9944677352905273,0,0,False,False,False
CH_L_288a,25,2.8528308868408203,0.5931103152947559,4.484803199768066,0.8269124627113342,1.000000238418579,11,13,True,False,True
CH_L_275a,23,2.895864486694336,0.602057102885678,5.283864974975586,0.8527676463127136,0.995656430721283,0,0,False,False,False
CH_L_287a,22,2.9205422401428223,0.6071876664238506,5.027443885803223,0.836890697479248,1.0,1,2,True,False,True
CH_L_344a,24,2.978971242904663,0.6193351948351157,5.431962966918945,0.8405055403709412,0.9951754808425903,0,0,False,False,False
CH_L_312a,19,3.0138518810272217,0.6265869623233256,3.238288640975952,0.835164487361908,1.0000001192092896,25,15,True,False,True
CH_L_341a,13,3.030182123184204,0.6299820584431987,4.560667037963867,0.8149710297584534,0.9785867929458618,0,0,False,False,False
CH_L_369a,25,3.132234573364258,0.6511990051546535,3.2891950607299805,0.8218222856521606,1.0,21,15,True,False,True
CH_L_313a,6,3.2121036052703857,0.6678039665334152,3.521519660949707,0.7472466826438904,0.9868030548095703,0,0,False,False,False
CH_L_356a,17,3.2662391662597656,0.6790588782055985,4.103065013885498,0.8005395531654358,0.9934085607528687,0,0,False,False,False
CH_L_387a,6,3.294055700302124,0.6848420016821325,5.166962623596191,0.761435866355896,1.0,2,4,True,False,True
CH_L_361a,31,3.3771443367004395,0.7021163264796282,1.2766755819320679,0.8039924502372742,1.0000001192092896,6,12,True,False,True
CH_L_342a,13,3.4216089248657227,0.7113606199383853,5.249439716339111,0.7721499800682068,0.9954929947853088,0,0,False,False,False
CH_L_321a,34,3.426858901977539,0.71245210264577,1.6276662349700928,0.7658831477165222,1.000000238418579,14,16,True,False,True
CH_L_285a,21,3.4369077682495117,0.7145412858043008,3.0457751750946045,0.7788864970207214,1.0000001192092896,9,12,True,False,True
CH_L_329a,26,3.448300361633301,0.7169098330199988,3.316035509109497,0.7765401005744934,0.9950805902481079,0,0,False,False,False
CH_L_310a,15,3.456711530685425,0.7186585350378837,2.417281150817871,0.7718459367752075,1.0000001192092896,3,6,True,False,True
CH_L_326a,29,3.4615488052368164,0.7196642159030121,2.224452495574951,0.7787421345710754,1.0000001192092896,15,15,True,False,True
CH_L_337a,16,3.506868839263916,0.729086358587659,3.021696090698242,0.7884648442268372,1.0,3,3,True,False,True
CH_L_294a,25,3.563530921936035,0.7408665401167975,2.122138023376465,0.76633220911026,1.0000001192092896,5,10,True,False,True
CH_L_395a,4,3.597687244415283,0.7479677206629077,5.314599990844727,0.6877452731132507,1.0000001192092896,1,2,True,False,True
CH_L_279a,16,3.61116099357605,0.7507689451062516,1.8882440328598022,0.7549529671669006,0.9999999403953552,2,4,True,False,True
CH_L_299a,23,3.6217174530029297,0.7529636580869451,2.851170301437378,0.7500654458999634,1.0,21,17,True,False,True
CH_L_301a,31,3.6752750873565674,0.7640984174392963,3.243161916732788,0.7656728625297546,1.0,15,15,True,False,True
CH_L_283a,33,3.724994659423828,0.7744352345290009,3.654827356338501,0.75687575340271,0.9964223504066467,0,0,False,False,False
CH_L_373a,17,3.755444049835205,0.7807657350962547,4.469976902008057,0.760073184967041,1.0,9,12,True,False,True
CH_L_359a,21,3.7737953662872314,0.7845810173610188,2.9631011486053467,0.7534664869308472,1.000000238418579,6,9,True,False,True
CH_L_346a,32,3.8135766983032227,0.7928516507461538,2.589931011199951,0.7482056021690369,1.000000238418579,5,10,True,False,True
CH_L_364a,10,3.8190524578094482,0.7939900741494464,2.282456398010254,0.7323662638664246,0.987754225730896,0,0,False,False,False
CH_L_400a,2,3.8437862396240234,0.7991322861179658,6.602833271026611,0.4770987033843994,0.4770987033843994,0,0,False,False,False
CH_L_276a,22,4.132450580596924,0.8591462880269205,3.3133151531219482,0.7229328155517578,0.9997646808624268,3,6,True,False,True
CH_L_336a,20,4.156096935272217,0.8640624213111354,3.0158016681671143,0.6904999017715454,0.9967033863067627,0,0,False,False,False
CH_L_323a,29,4.222329616546631,0.8778323530146535,3.444868564605713,0.6869474053382874,1.0000001192092896,27,21,True,False,True
CH_L_368a,26,4.228880882263184,0.879194376712815,3.5542266368865967,0.7131661176681519,1.0,19,17,True,False,True
CH_L_403a,8,4.331474304199219,0.9005237927368518,3.5907540321350098,0.6512227654457092,0.9885849952697754,0,0,False,False,False
CH_L_348a,23,4.435215473175049,0.9220918280957364,2.151285171508789,0.6939452886581421,0.9995495080947876,2,4,True,False,True
CH_L_317a,28,4.435799598693848,0.9222132691780749,2.09786057472229,0.6738144159317017,1.0,5,10,True,False,True
CH_L_328a,32,4.449398994445801,0.9250406158460687,2.7924745082855225,0.6919390559196472,0.9964194297790527,0,0,False,False,False
CH_L_281b,20,4.451077938079834,0.9253896722141614,3.734381914138794,0.6991106271743774,1.0000001192092896,3,6,True,False,True
CH_L_371a,29,4.534873008728027,0.9428108663696037,2.642666816711426,0.6502371430397034,0.9999172687530518,1,2,True,False,True
CH_L_363a,21,4.567963123321533,0.9496903797646046,2.1338329315185547,0.6519731879234314,0.9972749352455139,0,0,False,False,False
CH_L_291a,28,4.709331035614014,0.9790811044020559,2.8686842918395996,0.6562360525131226,0.9936813116073608,0,0,False,False,False
CH_L_335a,10,4.835531234741211,1.0053184254573817,2.9882845878601074,0.6340655088424683,0.9999237060546875,1,2,True,False,True
