patient_id,tile_a,tile_b,cosine
CH_L_276a,10-11,10-12,0.9997646808624268
CH_L_276a,8-11,8-12,0.9997362494468689
CH_L_276a,9-11,9-12,0.9996915459632874
CH_L_277a,2-10,2-8,1.0000001192092896
CH_L_277a,2-10,2-9,1.0000001192092896
CH_L_277a,2-8,2-9,1.0000001192092896
CH_L_277a,3-10,3-6,0.9998942613601685
CH_L_277a,3-10,3-7,1.0
CH_L_277a,3-10,3-8,1.0
CH_L_277a,3-10,3-9,1.0
CH_L_277a,3-6,3-7,0.9998942613601685
CH_L_277a,3-6,3-8,0.9998942613601685
CH_L_277a,3-6,3-9,0.9998942613601685
CH_L_277a,3-7,3-8,1.0
CH_L_277a,3-7,3-9,1.0
CH_L_277a,3-8,3-9,1.0
CH_L_277a,4-6,4-7,0.9999998807907104
CH_L_277a,4-6,4-8,0.9999998807907104
CH_L_277a,4-6,4-9,0.9999998807907104
CH_L_277a,4-7,4-8,0.9999998211860657
CH_L_277a,4-7,4-9,0.9999998211860657
CH_L_277a,4-8,4-9,0.9999998211860657
CH_L_277a,5-6,5-7,1.0
CH_L_277a,5-6,5-8,1.0
CH_L_277a,5-7,5-8,0.9999999403953552
CH_L_278a,7-12,7-14,1.0
CH_L_278a,8-12,8-13,1.0000001192092896
CH_L_278a,8-12,8-14,1.0000001192092896
CH_L_278a,8-13,8-14,1.0000001192092896
CH_L_279a,6-11,6-12,0.9999999403953552
CH_L_279a,9-12,9-13,0.9999998807907104
CH_L_280a,10-4,8-4,1.0
CH_L_280a,10-4,9-4,1.0
CH_L_280a,10-5,11-5,1.0
CH_L_280a,10-5,8-5,1.0
CH_L_280a,10-5,9-5,1.0
CH_L_280a,10-6,11-6,1.0000001192092896
CH_L_280a,10-6,8-6,1.0000001192092896
CH_L_280a,10-6,9-6,1.0000001192092896
CH_L_280a,10-7,11-7,0.9999997615814209
CH_L_280a,10-7,8-7,0.9999997615814209
CH_L_280a,10-7,9-7,0.9999997615814209
CH_L_280a,10-8,10-9,0.9999998807907104
CH_L_280a,10-8,11-8,0.9999998807907104
CH_L_280a,10-8,8-8,0.9999998807907104
CH_L_280a,10-8,8-9,0.9999998807907104
CH_L_280a,10-8,9-8,0.9999998807907104
CH_L_280a,10-8,9-9,0.9999998807907104
CH_L_280a,10-9,11-8,0.9999998807907104
CH_L_280a,10-9,8-8,0.9999998807907104
CH_L_280a,10-9,8-9,0.9999998807907104
CH_L_280a,10-9,9-8,0.9999998807907104
CH_L_280a,10-9,9-9,0.9999998807907104
CH_L_280a,11-5,8-5,1.0
CH_L_280a,11-5,9-5,1.0
CH_L_280a,11-6,8-6,1.0000001192092896
CH_L_280a,11-6,9-6,1.0000001192092896
CH_L_280a,11-7,8-7,0.9999997615814209
CH_L_280a,11-7,9-7,0.9999997615814209
CH_L_280a,11-8,8-8,0.9999998807907104
CH_L_280a,11-8,8-9,0.9999998807907104
CH_L_280a,11-8,9-8,0.9999998807907104
CH_L_280a,11-8,9-9,0.9999998807907104
CH_L_280a,6-7,6-8,0.9994580149650574
CH_L_280a,6-7,6-9,0.9994580149650574
CH_L_280a,6-8,6-9,0.9999996423721313
CH_L_280a,7-8,7-9,0.9999997615814209
CH_L_280a,8-4,9-4,1.0
CH_L_280a,8-5,9-5,1.0
CH_L_280a,8-6,9-6,1.0000001192092896
CH_L_280a,8-7,9-7,0.9999997615814209
CH_L_280a,8-8,8-9,0.9999998807907104
CH_L_280a,8-8,9-8,0.9999998807907104
CH_L_280a,8-8,9-9,0.9999998807907104
CH_L_280a,8-9,9-8,0.9999998807907104
CH_L_280a,8-9,9-9,0.9999998807907104
CH_L_280a,9-8,9-9,0.9999998807907104
CH_L_281a,10-21,10-22,1.0
CH_L_281a,10-21,10-23,1.0
CH_L_281a,10-21,10-24,1.0
CH_L_281a,10-22,10-23,1.0
CH_L_281a,10-22,10-24,1.0
CH_L_281a,10-23,10-24,1.0
CH_L_281a,11-21,11-22,1.0
CH_L_281a,6-21,6-22,0.9999999403953552
CH_L_281a,6-21,6-23,0.9999999403953552
CH_L_281a,6-21,6-24,0.9999999403953552
CH_L_281a,6-21,6-25,0.9999999403953552
CH_L_281a,6-21,6-26,0.9999999403953552
CH_L_281a,6-22,6-23,0.9999999403953552
CH_L_281a,6-22,6-24,0.9999999403953552
CH_L_281a,6-22,6-25,0.9999999403953552
CH_L_281a,6-22,6-26,0.9999999403953552
CH_L_281a,6-23,6-24,0.9999999403953552
CH_L_281a,6-23,6-25,0.9999999403953552
CH_L_281a,6-23,6-26,0.9999999403953552
CH_L_281a,6-24,6-25,0.9999999403953552
CH_L_281a,6-24,6-26,0.9999999403953552
CH_L_281a,6-25,6-26,0.9999999403953552
CH_L_281a,7-21,7-22,0.9999998807907104
CH_L_281a,7-21,7-23,0.9999998807907104
CH_L_281a,7-21,7-24,0.9999998807907104
CH_L_281a,7-21,7-25,0.9999998807907104
CH_L_281a,7-21,7-26,0.9999998807907104
CH_L_281a,7-22,7-23,0.9999998807907104
CH_L_281a,7-22,7-24,0.9999998807907104
CH_L_281a,7-22,7-25,0.9999998807907104
CH_L_281a,7-22,7-26,0.9999998807907104
CH_L_281a,7-23,7-24,0.9999998807907104
CH_L_281a,7-23,7-25,0.9999998807907104
CH_L_281a,7-23,7-26,0.9999998807907104
CH_L_281a,7-24,7-25,0.9999998807907104
CH_L_281a,7-24,7-26,0.9999998807907104
CH_L_281a,7-25,7-26,0.9999998807907104
CH_L_281a,8-22,8-23,0.9999998807907104
CH_L_281a,8-22,8-24,0.9999998807907104
CH_L_281a,8-22,8-25,0.9999998807907104
CH_L_281a,8-22,8-26,0.9999998807907104
CH_L_281a,8-23,8-24,0.9999998807907104
CH_L_281a,8-23,8-25,0.9999998807907104
CH_L_281a,8-23,8-26,0.9999998807907104
CH_L_281a,8-24,8-25,0.9999998807907104
CH_L_281a,8-24,8-26,0.9999998807907104
CH_L_281a,8-25,8-26,0.9999998807907104
CH_L_281a,9-23,9-24,0.9999998807907104
CH_L_281a,9-23,9-26,0.9999998807907104
CH_L_281a,9-24,9-26,0.9999998807907104
CH_L_281b,6-5,7-5,1.0
CH_L_281b,6-6,7-6,1.0000001192092896
CH_L_281b,7-2,8-2,1.0
CH_L_282a,10-8,11-8,0.9999999403953552
CH_L_282a,10-9,11-9,0.9999998807907104
CH_L_282a,10-9,12-9,0.9999998807907104
CH_L_282a,10-9,9-10,0.9999998807907104
CH_L_282a,10-9,9-11,0.9999998807907104
CH_L_282a,11-9,12-9,0.9999998807907104
CH_L_282a,11-9,9-10,0.9999998807907104
CH_L_282a,11-9,9-11,0.9999998807907104
CH_L_282a,12-9,9-10,0.9999998807907104
CH_L_282a,12-9,9-11,0.9999998807907104
CH_L_282a,7-10,7-11,0.9999999403953552
CH_L_282a,7-10,7-9,0.9999999403953552
CH_L_282a,7-11,7-9,0.9999999403953552
CH_L_282a,8-10,8-11,1.0
CH_L_282a,8-10,8-9,1.0
CH_L_282a,8-11,8-9,1.0
CH_L_282a,9-10,9-11,0.9999998807907104
CH_L_284a,10-10,11-10,1.0
CH_L_284a,10-8,11-8,1.0000001192092896
CH_L_284a,10-9,11-9,1.0
CH_L_285a,5-10,5-9,1.0
CH_L_285a,6-10,6-11,1.0000001192092896
CH_L_285a,6-10,6-9,1.0000001192092896
CH_L_285a,6-11,6-9,1.0000001192092896
CH_L_285a,7-10,7-11,1.0
CH_L_285a,7-10,7-9,1.0
CH_L_285a,7-11,7-9,1.0
CH_L_285a,8-10,8-9,1.0
CH_L_285a,9-10,9-9,1.0000001192092896
CH_L_287a,10-14,10-15,1.0
CH_L_288a,7-3,9-3,1.0
CH_L_288a,7-4,8-4,1.0
CH_L_288a,7-4,9-4,1.0
CH_L_288a,7-5,8-5,1.0
CH_L_288a,7-5,9-5,1.0
CH_L_288a,7-6,8-6,1.000000238418579
CH_L_288a,7-6,9-6,1.000000238418579
CH_L_288a,7-7,8-7,0.9999999403953552
CH_L_288a,8-4,9-4,1.0
CH_L_288a,8-5,9-5,1.0
CH_L_288a,8-6,9-6,1.000000238418579
CH_L_289a,10-11,10-12,0.9999998807907104
CH_L_289a,10-11,10-13,0.9999998807907104
CH_L_289a,10-12,10-13,0.9999998807907104
CH_L_289a,5-11,5-12,0.9999998211860657
CH_L_289a,5-11,5-13,0.9999998211860657
CH_L_289a,5-11,5-14,0.9999998211860657
CH_L_289a,5-11,5-15,0.9999998211860657
CH_L_289a,5-12,5-13,0.9999998211860657
CH_L_289a,5-12,5-14,0.9999998211860657
CH_L_289a,5-12,5-15,0.9999998211860657
CH_L_289a,5-13,5-14,0.9999998211860657
CH_L_289a,5-13,5-15,0.9999998211860657
CH_L_289a,5-14,5-15,0.9999998211860657
CH_L_289a,6-11,6-12,0.9999998807907104
CH_L_289a,6-11,6-13,0.9999998807907104
CH_L_289a,6-11,6-14,0.9999998807907104
CH_L_289a,6-11,6-15,0.9999998807907104
CH_L_289a,6-12,6-13,0.9999998807907104
CH_L_289a,6-12,6-14,0.9999998807907104
CH_L_289a,6-12,6-15,0.9999998807907104
CH_L_289a,6-13,6-14,0.9999998807907104
CH_L_289a,6-13,6-15,0.9999998807907104
CH_L_289a,6-14,6-15,0.9999998807907104
CH_L_289a,7-11,7-12,1.0000001192092896
CH_L_289a,7-11,7-13,1.0000001192092896
CH_L_289a,7-11,7-14,1.0000001192092896
CH_L_289a,7-11,7-15,1.0000001192092896
CH_L_289a,7-12,7-13,1.0000001192092896
CH_L_289a,7-12,7-14,1.0000001192092896
CH_L_289a,7-12,7-15,1.0000001192092896
CH_L_289a,7-13,7-14,1.0000001192092896
CH_L_289a,7-13,7-15,1.0000001192092896
CH_L_289a,7-14,7-15,1.0000001192092896
CH_L_289a,8-11,8-12,0.9999998807907104
CH_L_289a,8-11,8-13,0.9999998807907104
CH_L_289a,8-11,8-14,0.9999998807907104
CH_L_289a,8-11,8-15,0.9999998807907104
CH_L_289a,8-12,8-13,0.9999998807907104
CH_L_289a,8-12,8-14,0.9999998807907104
CH_L_289a,8-12,8-15,0.9999998807907104
CH_L_289a,8-13,8-14,0.9999998807907104
CH_L_289a,8-13,8-15,0.9999998807907104
CH_L_289a,8-14,8-15,0.9999998807907104
CH_L_289a,9-11,9-12,1.0
CH_L_289a,9-11,9-13,1.0
CH_L_289a,9-11,9-14,1.0
CH_L_289a,9-12,9-13,1.0
CH_L_289a,9-12,9-14,1.0
CH_L_289a,9-13,9-14,1.0
CH_L_290a,10-15,10-16,1.0
CH_L_290a,5-14,5-16,1.0
CH_L_290a,5-14,5-17,1.0
CH_L_290a,5-14,5-18,1.0
CH_L_290a,5-16,5-17,1.0
CH_L_290a,5-16,5-18,1.0
CH_L_290a,5-17,5-18,1.0
CH_L_290a,6-13,6-14,1.0
CH_L_290a,6-13,6-15,1.0
CH_L_290a,6-13,6-16,1.0
CH_L_290a,6-14,6-15,1.0
CH_L_290a,6-14,6-16,1.0
CH_L_290a,6-15,6-16,1.0
CH_L_290a,7-13,7-14,1.000000238418579
CH_L_290a,7-13,7-15,1.000000238418579
CH_L_290a,7-13,7-16,1.000000238418579
CH_L_290a,7-13,7-18,1.000000238418579
CH_L_290a,7-14,7-15,1.000000238418579
CH_L_290a,7-14,7-16,1.000000238418579
CH_L_290a,7-14,7-18,1.000000238418579
CH_L_290a,7-15,7-16,1.000000238418579
CH_L_290a,7-15,7-18,1.000000238418579
CH_L_290a,7-16,7-18,1.000000238418579
CH_L_290a,8-15,8-16,0.9999998807907104
CH_L_290a,9-14,9-15,1.0000001192092896
CH_L_290a,9-14,9-16,1.0000001192092896
CH_L_290a,9-14,9-17,1.0000001192092896
CH_L_290a,9-15,9-16,1.0000001192092896
CH_L_290a,9-15,9-17,1.0000001192092896
CH_L_290a,9-16,9-17,1.0000001192092896
CH_L_292a,2-12,2-13,1.0
CH_L_292a,2-12,2-14,1.0
CH_L_292a,2-12,2-15,1.0
CH_L_292a,2-12,2-16,1.0
CH_L_292a,2-13,2-14,1.0
CH_L_292a,2-13,2-15,1.0
CH_L_292a,2-13,2-16,1.0
CH_L_292a,2-14,2-15,1.0
CH_L_292a,2-14,2-16,1.0
CH_L_292a,2-15,2-16,1.0
CH_L_292a,3-12,3-13,1.0
CH_L_292a,3-12,3-14,1.0
CH_L_292a,3-12,3-15,1.0
CH_L_292a,3-12,3-16,1.0
CH_L_292a,3-13,3-14,1.0
CH_L_292a,3-13,3-15,1.0
CH_L_292a,3-13,3-16,1.0
CH_L_292a,3-14,3-15,1.0
CH_L_292a,3-14,3-16,1.0
CH_L_292a,3-15,3-16,1.0
CH_L_292a,4-13,4-14,1.0
CH_L_292a,4-13,4-15,1.0
CH_L_292a,4-13,4-16,1.0
CH_L_292a,4-14,4-15,1.0
CH_L_292a,4-14,4-16,1.0
CH_L_292a,4-15,4-16,1.0
CH_L_292a,5-13,5-14,1.0
CH_L_292a,5-13,5-15,1.0
CH_L_292a,5-13,5-16,1.0
CH_L_292a,5-14,5-15,1.0
CH_L_292a,5-14,5-16,1.0
CH_L_292a,5-15,5-16,1.0
CH_L_292a,6-12,6-13,1.0
CH_L_292a,6-12,6-14,1.0
CH_L_292a,6-12,6-15,1.0
CH_L_292a,6-12,6-16,1.0
CH_L_292a,6-13,6-14,1.0
CH_L_292a,6-13,6-15,1.0
CH_L_292a,6-13,6-16,1.0
CH_L_292a,6-14,6-15,1.0
CH_L_292a,6-14,6-16,1.0
CH_L_292a,6-15,6-16,1.0
CH_L_292a,7-12,7-13,1.0000001192092896
CH_L_292a,7-12,7-14,1.0000001192092896
CH_L_292a,7-12,7-15,1.0000001192092896
CH_L_292a,7-12,7-16,1.0000001192092896
CH_L_292a,7-13,7-14,1.0000001192092896
CH_L_292a,7-13,7-15,1.0000001192092896
CH_L_292a,7-13,7-16,1.0000001192092896
CH_L_292a,7-14,7-15,1.0000001192092896
CH_L_292a,7-14,7-16,1.0000001192092896
CH_L_292a,7-15,7-16,1.0000001192092896
CH_L_293a,10-14,10-15,1.0
CH_L_293a,10-14,10-16,1.0
CH_L_293a,10-15,10-16,1.0
CH_L_293a,5-14,5-15,1.0
CH_L_293a,5-14,5-16,1.0
CH_L_293a,5-14,5-17,1.0
CH_L_293a,5-14,5-18,1.0
CH_L_293a,5-15,5-16,1.0
CH_L_293a,5-15,5-17,1.0
CH_L_293a,5-15,5-18,1.0
CH_L_293a,5-16,5-17,1.0
CH_L_293a,5-16,5-18,1.0
CH_L_293a,5-17,5-18,1.0
CH_L_293a,6-14,6-15,1.0
CH_L_293a,6-14,6-16,1.0
CH_L_293a,6-14,6-17,1.0
CH_L_293a,6-14,6-18,1.0
CH_L_293a,6-15,6-16,1.0
CH_L_293a,6-15,6-17,1.0
CH_L_293a,6-15,6-18,1.0
CH_L_293a,6-16,6-17,1.0
CH_L_293a,6-16,6-18,1.0
CH_L_293a,6-17,6-18,1.0
CH_L_293a,7-13,7-14,0.9999998807907104
CH_L_293a,7-13,7-15,0.9999998807907104
CH_L_293a,7-13,7-16,0.9999998807907104
CH_L_293a,7-13,7-17,0.9999998807907104
CH_L_293a,7-13,7-18,0.9999998807907104
CH_L_293a,7-14,7-15,0.9999998807907104
CH_L_293a,7-14,7-16,0.9999998807907104
CH_L_293a,7-14,7-17,0.9999998807907104
CH_L_293a,7-14,7-18,0.9999998807907104
CH_L_293a,7-15,7-16,0.9999998807907104
CH_L_293a,7-15,7-17,0.9999998807907104
CH_L_293a,7-15,7-18,0.9999998807907104
CH_L_293a,7-16,7-17,0.9999998807907104
CH_L_293a,7-16,7-18,0.9999998807907104
CH_L_293a,7-17,7-18,0.9999998807907104
CH_L_293a,8-14,8-15,1.0
CH_L_293a,8-14,8-16,1.0
CH_L_293a,8-14,8-17,1.0
CH_L_293a,8-14,8-18,1.0
CH_L_293a,8-15,8-16,1.0
CH_L_293a,8-15,8-17,1.0
CH_L_293a,8-15,8-18,1.0
CH_L_293a,8-16,8-17,1.0
CH_L_293a,8-16,8-18,1.0
CH_L_293a,8-17,8-18,1.0
CH_L_293a,9-14,9-15,1.0
CH_L_293a,9-14,9-16,1.0
CH_L_293a,9-14,9-17,1.0
CH_L_293a,9-14,9-18,1.0
CH_L_293a,9-15,9-16,1.0
CH_L_293a,9-15,9-17,1.0
CH_L_293a,9-15,9-18,1.0
CH_L_293a,9-16,9-17,1.0
CH_L_293a,9-16,9-18,1.0
CH_L_293a,9-17,9-18,1.0
CH_L_294a,11-12,11-13,1.0
CH_L_294a,6-12,6-13,0.9999999403953552
CH_L_294a,7-12,7-13,1.0
CH_L_294a,8-12,8-13,1.0000001192092896
CH_L_294a,9-12,9-13,1.0
CH_L_295a,10-12,10-13,1.0
CH_L_295a,10-12,10-14,1.0
CH_L_295a,10-12,10-15,1.0
CH_L_295a,10-13,10-14,1.0
CH_L_295a,10-13,10-15,1.0
CH_L_295a,10-14,10-15,1.0
CH_L_295a,11-13,11-14,1.0
CH_L_295a,12-15,13-13,1.0000001192092896
CH_L_295a,12-15,13-14,1.0000001192092896
CH_L_295a,12-15,13-15,1.0000001192092896
CH_L_295a,13-13,13-14,1.0000001192092896
CH_L_295a,13-13,13-15,1.0000001192092896
CH_L_295a,13-14,13-15,1.0000001192092896
CH_L_295a,9-12,9-13,1.0
CH_L_295a,9-12,9-14,1.0
CH_L_295a,9-12,9-15,1.0
CH_L_295a,9-13,9-14,1.0000001192092896
CH_L_295a,9-13,9-15,1.0000001192092896
CH_L_295a,9-14,9-15,1.0000001192092896
CH_L_296a,10-10,10-11,1.0
CH_L_296a,10-10,10-12,1.0
CH_L_296a,10-10,10-8,1.0
CH_L_296a,10-10,10-9,1.0
CH_L_296a,10-10,11-10,1.0
CH_L_296a,10-10,11-11,1.0
CH_L_296a,10-10,11-12,1.0
CH_L_296a,10-10,11-8,1.0
CH_L_296a,10-10,11-9,1.0
CH_L_296a,10-10,8-10,1.0
CH_L_296a,10-10,8-11,1.0
CH_L_296a,10-10,8-12,1.0
CH_L_296a,10-10,8-8,1.0
CH_L_296a,10-10,8-9,1.0
CH_L_296a,10-10,9-10,1.0
CH_L_296a,10-10,9-11,1.0
CH_L_296a,10-10,9-8,1.0
CH_L_296a,10-10,9-9,1.0
CH_L_296a,10-11,10-12,1.0
CH_L_296a,10-11,10-8,1.0
CH_L_296a,10-11,10-9,1.0
CH_L_296a,10-11,11-10,1.0
CH_L_296a,10-11,11-11,1.0
CH_L_296a,10-11,11-12,1.0
CH_L_296a,10-11,11-8,1.0
CH_L_296a,10-11,11-9,1.0
CH_L_296a,10-11,8-10,1.0
CH_L_296a,10-11,8-11,1.0
CH_L_296a,10-11,8-12,1.0
CH_L_296a,10-11,8-8,1.0
CH_L_296a,10-11,8-9,1.0
CH_L_296a,10-11,9-10,1.0
CH_L_296a,10-11,9-11,1.0
CH_L_296a,10-11,9-8,1.0
CH_L_296a,10-11,9-9,1.0
CH_L_296a,10-12,10-8,1.0
CH_L_296a,10-12,10-9,1.0
CH_L_296a,10-12,11-10,1.0
CH_L_296a,10-12,11-11,1.0
CH_L_296a,10-12,11-12,1.0
CH_L_296a,10-12,11-8,1.0
CH_L_296a,10-12,11-9,1.0
CH_L_296a,10-12,8-10,1.0
CH_L_296a,10-12,8-11,1.0
CH_L_296a,10-12,8-12,1.0
CH_L_296a,10-12,8-8,1.0
CH_L_296a,10-12,8-9,1.0
CH_L_296a,10-12,9-10,1.0
CH_L_296a,10-12,9-11,1.0
CH_L_296a,10-12,9-8,1.0
CH_L_296a,10-12,9-9,1.0
CH_L_296a,10-8,10-9,1.0
CH_L_296a,10-8,11-10,1.0
CH_L_296a,10-8,11-11,1.0
CH_L_296a,10-8,11-12,1.0
CH_L_296a,10-8,11-8,1.0
CH_L_296a,10-8,11-9,1.0
CH_L_296a,10-8,8-10,1.0
CH_L_296a,10-8,8-11,1.0
CH_L_296a,10-8,8-12,1.0
CH_L_296a,10-8,8-8,1.0
CH_L_296a,10-8,8-9,1.0
CH_L_296a,10-8,9-10,1.0
CH_L_296a,10-8,9-11,1.0
CH_L_296a,10-8,9-8,1.0
CH_L_296a,10-8,9-9,1.0
CH_L_296a,10-9,11-10,1.0
CH_L_296a,10-9,11-11,1.0
CH_L_296a,10-9,11-12,1.0
CH_L_296a,10-9,11-8,1.0
CH_L_296a,10-9,11-9,1.0
CH_L_296a,10-9,8-10,1.0
CH_L_296a,10-9,8-11,1.0
CH_L_296a,10-9,8-12,1.0
CH_L_296a,10-9,8-8,1.0
CH_L_296a,10-9,8-9,1.0
CH_L_296a,10-9,9-10,1.0
CH_L_296a,10-9,9-11,1.0
CH_L_296a,10-9,9-8,1.0
CH_L_296a,10-9,9-9,1.0
CH_L_296a,11-10,11-11,1.0
CH_L_296a,11-10,11-12,1.0
CH_L_296a,11-10,11-8,1.0
CH_L_296a,11-10,11-9,1.0
CH_L_296a,11-10,8-10,1.0
CH_L_296a,11-10,8-11,1.0
CH_L_296a,11-10,8-12,1.0
CH_L_296a,11-10,8-8,1.0
CH_L_296a,11-10,8-9,1.0
CH_L_296a,11-10,9-10,1.0
CH_L_296a,11-10,9-11,1.0
CH_L_296a,11-10,9-8,1.0
CH_L_296a,11-10,9-9,1.0
CH_L_296a,11-11,11-12,1.0
CH_L_296a,11-11,11-8,1.0
CH_L_296a,11-11,11-9,1.0
CH_L_296a,11-11,8-10,1.0
CH_L_296a,11-11,8-11,1.0
CH_L_296a,11-11,8-12,1.0
CH_L_296a,11-11,8-8,1.0
CH_L_296a,11-11,8-9,1.0
CH_L_296a,11-11,9-10,1.0
CH_L_296a,11-11,9-11,1.0
CH_L_296a,11-11,9-8,1.0
CH_L_296a,11-11,9-9,1.0
CH_L_296a,11-12,11-8,1.0
CH_L_296a,11-12,11-9,1.0
CH_L_296a,11-12,8-10,1.0
CH_L_296a,11-12,8-11,1.0
CH_L_296a,11-12,8-12,1.0
CH_L_296a,11-12,8-8,1.0
CH_L_296a,11-12,8-9,1.0
CH_L_296a,11-12,9-10,1.0
CH_L_296a,11-12,9-11,1.0
CH_L_296a,11-12,9-8,1.0
CH_L_296a,11-12,9-9,1.0
CH_L_296a,11-8,11-9,1.0
CH_L_296a,11-8,8-10,1.0
CH_L_296a,11-8,8-11,1.0
CH_L_296a,11-8,8-12,1.0
CH_L_296a,11-8,8-8,1.0
CH_L_296a,11-8,8-9,1.0
CH_L_296a,11-8,9-10,1.0
CH_L_296a,11-8,9-11,1.0
CH_L_296a,11-8,9-8,1.0
CH_L_296a,11-8,9-9,1.0
CH_L_296a,11-9,8-10,1.0
CH_L_296a,11-9,8-11,1.0
CH_L_296a,11-9,8-12,1.0
CH_L_296a,11-9,8-8,1.0
CH_L_296a,11-9,8-9,1.0
CH_L_296a,11-9,9-10,1.0
CH_L_296a,11-9,9-11,1.0
CH_L_296a,11-9,9-8,1.0
CH_L_296a,11-9,9-9,1.0
CH_L_296a,7-10,7-11,1.0
CH_L_296a,7-10,7-12,1.0
CH_L_296a,7-10,7-8,1.0
CH_L_296a,7-10,7-9,1.0
CH_L_296a,7-11,7-12,1.0
CH_L_296a,7-11,7-8,1.0
CH_L_296a,7-11,7-9,1.0
CH_L_296a,7-12,7-8,1.0
CH_L_296a,7-12,7-9,1.0
CH_L_296a,7-8,7-9,1.0
CH_L_296a,8-10,8-11,1.0
CH_L_296a,8-10,8-12,1.0
CH_L_296a,8-10,8-8,1.0
CH_L_296a,8-10,8-9,1.0
CH_L_296a,8-10,9-10,1.0
CH_L_296a,8-10,9-11,1.0
CH_L_296a,8-10,9-8,1.0
CH_L_296a,8-10,9-9,1.0
CH_L_296a,8-11,8-12,1.0
CH_L_296a,8-11,8-8,1.0
CH_L_296a,8-11,8-9,1.0
CH_L_296a,8-11,9-10,1.0
CH_L_296a,8-11,9-11,1.0
CH_L_296a,8-11,9-8,1.0
CH_L_296a,8-11,9-9,1.0
CH_L_296a,8-12,8-8,1.0
CH_L_296a,8-12,8-9,1.0
CH_L_296a,8-12,9-10,1.0
CH_L_296a,8-12,9-11,1.0
CH_L_296a,8-12,9-8,1.0
CH_L_296a,8-12,9-9,1.0
CH_L_296a,8-8,8-9,1.0
CH_L_296a,8-8,9-10,1.0
CH_L_296a,8-8,9-11,1.0
CH_L_296a,8-8,9-8,1.0
CH_L_296a,8-8,9-9,1.0
CH_L_296a,8-9,9-10,1.0
CH_L_296a,8-9,9-11,1.0
CH_L_296a,8-9,9-8,1.0
CH_L_296a,8-9,9-9,1.0
CH_L_296a,9-10,9-11,1.0
CH_L_296a,9-10,9-8,1.0
CH_L_296a,9-10,9-9,1.0
CH_L_296a,9-11,9-8,1.0
CH_L_296a,9-11,9-9,1.0
CH_L_296a,9-8,9-9,1.0
CH_L_298a,10-3,13-3,1.0
CH_L_298a,10-3,14-3,1.0
CH_L_298a,10-3,9-3,0.9993047118186951
CH_L_298a,10-4,11-4,1.0
CH_L_298a,10-4,14-4,1.0
CH_L_298a,10-4,9-4,0.9990649223327637
CH_L_298a,10-5,11-5,1.0
CH_L_298a,10-5,9-5,0.9993674755096436
CH_L_298a,11-4,14-4,1.0
CH_L_298a,11-4,9-4,0.9990649223327637
CH_L_298a,11-5,9-5,0.9993674755096436
CH_L_298a,13-1,14-1,0.9999998807907104
CH_L_298a,13-1,9-1,0.9995304346084595
CH_L_298a,13-3,14-3,1.0
CH_L_298a,13-3,9-3,0.9993047118186951
CH_L_298a,14-1,9-1,0.9995304346084595
CH_L_298a,14-3,9-3,0.9993047118186951
CH_L_298a,14-4,9-4,0.9990649223327637
CH_L_299a,4-10,4-7,0.9992468357086182
CH_L_299a,4-10,4-8,1.0
CH_L_299a,4-10,4-9,1.0
CH_L_299a,4-7,4-8,0.9992468357086182
CH_L_299a,4-7,4-9,0.9992468357086182
CH_L_299a,4-8,4-9,1.0
CH_L_299a,5-10,5-8,0.9999999403953552
CH_L_299a,5-10,5-9,0.9999999403953552
CH_L_299a,5-8,5-9,0.9999999403953552
CH_L_299a,6-10,6-8,1.0
CH_L_299a,6-10,6-9,1.0
CH_L_299a,6-8,6-9,1.0
CH_L_299a,7-10,7-8,0.9999999403953552
CH_L_299a,7-10,7-9,0.9999999403953552
CH_L_299a,7-8,7-9,0.9999999403953552
CH_L_299a,8-10,8-8,1.0
CH_L_299a,8-10,8-9,1.0
CH_L_299a,8-10,9-9,1.0
CH_L_299a,8-8,8-9,0.9999999403953552
CH_L_299a,8-8,9-9,0.9999999403953552
CH_L_299a,8-9,9-9,0.9999999403953552
CH_L_300a,5-13,5-14,0.9999998807907104
CH_L_300a,7-12,7-13,1.0000001192092896
CH_L_301a,5-13,5-14,1.0
CH_L_301a,5-13,5-15,1.0
CH_L_301a,5-14,5-15,1.0
CH_L_301a,6-13,6-14,0.9999998807907104
CH_L_301a,6-13,6-15,0.9999998807907104
CH_L_301a,6-14,6-15,0.9999998807907104
CH_L_301a,7-13,7-14,1.0
CH_L_301a,7-13,7-15,1.0
CH_L_301a,7-14,7-15,1.0
CH_L_301a,8-13,8-14,0.9999999403953552
CH_L_301a,8-13,8-15,0.9999999403953552
CH_L_301a,8-14,8-15,0.9999999403953552
CH_L_301a,9-13,9-14,1.0
CH_L_301a,9-13,9-15,1.0
CH_L_301a,9-14,9-15,1.0
CH_L_302a,10-15,10-16,1.0000001192092896
CH_L_302a,10-15,10-17,1.0000001192092896
CH_L_302a,10-15,10-18,1.0000001192092896
CH_L_302a,10-15,10-19,1.0000001192092896
CH_L_302a,10-16,10-17,1.0000001192092896
CH_L_302a,10-16,10-18,1.0000001192092896
CH_L_302a,10-16,10-19,1.0000001192092896
CH_L_302a,10-17,10-18,1.0000001192092896
CH_L_302a,10-17,10-19,1.0000001192092896
CH_L_302a,10-18,10-19,1.0000001192092896
CH_L_302a,5-15,5-16,1.0
CH_L_302a,5-15,5-17,1.0
CH_L_302a,5-15,5-18,1.0
CH_L_302a,5-15,5-19,1.0
CH_L_302a,5-15,5-20,1.0
CH_L_302a,5-16,5-17,1.0
CH_L_302a,5-16,5-18,1.0
CH_L_302a,5-16,5-19,1.0
CH_L_302a,5-16,5-20,1.0
CH_L_302a,5-17,5-18,1.0
CH_L_302a,5-17,5-19,1.0
CH_L_302a,5-17,5-20,1.0
CH_L_302a,5-18,5-19,1.0
CH_L_302a,5-18,5-20,1.0
CH_L_302a,5-19,5-20,1.0
CH_L_302a,6-15,6-16,0.9999997019767761
CH_L_302a,6-15,6-17,0.9999997019767761
CH_L_302a,6-15,6-18,0.9999997019767761
CH_L_302a,6-15,6-19,0.9999997019767761
CH_L_302a,6-15,6-20,0.9999997019767761
CH_L_302a,6-16,6-17,0.9999997019767761
CH_L_302a,6-16,6-18,0.9999997019767761
CH_L_302a,6-16,6-19,0.9999997019767761
CH_L_302a,6-16,6-20,0.9999997019767761
CH_L_302a,6-17,6-18,0.9999997019767761
CH_L_302a,6-17,6-19,0.9999997019767761
CH_L_302a,6-17,6-20,0.9999997019767761
CH_L_302a,6-18,6-19,0.9999997019767761
CH_L_302a,6-18,6-20,0.9999997019767761
CH_L_302a,6-19,6-20,0.9999997019767761
CH_L_302a,7-15,7-16,0.9999997615814209
CH_L_302a,7-15,7-17,0.9999997615814209
CH_L_302a,7-15,7-18,0.9999997615814209
CH_L_302a,7-15,7-19,0.9999997615814209
CH_L_302a,7-15,7-20,0.9999997615814209
CH_L_302a,7-16,7-17,0.9999997615814209
CH_L_302a,7-16,7-18,0.9999997615814209
CH_L_302a,7-16,7-19,0.9999997615814209
CH_L_302a,7-16,7-20,0.9999997615814209
CH_L_302a,7-17,7-18,0.9999997615814209
CH_L_302a,7-17,7-19,0.9999997615814209
CH_L_302a,7-17,7-20,0.9999997615814209
CH_L_302a,7-18,7-19,0.9999997615814209
CH_L_302a,7-18,7-20,0.9999997615814209
CH_L_302a,7-19,7-20,0.9999997615814209
CH_L_302a,8-15,8-16,0.9999997615814209
CH_L_302a,8-15,8-17,0.9999997615814209
CH_L_302a,8-15,8-18,0.9999997615814209
CH_L_302a,8-15,8-19,0.9999997615814209
CH_L_302a,8-15,8-20,0.9999997615814209
CH_L_302a,8-16,8-17,0.9999997615814209
CH_L_302a,8-16,8-18,0.9999997615814209
CH_L_302a,8-16,8-19,0.9999997615814209
CH_L_302a,8-16,8-20,0.9999997615814209
CH_L_302a,8-17,8-18,0.9999997615814209
CH_L_302a,8-17,8-19,0.9999997615814209
CH_L_302a,8-17,8-20,0.9999997615814209
CH_L_302a,8-18,8-19,0.9999997615814209
CH_L_302a,8-18,8-20,0.9999997615814209
CH_L_302a,8-19,8-20,0.9999997615814209
CH_L_302a,9-15,9-16,0.9999999403953552
CH_L_302a,9-15,9-18,0.9999999403953552
CH_L_302a,9-15,9-19,0.9999999403953552
CH_L_302a,9-16,9-18,0.9999999403953552
CH_L_302a,9-16,9-19,0.9999999403953552
CH_L_302a,9-18,9-19,0.9999999403953552
CH_L_306a,3-16,3-17,1.0
CH_L_306a,3-16,3-18,1.0
CH_L_306a,3-16,3-19,1.0
CH_L_306a,3-17,3-18,1.0
CH_L_306a,3-17,3-19,1.0
CH_L_306a,3-18,3-19,1.0
CH_L_306a,4-19,4-20,1.0
CH_L_306a,6-17,6-18,0.9999998807907104
CH_L_306a,6-17,6-19,0.9999998807907104
CH_L_306a,6-17,6-20,0.9999998807907104
CH_L_306a,6-18,6-19,0.9999998807907104
CH_L_306a,6-18,6-20,0.9999998807907104
CH_L_306a,6-19,6-20,0.9999998807907104
CH_L_306b,10-17,10-18,1.0
CH_L_306b,10-17,10-19,1.0
CH_L_306b,10-17,10-20,1.0
CH_L_306b,10-18,10-19,1.0
CH_L_306b,10-18,10-20,1.0
CH_L_306b,10-19,10-20,1.0
CH_L_306b,11-19,11-20,0.9999999403953552
CH_L_306b,6-16,6-17,0.9999999403953552
CH_L_306b,7-16,7-17,0.9999999403953552
CH_L_306b,7-16,7-19,0.9999999403953552
CH_L_306b,7-16,7-20,0.9999999403953552
CH_L_306b,7-17,7-19,0.9999999403953552
CH_L_306b,7-17,7-20,0.9999999403953552
CH_L_306b,7-19,7-20,0.9999999403953552
CH_L_306b,8-16,8-17,0.9999999403953552
CH_L_306b,8-16,8-18,0.9999999403953552
CH_L_306b,8-16,8-19,0.9999999403953552
CH_L_306b,8-16,8-20,0.9999999403953552
CH_L_306b,8-17,8-18,0.9999999403953552
CH_L_306b,8-17,8-19,0.9999999403953552
CH_L_306b,8-17,8-20,0.9999999403953552
CH_L_306b,8-18,8-19,0.9999999403953552
CH_L_306b,8-18,8-20,0.9999999403953552
CH_L_306b,8-19,8-20,0.9999999403953552
CH_L_306b,9-16,9-17,0.9999998807907104
CH_L_306b,9-16,9-18,0.9999998807907104
CH_L_306b,9-16,9-19,0.9999998807907104
CH_L_306b,9-16,9-20,0.9999998807907104
CH_L_306b,9-17,9-18,0.9999998807907104
CH_L_306b,9-17,9-19,0.9999998807907104
CH_L_306b,9-17,9-20,0.9999998807907104
CH_L_306b,9-18,9-19,0.9999998807907104
CH_L_306b,9-18,9-20,0.9999998807907104
CH_L_306b,9-19,9-20,0.9999998807907104
CH_L_307a,3-15,3-16,0.9999706149101257
CH_L_307a,3-15,3-17,0.9999706149101257
CH_L_307a,3-16,3-17,1.000000238418579
CH_L_307a,4-16,4-17,1.0000001192092896
CH_L_307a,4-16,4-18,1.0000001192092896
CH_L_307a,4-17,4-18,1.0000001192092896
CH_L_307a,5-15,5-16,0.9999724626541138
CH_L_307a,5-15,5-17,0.9999724626541138
CH_L_307a,5-15,5-18,0.9999724626541138
CH_L_307a,5-16,5-17,1.000000238418579
CH_L_307a,5-16,5-18,1.000000238418579
CH_L_307a,5-17,5-18,1.000000238418579
CH_L_307a,6-15,6-16,0.9999759197235107
CH_L_307a,6-15,6-17,0.9999759197235107
CH_L_307a,6-15,6-18,0.9999759197235107
CH_L_307a,6-16,6-17,0.9999999403953552
CH_L_307a,6-16,6-18,0.9999999403953552
CH_L_307a,6-17,6-18,0.9999999403953552
CH_L_307a,7-15,7-16,0.9999483227729797
CH_L_307a,7-15,7-17,0.9999483227729797
CH_L_307a,7-15,7-18,0.9999483227729797
CH_L_307a,7-16,7-17,1.0
CH_L_307a,7-16,7-18,1.0
CH_L_307a,7-17,7-18,1.0
CH_L_307a,8-15,8-16,0.9999560117721558
CH_L_307a,8-15,8-17,0.9999560117721558
CH_L_307a,8-15,8-18,0.9999560117721558
CH_L_307a,8-16,8-17,0.9999999403953552
CH_L_307a,8-16,8-18,0.9999999403953552
CH_L_307a,8-17,8-18,0.9999999403953552
CH_L_309a,10-10,10-11,0.9994907379150391
CH_L_309a,10-10,10-12,0.9994907379150391
CH_L_309a,10-11,10-12,1.0000001192092896
CH_L_309a,6-11,6-12,0.9999999403953552
CH_L_309a,6-11,6-13,0.9999999403953552
CH_L_309a,6-12,6-13,0.9999999403953552
CH_L_309a,7-11,7-12,1.0
CH_L_309a,7-11,7-13,1.0
CH_L_309a,7-12,7-13,1.0
CH_L_309a,8-11,8-12,1.0
CH_L_309a,8-11,8-13,1.0
CH_L_309a,8-12,8-13,1.0
CH_L_309a,9-10,9-11,0.9996723532676697
CH_L_309a,9-10,9-12,0.9996723532676697
CH_L_309a,9-11,9-12,1.0
CH_L_310a,5-13,5-14,0.9999999403953552
CH_L_310a,6-13,6-14,1.0
CH_L_310a,7-13,7-14,1.0000001192092896
CH_L_311a,10-13,10-14,0.9999999403953552
CH_L_311a,10-13,10-15,0.9999999403953552
CH_L_311a,10-14,10-15,0.9999999403953552
CH_L_311a,11-13,11-14,0.9999998807907104
CH_L_311a,11-13,11-15,0.9999998807907104
CH_L_311a,11-14,11-15,0.9999998807907104
CH_L_311a,12-13,12-14,1.0
CH_L_311a,8-13,8-14,1.0
CH_L_311a,8-13,8-15,1.0
CH_L_311a,8-14,8-15,1.0
CH_L_311a,9-13,9-14,1.0
CH_L_311a,9-13,9-15,1.0
CH_L_311a,9-14,9-15,1.0
CH_L_312a,10-10,10-11,0.9999999403953552
CH_L_312a,10-10,10-9,0.9999999403953552
CH_L_312a,10-10,11-11,0.9999999403953552
CH_L_312a,10-10,9-10,0.9999999403953552
CH_L_312a,10-10,9-11,0.9999999403953552
CH_L_312a,10-10,9-9,0.9999999403953552
CH_L_312a,10-11,10-9,0.9999999403953552
CH_L_312a,10-11,11-11,0.9999999403953552
CH_L_312a,10-11,9-10,0.9999999403953552
CH_L_312a,10-11,9-11,0.9999999403953552
CH_L_312a,10-11,9-9,0.9999999403953552
CH_L_312a,10-7,9-7,0.9999998807907104
CH_L_312a,10-8,9-8,1.0
CH_L_312a,10-9,11-11,0.9999999403953552
CH_L_312a,10-9,9-10,0.9999999403953552
CH_L_312a,10-9,9-11,0.9999999403953552
CH_L_312a,10-9,9-9,0.9999999403953552
CH_L_312a,11-11,9-10,0.9999999403953552
CH_L_312a,11-11,9-11,0.9999999403953552
CH_L_312a,11-11,9-9,0.9999999403953552
CH_L_312a,7-10,7-9,1.0000001192092896
CH_L_312a,8-10,8-9,1.0000001192092896
CH_L_312a,9-10,9-11,0.9999999403953552
CH_L_312a,9-10,9-9,0.9999999403953552
CH_L_312a,9-11,9-9,0.9999999403953552
CH_L_314a,5-18,5-19,1.0
CH_L_314a,5-18,5-20,1.0
CH_L_314a,5-18,5-22,1.0
CH_L_314a,5-18,5-23,1.0
CH_L_314a,5-19,5-20,1.0
CH_L_314a,5-19,5-22,1.0
CH_L_314a,5-19,5-23,1.0
CH_L_314a,5-20,5-22,1.0
CH_L_314a,5-20,5-23,1.0
CH_L_314a,5-22,5-23,1.0
CH_L_314a,6-18,6-19,1.0
CH_L_314a,6-18,6-20,1.0
CH_L_314a,6-18,6-21,1.0
CH_L_314a,6-18,6-22,1.0
CH_L_314a,6-18,6-23,1.0
CH_L_314a,6-19,6-20,1.0
CH_L_314a,6-19,6-21,1.0
CH_L_314a,6-19,6-22,1.0
CH_L_314a,6-19,6-23,1.0
CH_L_314a,6-20,6-21,1.0
CH_L_314a,6-20,6-22,1.0
CH_L_314a,6-20,6-23,1.0
CH_L_314a,6-21,6-22,1.0
CH_L_314a,6-21,6-23,1.0
CH_L_314a,6-22,6-23,1.0
CH_L_314a,7-18,7-19,1.0
CH_L_314a,7-18,7-22,1.0
CH_L_314a,7-18,7-23,1.0
CH_L_314a,7-19,7-22,1.0
CH_L_314a,7-19,7-23,1.0
CH_L_314a,7-22,7-23,1.0
CH_L_314a,8-18,8-19,0.9999998211860657
CH_L_314a,8-18,8-22,0.9999998211860657
CH_L_314a,8-18,8-23,0.9999998211860657
CH_L_314a,8-19,8-22,0.9999998211860657
CH_L_314a,8-19,8-23,0.9999998211860657
CH_L_314a,8-22,8-23,0.9999998211860657
CH_L_314a,9-18,9-19,1.0
CH_L_314a,9-18,9-23,1.0
CH_L_314a,9-19,9-23,0.9999999403953552
CH_L_315a,5-10,5-8,1.0
CH_L_315a,5-10,5-9,1.0
CH_L_315a,5-8,5-9,1.0
CH_L_315a,6-10,6-8,1.0
CH_L_315a,6-10,6-9,1.0
CH_L_315a,6-8,6-9,1.0
CH_L_315a,7-8,7-9,1.0000001192092896
CH_L_315a,8-5,9-5,1.0
CH_L_315a,8-8,8-9,0.9999999403953552
CH_L_315a,8-8,9-8,0.9999999403953552
CH_L_315a,8-8,9-9,0.9999999403953552
CH_L_315a,8-9,9-8,0.9999999403953552
CH_L_315a,8-9,9-9,0.9999999403953552
CH_L_315a,9-8,9-9,0.9999999403953552
CH_L_317a,10-3,11-3,1.0
CH_L_317a,10-4,11-4,1.0
CH_L_317a,10-5,11-5,1.0
CH_L_317a,10-6,11-6,1.0
CH_L_317a,10-7,11-7,1.0
CH_L_318a,10-18,10-19,0.9999999403953552
CH_L_318a,10-18,10-20,0.9999999403953552
CH_L_318a,10-18,10-21,0.9999999403953552
CH_L_318a,10-18,10-22,0.9999999403953552
CH_L_318a,10-18,10-23,0.9999999403953552
CH_L_318a,10-19,10-20,0.9999999403953552
CH_L_318a,10-19,10-21,0.9999999403953552
CH_L_318a,10-19,10-22,0.9999999403953552
CH_L_318a,10-19,10-23,0.9999999403953552
CH_L_318a,10-20,10-21,0.9999999403953552
CH_L_318a,10-20,10-22,0.9999999403953552
CH_L_318a,10-20,10-23,0.9999999403953552
CH_L_318a,10-21,10-22,0.9999999403953552
CH_L_318a,10-21,10-23,0.9999999403953552
CH_L_318a,10-22,10-23,0.9999999403953552
CH_L_318a,5-19,5-20,1.0
CH_L_318a,5-19,5-21,1.0
CH_L_318a,5-19,5-22,1.0
CH_L_318a,5-20,5-21,1.0
CH_L_318a,5-20,5-22,1.0
CH_L_318a,5-21,5-22,1.0
CH_L_318a,6-18,6-19,1.000000238418579
CH_L_318a,6-18,6-20,1.000000238418579
CH_L_318a,6-18,6-21,1.000000238418579
CH_L_318a,6-18,6-22,1.000000238418579
CH_L_318a,6-18,6-23,1.000000238418579
CH_L_318a,6-19,6-20,1.000000238418579
CH_L_318a,6-19,6-21,1.000000238418579
CH_L_318a,6-19,6-22,1.000000238418579
CH_L_318a,6-19,6-23,1.000000238418579
CH_L_318a,6-20,6-21,1.000000238418579
CH_L_318a,6-20,6-22,1.000000238418579
CH_L_318a,6-20,6-23,1.000000238418579
CH_L_318a,6-21,6-22,1.000000238418579
CH_L_318a,6-21,6-23,1.000000238418579
CH_L_318a,6-22,6-23,1.000000238418579
CH_L_318a,7-18,7-19,0.9999998807907104
CH_L_318a,7-18,7-20,0.9999998807907104
CH_L_318a,7-18,7-21,0.9999998807907104
CH_L_318a,7-18,7-22,0.9999998807907104
CH_L_318a,7-18,7-23,0.9999998807907104
CH_L_318a,7-19,7-20,0.9999998807907104
CH_L_318a,7-19,7-21,0.9999998807907104
CH_L_318a,7-19,7-22,0.9999998807907104
CH_L_318a,7-19,7-23,0.9999998807907104
CH_L_318a,7-20,7-21,0.9999998807907104
CH_L_318a,7-20,7-22,0.9999998807907104
CH_L_318a,7-20,7-23,0.9999998807907104
CH_L_318a,7-21,7-22,0.9999998807907104
CH_L_318a,7-21,7-23,0.9999998807907104
CH_L_318a,7-22,7-23,0.9999998807907104
CH_L_318a,8-18,8-19,1.000000238418579
CH_L_318a,8-18,8-20,1.000000238418579
CH_L_318a,8-18,8-21,1.000000238418579
CH_L_318a,8-18,8-22,1.000000238418579
CH_L_318a,8-18,8-23,1.000000238418579
CH_L_318a,8-19,8-20,1.000000238418579
CH_L_318a,8-19,8-21,1.000000238418579
CH_L_318a,8-19,8-22,1.000000238418579
CH_L_318a,8-19,8-23,1.000000238418579
CH_L_318a,8-20,8-21,1.000000238418579
CH_L_318a,8-20,8-22,1.000000238418579
CH_L_318a,8-20,8-23,1.000000238418579
CH_L_318a,8-21,8-22,1.000000238418579
CH_L_318a,8-21,8-23,1.000000238418579
CH_L_318a,8-22,8-23,1.000000238418579
CH_L_318a,9-18,9-19,1.0000001192092896
CH_L_318a,9-18,9-20,1.0000001192092896
CH_L_318a,9-18,9-21,1.0000001192092896
CH_L_318a,9-18,9-22,1.0000001192092896
CH_L_318a,9-18,9-23,1.0000001192092896
CH_L_318a,9-19,9-20,1.0000001192092896
CH_L_318a,9-19,9-21,1.0000001192092896
CH_L_318a,9-19,9-22,1.0000001192092896
CH_L_318a,9-19,9-23,1.0000001192092896
CH_L_318a,9-20,9-21,1.0000001192092896
CH_L_318a,9-20,9-22,1.0000001192092896
CH_L_318a,9-20,9-23,1.0000001192092896
CH_L_318a,9-21,9-22,1.0000001192092896
CH_L_318a,9-21,9-23,1.0000001192092896
CH_L_318a,9-22,9-23,1.0000001192092896
CH_L_319a,4-14,4-15,1.0000001192092896
CH_L_319a,4-14,4-16,1.0000001192092896
CH_L_319a,4-14,4-17,1.0000001192092896
CH_L_319a,4-15,4-16,1.0000001192092896
CH_L_319a,4-15,4-17,1.0000001192092896
CH_L_319a,4-16,4-17,1.0000001192092896
CH_L_319a,5-14,5-15,1.000000238418579
CH_L_319a,5-14,5-16,1.000000238418579
CH_L_319a,5-14,5-17,1.000000238418579
CH_L_319a,5-14,5-18,1.000000238418579
CH_L_319a,5-15,5-16,1.000000238418579
CH_L_319a,5-15,5-17,1.000000238418579
CH_L_319a,5-15,5-18,1.000000238418579
CH_L_319a,5-16,5-17,1.000000238418579
CH_L_319a,5-16,5-18,1.000000238418579
CH_L_319a,5-17,5-18,1.000000238418579
CH_L_319a,6-14,6-15,0.9999998807907104
CH_L_319a,6-14,6-16,0.9999998807907104
CH_L_319a,6-14,6-17,0.9999998807907104
CH_L_319a,6-14,6-18,0.9999998807907104
CH_L_319a,6-15,6-16,0.9999998807907104
CH_L_319a,6-15,6-17,0.9999998807907104
CH_L_319a,6-15,6-18,0.9999998807907104
CH_L_319a,6-16,6-17,0.9999998807907104
CH_L_319a,6-16,6-18,0.9999998807907104
CH_L_319a,6-17,6-18,0.9999998807907104
CH_L_319a,7-14,7-15,1.0000001192092896
CH_L_319a,7-14,7-16,1.0000001192092896
CH_L_319a,7-14,7-17,1.0000001192092896
CH_L_319a,7-14,7-18,1.0000001192092896
CH_L_319a,7-15,7-16,1.0000001192092896
CH_L_319a,7-15,7-17,1.0000001192092896
CH_L_319a,7-15,7-18,1.0000001192092896
CH_L_319a,7-16,7-17,1.0000001192092896
CH_L_319a,7-16,7-18,1.0000001192092896
CH_L_319a,7-17,7-18,1.0000001192092896
CH_L_319a,8-14,8-15,1.0
CH_L_319a,8-14,8-16,1.0
CH_L_319a,8-15,8-16,1.0
CH_L_320a,10-11,10-12,0.9999998807907104
CH_L_320a,10-11,10-13,0.9999998807907104
CH_L_320a,10-11,10-14,0.9999998807907104
CH_L_320a,10-11,10-15,0.9999998807907104
CH_L_320a,10-12,10-13,0.9999998807907104
CH_L_320a,10-12,10-14,0.9999998807907104
CH_L_320a,10-12,10-15,0.9999998807907104
CH_L_320a,10-13,10-14,0.9999998807907104
CH_L_320a,10-13,10-15,0.9999998807907104
CH_L_320a,10-14,10-15,0.9999998807907104
CH_L_320a,6-11,6-12,0.9999999403953552
CH_L_320a,6-11,6-13,0.9999999403953552
CH_L_320a,6-11,6-14,0.9999999403953552
CH_L_320a,6-11,6-15,0.9999999403953552
CH_L_320a,6-12,6-13,0.9999999403953552
CH_L_320a,6-12,6-14,0.9999999403953552
CH_L_320a,6-12,6-15,0.9999999403953552
CH_L_320a,6-13,6-14,0.9999999403953552
CH_L_320a,6-13,6-15,0.9999999403953552
CH_L_320a,6-14,6-15,0.9999999403953552
CH_L_320a,7-13,7-15,0.9999998807907104
CH_L_320a,7-13,7-16,0.9999998807907104
CH_L_320a,7-15,7-16,0.9999998807907104
CH_L_320a,8-12,8-14,0.9999997615814209
CH_L_320a,8-12,8-15,0.9999997615814209
CH_L_320a,8-12,8-16,0.9999997615814209
CH_L_320a,8-14,8-15,0.9999997615814209
CH_L_320a,8-14,8-16,0.9999997615814209
CH_L_320a,8-15,8-16,0.9999997615814209
CH_L_320a,9-11,9-12,1.0000001192092896
CH_L_320a,9-11,9-13,1.0000001192092896
CH_L_320a,9-11,9-14,1.0000001192092896
CH_L_320a,9-11,9-15,1.0000001192092896
CH_L_320a,9-11,9-16,1.0000001192092896
CH_L_320a,9-12,9-13,1.0000001192092896
CH_L_320a,9-12,9-14,1.0000001192092896
CH_L_320a,9-12,9-15,1.0000001192092896
CH_L_320a,9-12,9-16,1.0000001192092896
CH_L_320a,9-13,9-14,1.0000001192092896
CH_L_320a,9-13,9-15,1.0000001192092896
CH_L_320a,9-13,9-16,1.0000001192092896
CH_L_320a,9-14,9-15,1.0000001192092896
CH_L_320a,9-14,9-16,1.0000001192092896
CH_L_320a,9-15,9-16,1.0000001192092896
CH_L_321a,10-12,10-13,1.0
CH_L_321a,10-12,10-14,1.0
CH_L_321a,10-13,10-14,1.0
CH_L_321a,5-12,5-13,0.9999999403953552
CH_L_321a,6-12,6-13,1.0000001192092896
CH_L_321a,7-12,7-13,0.9999998807907104
CH_L_321a,7-12,7-14,0.9999998807907104
CH_L_321a,7-13,7-14,0.9999998807907104
CH_L_321a,8-12,8-13,1.000000238418579
CH_L_321a,8-12,8-14,1.000000238418579
CH_L_321a,8-13,8-14,1.000000238418579
CH_L_321a,9-12,9-13,0.9999999403953552
CH_L_321a,9-12,9-14,0.9999999403953552
CH_L_321a,9-13,9-14,0.9999999403953552
CH_L_322a,10-10,10-11,1.0000001192092896
CH_L_322a,10-10,11-10,1.0000001192092896
CH_L_322a,10-10,11-11,1.0000001192092896
CH_L_322a,10-11,11-10,1.0000001192092896
CH_L_322a,10-11,11-11,1.0000001192092896
CH_L_322a,10-7,11-7,0.9999999403953552
CH_L_322a,10-8,11-8,0.9999998807907104
CH_L_322a,10-9,11-9,1.0
CH_L_322a,11-10,11-11,1.0000001192092896
CH_L_322a,6-10,6-11,1.0
CH_L_322a,7-10,7-11,0.9999998807907104
CH_L_322a,8-10,8-11,1.0000001192092896
CH_L_322a,9-10,9-11,1.0000001192092896
CH_L_323a,3-10,3-8,1.0000001192092896
CH_L_323a,3-10,3-9,1.0000001192092896
CH_L_323a,3-8,3-9,1.0000001192092896
CH_L_323a,4-10,4-8,1.0
CH_L_323a,4-10,4-9,1.0
CH_L_323a,4-8,4-9,1.0
CH_L_323a,5-10,5-8,1.0
CH_L_323a,5-10,5-9,1.0
CH_L_323a,5-8,5-9,1.0
CH_L_323a,6-10,6-7,0.999815046787262
CH_L_323a,6-10,6-8,1.0
CH_L_323a,6-10,6-9,1.0
CH_L_323a,6-7,6-8,0.999815046787262
CH_L_323a,6-7,6-9,0.999815046787262
CH_L_323a,6-8,6-9,1.0
CH_L_323a,7-10,7-11,1.0
CH_L_323a,7-10,7-8,1.0
CH_L_323a,7-10,7-9,1.0
CH_L_323a,7-11,7-8,1.0
CH_L_323a,7-11,7-9,1.0
CH_L_323a,7-8,7-9,1.0
CH_L_323a,8-10,8-11,0.9999999403953552
CH_L_323a,8-10,8-8,0.9999999403953552
CH_L_323a,8-10,8-9,0.9999999403953552
CH_L_323a,8-11,8-8,0.9999999403953552
CH_L_323a,8-11,8-9,0.9999999403953552
CH_L_323a,8-8,8-9,0.9999999403953552
CH_L_326a,10-12,10-13,1.0
CH_L_326a,10-12,10-14,1.0
CH_L_326a,10-13,10-14,1.0
CH_L_326a,11-12,11-13,1.0
CH_L_326a,11-12,11-14,1.0
CH_L_326a,11-13,11-14,1.0
CH_L_326a,7-12,7-13,1.0000001192092896
CH_L_326a,7-12,7-14,1.0000001192092896
CH_L_326a,7-13,7-14,1.0000001192092896
CH_L_326a,8-12,8-13,0.9999999403953552
CH_L_326a,8-12,8-14,0.9999999403953552
CH_L_326a,8-13,8-14,0.9999999403953552
CH_L_326a,9-12,9-13,1.0
CH_L_326a,9-12,9-14,1.0
CH_L_326a,9-13,9-14,1.0
CH_L_333a,10-6,11-6,0.9999998211860657
CH_L_333a,10-6,9-6,0.9999998211860657
CH_L_333a,11-5,9-5,1.0
CH_L_333a,11-6,9-6,0.9999998211860657
CH_L_334a,4-10,4-11,1.0
CH_L_334a,4-10,4-12,1.0
CH_L_334a,4-10,4-13,1.0
CH_L_334a,4-11,4-12,1.0
CH_L_334a,4-11,4-13,1.0
CH_L_334a,4-12,4-13,1.0
CH_L_334a,5-10,5-11,0.9999998807907104
CH_L_334a,5-10,5-12,0.9999998807907104
CH_L_334a,5-10,5-13,0.9999998807907104
CH_L_334a,5-11,5-12,0.9999998807907104
CH_L_334a,5-11,5-13,0.9999998807907104
CH_L_334a,5-12,5-13,0.9999998807907104
CH_L_334a,6-10,6-11,1.0
CH_L_334a,6-10,6-12,1.0
CH_L_334a,6-10,6-13,1.0
CH_L_334a,6-11,6-12,1.0
CH_L_334a,6-11,6-13,1.0
CH_L_334a,6-12,6-13,1.0
CH_L_334a,7-10,7-11,0.9999998211860657
CH_L_334a,7-10,7-12,0.9999998211860657
CH_L_334a,7-11,7-12,0.9999998211860657
CH_L_334a,8-10,8-11,0.9999999403953552
CH_L_334a,8-10,8-12,0.9999999403953552
CH_L_334a,8-11,8-12,0.9999999403953552
CH_L_334a,9-10,9-11,1.0
CH_L_334a,9-10,9-12,1.0
CH_L_334a,9-11,9-12,1.0
CH_L_335a,2-8,2-9,0.9999237060546875
CH_L_337a,5-14,5-15,1.0
CH_L_337a,5-14,5-16,1.0
CH_L_337a,5-15,5-16,1.0
CH_L_339a,5-10,5-8,1.0
CH_L_339a,5-10,5-9,1.0
CH_L_339a,5-8,5-9,1.0
CH_L_339a,6-10,6-8,1.0
CH_L_339a,6-10,6-9,1.0
CH_L_339a,6-8,6-9,1.0
CH_L_339a,7-10,7-8,0.9999998807907104
CH_L_339a,7-10,7-9,0.9999998807907104
CH_L_339a,7-8,7-9,0.9999998807907104
CH_L_339a,8-10,8-8,0.9999999403953552
CH_L_339a,8-10,8-9,0.9999999403953552
CH_L_339a,8-10,9-10,0.9999999403953552
CH_L_339a,8-10,9-8,0.9999999403953552
CH_L_339a,8-10,9-9,0.9999999403953552
CH_L_339a,8-7,9-7,1.0
CH_L_339a,8-8,8-9,0.9999999403953552
CH_L_339a,8-8,9-10,0.9999999403953552
CH_L_339a,8-8,9-8,0.9999999403953552
CH_L_339a,8-8,9-9,0.9999999403953552
CH_L_339a,8-9,9-10,0.9999999403953552
CH_L_339a,8-9,9-8,0.9999999403953552
CH_L_339a,8-9,9-9,0.9999999403953552
CH_L_339a,9-10,9-8,0.9999999403953552
CH_L_339a,9-10,9-9,0.9999999403953552
CH_L_339a,9-8,9-9,0.9999999403953552
CH_L_345a,3-8,3-9,1.0
CH_L_345a,4-7,4-8,1.0
CH_L_345a,4-7,4-9,1.0
CH_L_345a,4-8,4-9,1.0
CH_L_345a,5-10,5-7,1.0
CH_L_345a,5-10,5-8,1.0
CH_L_345a,5-10,5-9,1.0
CH_L_345a,5-7,5-8,1.0
CH_L_345a,5-7,5-9,1.0
CH_L_345a,5-8,5-9,1.0
CH_L_345a,6-10,6-7,0.9999998807907104
CH_L_345a,6-10,6-8,0.9999998807907104
CH_L_345a,6-10,6-9,0.9999998807907104
CH_L_345a,6-7,6-8,0.9999998807907104
CH_L_345a,6-7,6-9,0.9999998807907104
CH_L_345a,6-8,6-9,0.9999998807907104
CH_L_345a,7-5,8-5,1.0
CH_L_345a,7-6,8-6,1.0
CH_L_345a,7-7,7-8,0.9999998807907104
CH_L_345a,7-7,7-9,0.9999998807907104
CH_L_345a,7-7,8-7,0.9999998807907104
CH_L_345a,7-7,8-8,0.9999998807907104
CH_L_345a,7-8,7-9,0.9999998807907104
CH_L_345a,7-8,8-7,0.9999998807907104
CH_L_345a,7-8,8-8,0.9999998807907104
CH_L_345a,7-9,8-7,0.9999998807907104
CH_L_345a,7-9,8-8,0.9999998807907104
CH_L_345a,8-7,8-8,0.9999998807907104
CH_L_346a,10-12,10-13,0.9999998807907104
CH_L_346a,6-12,6-13,1.0
CH_L_346a,7-12,7-13,1.000000238418579
CH_L_346a,8-12,8-13,0.9999999403953552
CH_L_346a,9-12,9-13,1.0
CH_L_347a,4-11,4-12,1.0
CH_L_347a,4-11,4-13,1.0
CH_L_347a,4-12,4-13,1.0
CH_L_347a,5-10,5-11,1.0
CH_L_347a,5-10,5-12,1.0
CH_L_347a,5-10,5-13,1.0
CH_L_347a,5-11,5-12,1.0
CH_L_347a,5-11,5-13,1.0
CH_L_347a,5-12,5-13,1.0
CH_L_347a,6-10,6-11,0.9999998807907104
CH_L_347a,6-10,6-12,0.9999998807907104
CH_L_347a,6-10,6-13,0.9999998807907104
CH_L_347a,6-11,6-12,0.9999998807907104
CH_L_347a,6-11,6-13,0.9999998807907104
CH_L_347a,6-12,6-13,0.9999998807907104
CH_L_347a,7-10,7-11,1.0000001192092896
CH_L_347a,7-10,7-12,1.0000001192092896
CH_L_347a,7-10,7-13,1.0000001192092896
CH_L_347a,7-11,7-12,1.0000001192092896
CH_L_347a,7-11,7-13,1.0000001192092896
CH_L_347a,7-12,7-13,1.0000001192092896
CH_L_347a,8-10,8-11,1.0
CH_L_347a,8-10,8-12,1.0
CH_L_347a,8-10,8-13,1.0
CH_L_347a,8-11,8-12,1.0
CH_L_347a,8-11,8-13,1.0
CH_L_347a,8-12,8-13,1.0
CH_L_347a,9-10,9-11,1.0
CH_L_347a,9-10,9-12,1.0
CH_L_347a,9-10,9-13,1.0
CH_L_347a,9-11,9-12,1.0
CH_L_347a,9-11,9-13,1.0
CH_L_347a,9-12,9-13,1.0
CH_L_348a,8-10,8-11,0.9995495080947876
CH_L_348a,9-10,9-11,0.9993826150894165
CH_L_349a,5-16,5-18,1.0
CH_L_349a,5-16,5-19,1.0
CH_L_349a,5-18,5-19,1.0
CH_L_349a,6-16,6-17,1.0
CH_L_349a,6-16,6-18,1.0
CH_L_349a,6-16,6-19,1.0
CH_L_349a,6-17,6-18,1.0
CH_L_349a,6-17,6-19,1.0
CH_L_349a,6-18,6-19,1.0
CH_L_349a,7-16,7-17,1.0
CH_L_349a,7-16,7-18,1.0
CH_L_349a,7-16,7-19,1.0
CH_L_349a,7-17,7-18,1.0
CH_L_349a,7-17,7-19,1.0
CH_L_349a,7-18,7-19,1.0
CH_L_349a,8-16,8-17,1.0
CH_L_349a,8-16,8-18,1.0
CH_L_349a,8-16,8-19,1.0
CH_L_349a,8-16,8-20,1.0
CH_L_349a,8-17,8-18,1.0
CH_L_349a,8-17,8-19,1.0
CH_L_349a,8-17,8-20,1.0
CH_L_349a,8-18,8-19,1.0
CH_L_349a,8-18,8-20,1.0
CH_L_349a,8-19,8-20,1.0
CH_L_350a,10-4,8-4,1.0
CH_L_350a,10-4,9-4,1.0
CH_L_350a,10-5,8-5,1.000000238418579
CH_L_350a,10-5,9-5,1.000000238418579
CH_L_350a,10-6,8-6,1.0
CH_L_350a,10-6,9-6,1.0
CH_L_350a,10-7,8-7,1.0
CH_L_350a,10-7,9-7,1.0
CH_L_350a,10-8,8-8,0.9999999403953552
CH_L_350a,10-8,9-8,0.9999999403953552
CH_L_350a,8-4,9-4,1.0
CH_L_350a,8-5,9-5,1.000000238418579
CH_L_350a,8-6,9-6,1.0
CH_L_350a,8-7,9-7,1.0
CH_L_350a,8-8,9-8,0.9999999403953552
CH_L_352a,10-10,10-8,1.0
CH_L_352a,10-10,10-9,1.0
CH_L_352a,10-10,11-9,1.0
CH_L_352a,10-10,8-10,1.0
CH_L_352a,10-10,8-8,1.0
CH_L_352a,10-10,9-10,1.0
CH_L_352a,10-10,9-8,1.0
CH_L_352a,10-10,9-9,1.0
CH_L_352a,10-6,11-6,1.0
CH_L_352a,10-6,9-6,1.0
CH_L_352a,10-8,10-9,1.0
CH_L_352a,10-8,11-9,1.0
CH_L_352a,10-8,8-10,1.0
CH_L_352a,10-8,8-8,1.0
CH_L_352a,10-8,9-10,1.0
CH_L_352a,10-8,9-8,1.0
CH_L_352a,10-8,9-9,1.0
CH_L_352a,10-9,11-9,1.0
CH_L_352a,10-9,8-10,1.0
CH_L_352a,10-9,8-8,1.0
CH_L_352a,10-9,9-10,1.0
CH_L_352a,10-9,9-8,1.0
CH_L_352a,10-9,9-9,1.0
CH_L_352a,11-6,9-6,1.0
CH_L_352a,11-9,8-10,1.0
CH_L_352a,11-9,8-8,1.0
CH_L_352a,11-9,9-10,1.0
CH_L_352a,11-9,9-8,1.0
CH_L_352a,11-9,9-9,1.0
CH_L_352a,6-10,6-8,1.0000001192092896
CH_L_352a,6-10,6-9,1.0000001192092896
CH_L_352a,6-8,6-9,1.0000001192092896
CH_L_352a,7-10,7-8,1.0
CH_L_352a,7-10,7-9,1.0
CH_L_352a,7-8,7-9,1.0
CH_L_352a,8-10,8-8,1.0
CH_L_352a,8-10,9-10,1.0
CH_L_352a,8-10,9-8,1.0
CH_L_352a,8-10,9-9,1.0
CH_L_352a,8-8,9-10,1.0
CH_L_352a,8-8,9-8,1.0
CH_L_352a,8-8,9-9,1.0
CH_L_352a,9-10,9-8,1.0
CH_L_352a,9-10,9-9,1.0
CH_L_352a,9-8,9-9,1.0
CH_L_353a,10-10,10-11,1.0
CH_L_353a,10-10,10-12,1.0
CH_L_353a,10-10,10-13,1.0
CH_L_353a,10-10,10-14,1.0
CH_L_353a,10-10,9-12,1.0
CH_L_353a,10-10,9-13,1.0
CH_L_353a,10-10,9-14,1.0
CH_L_353a,10-11,10-12,1.0
CH_L_353a,10-11,10-13,1.0
CH_L_353a,10-11,10-14,1.0
CH_L_353a,10-11,9-12,1.0
CH_L_353a,10-11,9-13,1.0
CH_L_353a,10-11,9-14,1.0
CH_L_353a,10-12,10-13,1.0
CH_L_353a,10-12,10-14,1.0
CH_L_353a,10-12,9-12,1.0
CH_L_353a,10-12,9-13,1.0
CH_L_353a,10-12,9-14,1.0
CH_L_353a,10-13,10-14,1.0
CH_L_353a,10-13,9-12,1.0
CH_L_353a,10-13,9-13,1.0
CH_L_353a,10-13,9-14,1.0
CH_L_353a,10-14,9-12,1.0
CH_L_353a,10-14,9-13,1.0
CH_L_353a,10-14,9-14,1.0
CH_L_353a,5-10,5-11,1.0
CH_L_353a,5-10,5-12,1.0
CH_L_353a,5-10,5-13,1.0
CH_L_353a,5-10,5-14,1.0
CH_L_353a,5-11,5-12,1.0
CH_L_353a,5-11,5-13,1.0
CH_L_353a,5-11,5-14,1.0
CH_L_353a,5-12,5-13,1.0
CH_L_353a,5-12,5-14,1.0
CH_L_353a,5-13,5-14,1.0
CH_L_353a,6-10,6-11,1.0
CH_L_353a,6-10,6-12,1.0
CH_L_353a,6-10,6-13,1.0
CH_L_353a,6-10,6-14,1.0
CH_L_353a,6-10,6-9,1.0
CH_L_353a,6-11,6-12,1.0
CH_L_353a,6-11,6-13,1.0
CH_L_353a,6-11,6-14,1.0
CH_L_353a,6-11,6-9,1.0
CH_L_353a,6-12,6-13,1.0
CH_L_353a,6-12,6-14,1.0
CH_L_353a,6-12,6-9,1.0
CH_L_353a,6-13,6-14,1.0
CH_L_353a,6-13,6-9,1.0
CH_L_353a,6-14,6-9,1.0
CH_L_353a,7-10,7-13,1.0
CH_L_353a,7-10,7-14,1.0
CH_L_353a,7-10,7-9,1.0
CH_L_353a,7-13,7-14,1.0
CH_L_353a,7-13,7-9,1.0
CH_L_353a,7-14,7-9,1.0
CH_L_353a,8-11,8-12,0.9999999403953552
CH_L_353a,8-11,8-13,0.9999999403953552
CH_L_353a,8-12,8-13,0.9999999403953552
CH_L_353a,9-12,9-13,1.0
CH_L_353a,9-12,9-14,1.0
CH_L_353a,9-13,9-14,1.0
CH_L_359a,3-12,3-13,1.000000238418579
CH_L_359a,3-12,3-14,1.000000238418579
CH_L_359a,3-13,3-14,1.000000238418579
CH_L_359a,4-13,4-14,0.9999997615814209
CH_L_359a,5-13,5-14,1.0
CH_L_359a,6-13,6-14,1.0
CH_L_361a,11-10,12-10,1.0000001192092896
CH_L_361a,11-11,12-11,1.0
CH_L_361a,11-6,12-6,1.0
CH_L_361a,11-7,12-7,1.0
CH_L_361a,11-8,12-8,1.0
CH_L_361a,11-9,12-9,1.0
CH_L_362a,10-11,10-12,1.0
CH_L_362a,10-11,10-13,1.0
CH_L_362a,10-11,10-14,1.0
CH_L_362a,10-12,10-13,1.0
CH_L_362a,10-12,10-14,1.0
CH_L_362a,10-13,10-14,1.0
CH_L_362a,10-9,11-9,0.9996655583381653
CH_L_362a,11-10,12-10,1.0
CH_L_362a,11-11,11-13,1.0
CH_L_362a,11-11,11-14,1.0
CH_L_362a,11-11,12-11,1.0
CH_L_362a,11-13,11-14,1.0
CH_L_362a,11-13,12-11,1.0
CH_L_362a,11-14,12-11,1.0
CH_L_362a,7-11,7-12,1.0000001192092896
CH_L_362a,7-11,7-13,1.0000001192092896
CH_L_362a,7-11,7-14,1.0000001192092896
CH_L_362a,7-12,7-13,1.0000001192092896
CH_L_362a,7-12,7-14,1.0000001192092896
CH_L_362a,7-13,7-14,1.0000001192092896
CH_L_362a,8-11,8-12,0.9999999403953552
CH_L_362a,8-11,8-13,0.9999999403953552
CH_L_362a,8-11,8-14,0.9999999403953552
CH_L_362a,8-12,8-13,0.9999999403953552
CH_L_362a,8-12,8-14,0.9999999403953552
CH_L_362a,8-13,8-14,0.9999999403953552
CH_L_362a,9-10,9-11,0.9992964863777161
CH_L_362a,9-10,9-12,0.9992964863777161
CH_L_362a,9-10,9-13,0.9992964863777161
CH_L_362a,9-10,9-14,0.9992964863777161
CH_L_362a,9-11,9-12,0.9999998807907104
CH_L_362a,9-11,9-13,0.9999998807907104
CH_L_362a,9-11,9-14,0.9999998807907104
CH_L_362a,9-12,9-13,0.9999998807907104
CH_L_362a,9-12,9-14,0.9999998807907104
CH_L_362a,9-13,9-14,0.9999998807907104
CH_L_367a,5-10,5-11,0.9999998807907104
CH_L_367a,6-11,6-12,1.0
CH_L_367a,6-11,6-13,1.0
CH_L_367a,6-12,6-13,1.0
CH_L_367a,7-10,7-11,0.9999998807907104
CH_L_367a,7-10,7-12,0.9999998807907104
CH_L_367a,7-10,7-13,0.9999998807907104
CH_L_367a,7-11,7-12,0.9999998807907104
CH_L_367a,7-11,7-13,0.9999998807907104
CH_L_367a,7-12,7-13,0.9999998807907104
CH_L_367a,8-10,8-11,1.0
CH_L_367a,8-10,8-12,1.0
CH_L_367a,8-10,8-13,1.0
CH_L_367a,8-11,8-12,1.0
CH_L_367a,8-11,8-13,1.0
CH_L_367a,8-12,8-13,1.0
CH_L_367a,9-10,9-11,1.0
CH_L_367a,9-10,9-12,1.0
CH_L_367a,9-10,9-13,1.0
CH_L_367a,9-11,9-12,1.0
CH_L_367a,9-11,9-13,1.0
CH_L_367a,9-12,9-13,1.0
CH_L_368a,4-6,4-7,0.9992945194244385
CH_L_368a,5-7,5-8,1.0
CH_L_368a,7-4,8-4,1.0
CH_L_368a,7-5,8-5,1.0
CH_L_368a,7-5,9-5,1.0
CH_L_368a,7-6,8-6,0.9999998807907104
CH_L_368a,7-6,9-6,0.9999998807907104
CH_L_368a,7-7,7-8,0.9999998807907104
CH_L_368a,7-7,8-7,0.9999998807907104
CH_L_368a,7-7,8-8,0.9999998807907104
CH_L_368a,7-7,9-7,0.9999998807907104
CH_L_368a,7-8,8-7,0.9999998807907104
CH_L_368a,7-8,8-8,0.9999998807907104
CH_L_368a,7-8,9-7,0.9999998807907104
CH_L_368a,8-5,9-5,1.0
CH_L_368a,8-6,9-6,0.9999998807907104
CH_L_368a,8-7,8-8,0.9999998807907104
CH_L_368a,8-7,9-7,0.9999998807907104
CH_L_368a,8-8,9-7,0.9999998807907104
CH_L_369a,10-5,11-5,0.9999998807907104
CH_L_369a,10-5,8-5,0.9999104738235474
CH_L_369a,10-5,9-5,0.9999998807907104
CH_L_369a,10-6,11-6,0.9999998807907104
CH_L_369a,10-6,8-6,0.9999313354492188
CH_L_369a,10-6,9-6,0.9999998807907104
CH_L_369a,10-7,11-7,0.9999999403953552
CH_L_369a,10-7,8-7,0.999923825263977
CH_L_369a,10-8,11-8,1.0
CH_L_369a,10-8,8-8,0.9995059370994568
CH_L_369a,10-8,9-8,1.0
CH_L_369a,11-5,8-5,0.9999104738235474
CH_L_369a,11-5,9-5,0.9999998807907104
CH_L_369a,11-6,8-6,0.9999313354492188
CH_L_369a,11-6,9-6,0.9999998807907104
CH_L_369a,11-7,8-7,0.999923825263977
CH_L_369a,11-8,8-8,0.9995059370994568
CH_L_369a,11-8,9-8,1.0
CH_L_369a,8-5,9-5,0.9999104738235474
CH_L_369a,8-6,9-6,0.9999313354492188
CH_L_369a,8-8,9-8,0.9995059370994568
CH_L_371a,10-8,11-8,0.9999172687530518
CH_L_372a,10-16,10-17,1.0
CH_L_372a,10-16,10-18,1.0
CH_L_372a,10-16,10-19,1.0
CH_L_372a,10-16,10-20,1.0
CH_L_372a,10-17,10-18,1.0
CH_L_372a,10-17,10-19,1.0
CH_L_372a,10-17,10-20,1.0
CH_L_372a,10-18,10-19,1.0
CH_L_372a,10-18,10-20,1.0
CH_L_372a,10-19,10-20,1.0
CH_L_372a,11-18,11-19,1.0
CH_L_372a,11-18,11-20,1.0
CH_L_372a,11-19,11-20,1.0
CH_L_372a,6-16,6-17,1.000000238418579
CH_L_372a,6-16,6-18,1.000000238418579
CH_L_372a,6-16,6-19,1.000000238418579
CH_L_372a,6-16,6-20,1.000000238418579
CH_L_372a,6-16,6-21,1.000000238418579
CH_L_372a,6-17,6-18,1.000000238418579
CH_L_372a,6-17,6-19,1.000000238418579
CH_L_372a,6-17,6-20,1.000000238418579
CH_L_372a,6-17,6-21,1.000000238418579
CH_L_372a,6-18,6-19,1.000000238418579
CH_L_372a,6-18,6-20,1.000000238418579
CH_L_372a,6-18,6-21,1.000000238418579
CH_L_372a,6-19,6-20,1.000000238418579
CH_L_372a,6-19,6-21,1.000000238418579
CH_L_372a,6-20,6-21,1.000000238418579
CH_L_372a,7-16,7-17,1.0
CH_L_372a,7-16,7-18,1.0
CH_L_372a,7-16,7-19,1.0
CH_L_372a,7-16,7-20,1.0
CH_L_372a,7-16,7-21,1.0
CH_L_372a,7-17,7-18,1.0
CH_L_372a,7-17,7-19,1.0
CH_L_372a,7-17,7-20,1.0
CH_L_372a,7-17,7-21,1.0
CH_L_372a,7-18,7-19,1.0
CH_L_372a,7-18,7-20,1.0
CH_L_372a,7-18,7-21,1.0
CH_L_372a,7-19,7-20,1.0
CH_L_372a,7-19,7-21,1.0
CH_L_372a,7-20,7-21,1.0
CH_L_372a,8-16,8-17,1.0
CH_L_372a,8-16,8-18,1.0
CH_L_372a,8-16,8-19,1.0
CH_L_372a,8-16,8-20,1.0
CH_L_372a,8-16,8-21,1.0
CH_L_372a,8-17,8-18,1.0
CH_L_372a,8-17,8-19,1.0
CH_L_372a,8-17,8-20,1.0
CH_L_372a,8-17,8-21,1.0
CH_L_372a,8-18,8-19,1.0
CH_L_372a,8-18,8-20,1.0
CH_L_372a,8-18,8-21,1.0
CH_L_372a,8-19,8-20,1.0
CH_L_372a,8-19,8-21,1.0
CH_L_372a,8-20,8-21,1.0
CH_L_372a,9-16,9-17,0.9999999403953552
CH_L_372a,9-16,9-18,0.9999999403953552
CH_L_372a,9-16,9-19,0.9999999403953552
CH_L_372a,9-16,9-20,0.9999999403953552
CH_L_372a,9-17,9-18,0.9999999403953552
CH_L_372a,9-17,9-19,0.9999999403953552
CH_L_372a,9-17,9-20,0.9999999403953552
CH_L_372a,9-18,9-19,1.0
CH_L_372a,9-18,9-20,1.0
CH_L_372a,9-19,9-20,1.0
CH_L_373a,2-7,2-8,0.9999998807907104
CH_L_373a,3-7,3-8,1.0
CH_L_373a,4-6,4-8,1.0
CH_L_373a,5-6,5-7,0.9998561143875122
CH_L_373a,5-6,5-8,0.9998561143875122
CH_L_373a,5-7,5-8,1.0
CH_L_373a,6-6,6-7,0.9991952776908875
CH_L_373a,6-6,6-8,0.9991952776908875
CH_L_373a,6-7,6-8,1.0
CH_L_376a,0-5,0-6,0.9999998807907104
CH_L_376a,0-5,0-8,0.9999998807907104
CH_L_376a,0-6,0-8,0.9999998807907104
CH_L_387a,3-5,3-6,0.9999999403953552
CH_L_387a,5-2,6-2,1.0
CH_L_388a,2-5,2-6,1.0
CH_L_389a,2-6,2-7,1.0
CH_L_389a,4-6,4-7,1.0
CH_L_395a,5-2,6-2,1.0000001192092896
CH_L_399a,10-4,11-4,1.0000001192092896
