patient_id,tif_filename,tif_size_bytes,has_tile_matrix,scale_json_error,hires_reference_found,slide_width,slide_height,levels,mpp_from_metadata,regist_target_img_scalef,tissue_hires_scalef,spot_diameter_fullres,scale_used,scale_source,fallback_hit,effective_um_per_px,effective_tile_size_px,fullres_um_per_px,patch_px_native,upsampling_to_model_input,n_tiles,n_tiles_partly_outside_slide,n_tiles_fully_outside_slide,n_patch_windows,n_patch_windows_clamped,n_spots_in_tissue,pct_spots_outside_slide,implied_fullres_width,implied_fullres_height,implied_regist_target_width,slide_matches_regist_target,n_sample_crops
CH_L_275a,CAVG10489_2024-08-27_11-28-21_2024-08-27_11-13-04_V44F14-133_A1_CH_L_275a_vis.tif,27484628,True,,True,3000,3000,5,4.6250069019420623,0.0811897,0.027063234,134.306172574307,0.0811897,regist_target_img_scalef,False,5.043892012739191,198,0.4095120793466911,22,10.181818181818182,23,3,0,1863,216,4392,18.283242258652095,73900.99793690584,44118.89576833279,5999.999852198004,False,3
CH_L_276a,CAVG10489_2024-08-27_12-12-56_2024-08-27_12-03-40_V44F12-046_D1_CH_L_276a_vis.tif,27194384,True,,True,3000,3000,5,4.6250069019420623,0.1102779,0.0367593,133.13082585907583,0.1102779,regist_target_img_scalef,False,3.746239822206223,267,0.4131274604892757,30,7.466666666666667,22,8,3,1782,558,4924,35.722989439480095,54408.0001523424,43608.01212210243,6000.0,False,3
CH_L_277a,CAVG10489_2024-08-27_12-12-56_2024-08-27_12-03-40_V44F12-046_A1_CH_L_277a_vis.tif,19761764,True,,True,3000,3000,5,4.6250069019420623,0.1953443,0.06511477,131.08402827011886,0.1953443,regist_target_img_scalef,False,2.1478906484163534,466,0.4195781951914387,52,4.3076923076923075,16,16,12,1296,1206,2192,100.0,30714.997534353573,24925.220499127925,5999.999692850025,False,3
CH_L_278a,CAVG10489_2024-08-27_13-00-13_2024-08-27_12-53-48_V44M27-318_D1_CH_L_278a_vis.tif,25133236,True,,True,3000,3000,5,4.6250069019420623,0.10343579,0.034478597,138.78595970966094,0.10343579,regist_target_img_scalef,False,3.831301422129264,261,0.3962936893260639,29,7.724137931034483,18,10,6,1458,666,4377,49.874343157413755,58007.00069089238,44114.32402542366,5999.999941992999,False,2
CH_L_279a,CAVG10489_2024-08-27_13-00-13_2024-08-27_12-53-48_V44M27-318_A1_CH_L_279a_vis.tif,25939080,True,,True,3000,3000,5,4.6250069019420623,0.1102779,0.0367593,135.23062865360296,0.1102779,regist_target_img_scalef,False,3.6880698282783886,271,0.4067125957159013,30,7.466666666666667,16,6,6,1600,600,4744,51.72849915682968,54408.0001523424,43118.34012073135,6000.0,False,3
CH_L_280a,CAVG10489_2024-08-27_13-42-50_2024-08-27_13-38-59_V44J25-044_D1_CH_L_280a_vis.tif,26925096,True,,True,3000,3000,5,4.6250069019420623,0.1574266,0.052475534,134.96725546562888,0.1574266,regist_target_img_scalef,False,2.5885476082598005,386,0.4075062489064723,43,5.209302325581396,34,31,26,2754,2259,4992,77.34375,38112.99947895719,37617.53048573074,5999.999923774001,False,3
CH_L_281a,CAVG10489_2024-08-27_13-42-50_2024-08-27_13-38-59_V44J25-044_A1_CH_L_281a_vis.tif,29405486,True,,True,3000,3000,5,4.6250069019420623,0.08230227,0.02743409,131.68092838977913,0.08230227,regist_target_img_scalef,False,5.074905924153315,197,0.4176762775942656,22,10.181818181818182,26,26,26,2106,2106,4545,100.0,72901.99893635983,44105.7093564977,5999.999999999999,False,3
CH_L_281b,CAVG10489_2024-08-29_12-34-10_2024-08-29_12-26-53_V44M27-375_D1_CH_L_281b_vis.tif,21614462,True,,True,3000,3000,5,4.6250069019420623,0.20678246,0.06892749,131.41072999048947,0.20678246,regist_target_img_scalef,False,2.0240356799921972,494,0.4185350770365593,55,4.072727272727272,22,11,11,1782,891,4485,46.55518394648829,21326.759468537155,29015.999276921302,4409.9997867324055,False,3
CH_L_282a,CAVG10489_2024-08-29_12-34-10_2024-08-29_12-26-53_V44M27-375_A1_CH_L_282a_vis.tif,25640740,True,,True,3000,3000,5,4.6250069019420623,0.124455504,0.041485168,147.38411097656538,0.124455504,regist_target_img_scalef,False,2.998457623953005,333,0.3731745548117137,37,6.054054054054054,16,14,14,1296,1134,4114,88.50267379679144,48210.00122260563,44112.15111868415,5999.999999999999,False,2
CH_L_283a,CAVG10489_2024-08-29_13-52-07_2024-08-29_13-41-35_V44M27-367_D1_CH_L_283a_vis.tif,28350740,True,,True,3000,3000,5,4.6250069019420623,0.10674827,0.035582755,133.34000931530582,0.10674827,regist_target_img_scalef,False,3.8640377704936557,259,0.4124793472148548,29,7.724137931034483,33,15,5,2673,785,4922,24.38033319788704,56207.002521305614,41705.595870808764,6000.000281035012,False,3
CH_L_284a,CAVG10489_2024-08-29_13-52-07_2024-08-29_13-41-35_V44M27-367_A1_CH_L_284a_vis.tif,23880824,True,,True,3000,3000,5,4.6250069019420623,0.1257598,0.04191993,132.4046275298553,0.1257598,regist_target_img_scalef,False,3.3030693156129787,303,0.4153933365176251,34,6.588235294117647,16,10,7,1296,602,4548,55.21108179419525,47710.00333254373,34327.34739776522,6000.000477100033,False,2
CH_L_285a,CAVG10489_2024-09-05_11-09-33_2024-09-05_10-48-20_V44A01-296_D1_CH_L_285a_vis.tif,25804782,True,,True,3000,3000,5,4.6250069019420623,0.1394992,0.046499733,139.48917940977677,0.1394992,regist_target_img_scalef,False,2.826509523358053,354,0.3942958173008297,40,5.6,24,18,12,1944,1262,4423,74.04476599593036,43010.999654557156,39527.108682538026,6000.000043010999,False,3
CH_L_287a,CAVG10489_2024-09-05_11-54-04_2024-09-05_11-44-29_V44A01-358_D1_CH_L_287a_vis.tif,26690634,True,,True,3000,3000,5,4.6250069019420623,0.08954689,0.029848965,130.74648035560492,0.08954689,regist_target_img_scalef,False,4.697666433074883,213,0.420661419339249,24,9.333333333333334,22,4,4,1782,324,4843,32.95478009498245,67003.99829608832,44122.13287797416,5999.999664980009,False,3
CH_L_288a,CAVG10489_2024-09-05_11-54-04_2024-09-05_11-44-29_V44A01-358_A1_CH_L_288a_vis.tif,22862406,True,,True,3000,3000,5,4.6250069019420623,0.18396443,0.06132148,134.0098529752434,0.18396443,regist_target_img_scalef,False,2.230961622995321,448,0.4104175833262091,50,4.48,27,21,16,2187,1449,4620,69.71861471861472,32517.1538586479,32614.99885521354,5981.999674828462,False,3
CH_L_289a,CAVG10489_2024-09-11_10-56-00_2024-09-11_10-45-56_V44U10-367_D1_CH_L_289a_vis.tif,29996602,True,,True,3000,3000,5,4.6250069019420623,0.11494253,0.038314175,133.4325544391929,0.11494253,regist_target_img_scalef,False,3.5860813483456107,279,0.4121932629646558,31,7.225806451612903,33,33,27,2673,2367,4825,91.04663212435233,52200.001696500054,42177.60137077205,6000.000261000008,False,3
CH_L_290a,CAVG10489_2024-09-11_10-56-00_2024-09-11_10-45-56_V44U10-367_A1_CH_L_290a_vis.tif,28805164,True,,True,3000,3000,5,4.6250069019420623,0.098674476,0.03289149,131.83913612763044,0.098674476,regist_target_img_scalef,False,4.227791020724389,237,0.4171750636074842,26,8.615384615384615,21,21,21,2100,2100,4712,100.0,60806.00179560123,44114.754302708694,6000.000364836011,False,3
CH_L_291a,CAVG10489_2024-09-11_11-45-41_2024-09-11_11-35-11_V44U10-364_D1_CH_L_291a_vis.tif,26146288,True,,True,3000,3000,5,4.6250069019420623,0.10947307,0.03649102,134.32622691411862,0.10947307,regist_target_img_scalef,False,3.7401978488259022,267,0.4094509409183674,30,7.466666666666667,29,6,0,2349,432,4626,15.326415910073498,54808.00481871978,43928.61586220391,6000.000548080048,False,2
CH_L_292a,CAVG10489_2024-09-20_11-07-58_2024-09-20_10-49-12_V44U10-363_D1_CH_L_292a_vis.tif,27835990,True,,True,3000,3000,5,4.6250069019420623,0.10531304,0.03510435,140.71787997991134,0.10531304,regist_target_img_scalef,False,3.7113443938521393,269,0.3908529606035261,30,7.466666666666667,28,28,28,2268,2268,3972,100.0,56972.99622411468,40194.448836112904,5999.999430270038,False,3
CH_L_293a,CAVG10489_2024-09-11_11-45-41_2024-09-11_11-35-11_V44U10-364_A1_CH_L_293a_vis.tif,25488218,True,,True,3000,3000,5,4.6250069019420623,0.11131519,0.037105065,134.21891380536772,0.11131519,regist_target_img_scalef,False,3.6812434355512114,272,0.4097783124646358,30,7.466666666666667,29,29,29,2900,2900,4718,100.0,53900.99707411913,39455.5298582552,5999.999730495015,False,3
CH_L_294a,CAVG10489_2024-09-20_11-07-58_2024-09-20_10-49-12_V44U10-363_A1_CH_L_294a_vis.tif,29753216,True,,True,3000,3000,5,4.6250069019420623,0.10345363,0.034484543,138.62434206560306,0.10345363,regist_target_img_scalef,False,3.8351067559603433,261,0.3967557153416217,29,7.724137931034483,25,15,11,2025,1071,4904,53.955954323001635,57996.99882930158,43874.729614366646,6000.000057996999,False,3
CH_L_295a,CAVG10489_2024-09-20_11-51-12_2024-09-20_11-44-09_V44U19-365_D1_CH_L_295a_vis.tif,27142652,True,,True,3000,3000,5,4.6250069019420623,0.09941511,0.03313837,141.0529349824761,0.09941511,regist_target_img_scalef,False,3.9221858167087436,255,0.3899245344085396,29,7.724137931034483,20,19,15,1620,1341,4350,88.22988505747126,60352.99865382636,38656.09563777578,6000.0,False,2
CH_L_296a,CAVG10489_2025-04-01_11-29-55_2025-04-01_11-06-35_V44T13-276_D1_CH_L_296a_vbu.tif,25087082,True,,True,3000,3000,5,4.6250069019420623,0.15010883,0.050036278,136.93065804140647,0.15010883,regist_target_img_scalef,False,2.6758129690713424,374,0.4016631540861254,42,5.333333333333333,24,24,24,1944,1944,4344,99.12523020257828,39970.99864222515,35474.26129497482,5999.999840116006,False,3
CH_L_298a,CAVG10489_2024-09-20_12-35-59_2024-09-20_12-31-08_V44M27-347_A1_CH_L_298a_vis.tif,24860116,True,,True,3000,3000,5,4.6250069019420623,0.12811479,0.04270493,137.40370953531055,0.12811479,regist_target_img_scalef,False,3.124388011858473,320,0.4002803140177658,36,6.222222222222222,15,15,10,1215,1080,2107,100.0,46833.00031167361,33719.760224405,6000.0,False,3
CH_L_299a,CAVG10489_2024-09-20_13-17-41_2024-09-20_13-13-52_V44A03-380_D1_CH_L_299a_vis.tif,24120850,True,,True,3000,3000,5,4.6250069019420623,0.16171199,0.053903997,132.4262020751555,0.16171199,regist_target_img_scalef,False,2.5683046858505505,389,0.4153256616752174,44,5.090909090909091,23,21,17,1863,1503,4809,68.20544811811187,34951.02598792442,37102.99998718091,5651.9999650489735,False,3
CH_L_300a,CAVG10489_2024-09-20_13-17-41_2024-09-20_13-13-52_V44A03-380_A1_CH_L_300a_vis.tif,27963054,True,,True,3000,3000,5,4.6250069019420623,0.1123848,0.0374616,133.19635858850765,0.1123848,regist_target_img_scalef,False,3.674199726327731,272,0.4129242014033968,30,7.466666666666667,10,8,8,1000,800,4719,74.274210637847,53388.00264804494,40494.800008542086,6000.000000000001,False,3
CH_L_301a,CAVG10489_2024-09-27_10-16-17_2024-09-27_10-06-27_V44M27-361_D1_CH_L_301a_vis.tif,27099240,True,,True,3000,3000,5,4.6250069019420623,0.09662769,0.032209232,131.2039317248867,0.09662769,regist_target_img_scalef,False,4.338246675356323,230,0.4191947548898614,26,8.615384615384615,31,15,15,2511,1215,4434,45.69237708615246,62093.998391517074,33934.37012096408,5999.999627436011,False,3
CH_L_302a,CAVG10489_2024-09-27_10-16-17_2024-09-27_10-06-27_V44M27-361_A1_CH_L_302a_vis.tif,29288338,True,,True,3000,3000,5,4.6250069019420623,0.103818804,0.034606267,133.44687424827646,0.103818804,regist_target_img_scalef,False,3.9698880721443266,252,0.4121490316638897,28,8.0,33,33,33,2673,2673,4978,100.0,57793.00032563465,39761.58422403664,6000.000173379,False,3
CH_L_303a,CAVG10489_2024-09-27_11-11-20_2024-09-27_11-00-29_V44A03-319_D1_CH_L_303a_vis.tif,27364734,True,,True,3000,3000,5,4.6250069019420623,0.097107805,0.032369267,133.29282784570904,0.097107805,regist_target_img_scalef,False,4.2491471404708046,235,0.4126253519331465,26,8.615384615384615,22,0,0,2200,0,4987,0.0,61787.00308536489,42633.032128901774,6000.000247148013,False,3
CH_L_305a,CAVG10489_2024-09-24_11-35-43_2024-09-24_11-26-38_V44J25-031_D1_CH_L_305a_vis.tif,29570096,True,,True,3000,3000,5,4.6250069019420623,0.07469562,0.024898538,127.62790741364141,0.07469562,regist_target_img_scalef,False,5.7692838182607264,173,0.4309402317609523,19,11.789473684210526,28,0,0,2800,0,4757,0.0,80326.00147044778,44500.60481462807,6000.000481956009,False,3
CH_L_306a,CAVG10489_2024-09-24_11-35-43_2024-09-24_11-26-38_V44J25-031_A1_CH_L_306a_vis.tif,25520052,True,,True,3000,3000,5,4.6250069019420623,0.077256866,0.02575229,134.47049381990274,0.077256866,regist_target_img_scalef,False,5.294178782197991,189,0.4090116607563134,21,10.666666666666666,12,12,12,972,972,4673,100.0,77662.99618402869,40074.1060309588,5999.999689348015,False,3
CH_L_306b,CAVG10489_2024-09-24_12-20-25_2024-09-24_12-14-24_V44J22-375_D1_CH_L_306b_vis.tif,25125254,True,,True,3000,3000,5,4.6250069019420623,0.08636946,0.02878982,132.43915521269398,0.08636946,regist_target_img_scalef,False,4.8082394052371695,208,0.4152850409810555,23,9.73913043478261,22,22,22,2200,2200,4388,100.0,69468.99980618148,42237.151882158345,5999.999999999999,False,3
CH_L_307a,CAVG10489_2024-09-24_12-20-25_2024-09-24_12-14-24_V44J22-375_A1_CH_L_307a_vis.tif,26574624,True,,True,3000,3000,5,4.6250069019420623,0.085737556,0.028579187,127.2662876365968,0.085737556,regist_target_img_scalef,False,5.040553330471832,198,0.4321647234423152,22,10.181818181818182,24,22,17,1944,1737,4898,78.60351163740302,69980.99701016687,39889.16829579512,5999.999650095016,False,3
CH_L_308a,CAVG10489_2024-09-27_12-00-07_2024-09-27_11-46-53_V44A01-351_D1_CH_L_308a_vis.tif,27729700,True,,True,3000,3000,5,4.6250069019420623,0.08872458,0.029574862,138.6409097605702,0.08872458,regist_target_img_scalef,False,4.471233368809131,224,0.3967083027295752,25,8.96,27,0,0,2187,0,4905,0.0,67624.99855451565,37531.87419775619,5999.999594250008,False,3
CH_L_309a,CAVG10489_2024-09-27_12-00-07_2024-09-27_11-46-53_V44A01-351_A1_CH_L_309a_vis.tif,24715632,True,,True,3000,3000,5,4.6250069019420623,0.111104935,0.03703498,145.73781700887272,0.111104935,regist_target_img_scalef,False,3.3966991290554645,294,0.377390035948264,33,6.787878787878788,25,18,13,2025,1421,4796,65.47122602168474,54002.9993265826,40286.23749763062,5999.999729985004,False,3
CH_L_310a,CAVG10489_2024-09-27_12-55-10_2024-09-27_12-37-43_V44A03-294_D1_CH_L_310a_vis.tif,27612550,True,,True,3000,3000,5,4.6250069019420623,0.09891197,0.032970656,132.34307820363327,0.09891197,regist_target_img_scalef,False,4.201579699229782,238,0.4155865251628253,27,8.296296296296296,15,10,8,1215,720,4469,49.13850973372119,60660.0002135232,39156.03013782923,6000.00012132,False,3
CH_L_311a,CAVG10489_2024-09-27_12-55-10_2024-09-27_12-37-43_V44A03-294_A1_CH_L_311a_vis.tif,26367418,True,,True,3000,3000,5,4.6250069019420623,0.09648009,0.03216003,136.72363083852,0.09648009,regist_target_img_scalef,False,4.169475311017694,240,0.4022713532597651,27,8.296296296296296,25,21,15,2025,1505,4789,73.96116099394445,62188.996714244364,44154.187667113496,6000.000000000001,False,3
CH_L_312a,CAVG10489_2024-10-01_11-13-03_2024-10-01_11-06-17_V44A01-333_D1_CH_L_312a_vis.tif,26685398,True,,True,3000,3000,5,4.6250069019420623,0.14551452,0.048504837,131.8691246730211,0.14551452,regist_target_img_scalef,False,2.8662445042069744,349,0.4170801932323159,39,5.743589743589744,19,19,16,1539,1424,4700,83.76595744680851,41233.001154091085,35790.245001751064,6000.00037109701,False,3
CH_L_313a,CAVG10489_2024-10-01_11-13-03_2024-10-01_11-06-17_V44A01-333_A1_CH_L_313a_vis.tif,24514798,True,,True,3000,3000,5,4.6250069019420623,0.15620118,0.052067064,133.35266471125593,0.15620118,regist_target_img_scalef,False,2.6404422951180857,379,0.4124402022193532,42,5.333333333333333,8,5,2,800,260,4000,27.075,35300.62689918525,38411.998802160226,5513.999576392476,False,3
CH_L_314a,CAVG10489_2024-10-01_11-55-24_2024-10-01_11-47-59_V44A01-307_D1_CH_L_314a_vis.tif,23378498,True,,True,3000,3000,5,4.6250069019420623,0.08677919,0.028926397,132.88442467868325,0.08677919,regist_target_img_scalef,False,4.769501798949528,210,0.4138935028163829,23,9.73913043478261,22,22,22,2200,2200,4243,100.0,69140.99948223763,39825.21570176887,5999.999930859001,False,3
CH_L_315a,CAVG10489_2024-10-01_11-55-24_2024-10-01_11-47-59_V44A01-307_A1_CH_L_315a_vis.tif,23199670,True,,True,3000,3000,5,4.6250069019420623,0.13809294,0.04603098,154.63820219063854,0.13809294,regist_target_img_scalef,False,2.5755763090672175,388,0.3556689047134407,43,5.209302325581396,24,21,16,2400,1824,4153,68.57693233806886,43448.99891334054,37909.25155188962,6000.0,False,3
CH_L_317a,CAVG10489_2024-10-01_12-42-45_2024-10-01_12-33-25_V44A01-388_A1_CH_L_317a_vis.tif,25147594,True,,True,3000,3000,5,4.6250069019420623,0.12967366,0.04322455,132.64452415239145,0.12967366,regist_target_img_scalef,False,3.197581293548585,313,0.4146420694819794,35,6.4,34,17,11,2754,1107,4898,37.87260106165782,46270.00165415256,35697.3062761787,6000.000462700017,False,3
CH_L_318a,CAVG10489_2024-10-01_13-25-16_2024-10-01_13-16-03_V44A03-336_D1_CH_L_318a_vis.tif,28088184,True,,True,3000,3000,5,4.6250069019420623,0.07278021,0.024260068,133.57776026627363,0.07278021,regist_target_img_scalef,False,5.657378398595805,177,0.4117451878992664,20,11.2,34,34,34,2754,2754,4947,100.0,82439.99975597761,40024.61988152713,6000.000494639999,False,3
CH_L_319a,CAVG10489_2024-10-01_13-25-16_2024-10-01_13-16-03_V44A03-336_A1_CH_L_319a_vis.tif,23284064,True,,True,3000,3000,5,4.6250069019420623,0.10158128,0.033860426,134.8689509667152,0.10158128,regist_target_img_scalef,False,4.014551458114698,249,0.4078032757411574,28,8.0,23,23,23,1863,1863,4736,100.0,59066.00230014826,41730.13062505475,6000.000118132004,False,3
CH_L_320a,CAVG10489_2024-10-04_11-40-46_2024-10-04_11-22-47_V44U10-293_D1_CH_L_320a_vis.tif,25885354,True,,True,3000,3000,5,4.6250069019420623,0.12911001,0.043036666,133.25049111663924,0.12911001,regist_target_img_scalef,False,3.1969361046913845,313,0.4127564524460657,35,6.4,23,23,23,1863,1863,4157,100.0,46472.00133950896,33576.02096779523,6000.000557664015,False,3
CH_L_321a,CAVG10489_2024-10-04_11-40-46_2024-10-04_11-22-47_V44U10-293_A1_CH_L_321a_vis.tif,26696394,True,,True,3000,3000,5,4.6250069019420623,0.11167777,0.037225924,130.76947319822204,0.11167777,regist_target_img_scalef,False,3.7660803540415806,265,0.4205874555801742,30,7.466666666666667,34,22,16,2754,1674,4963,61.4749143663107,53726.000192768886,40240.7741443839,5999.9998925479995,False,3
CH_L_322a,CAVG10489_2024-10-04_12-36-57_2024-10-04_12-20-57_V44U10-376_D1_CH_L_322a_vis.tif,27127066,True,,True,3000,3000,5,4.6250069019420623,0.11717148,0.03905716,140.29042325213263,0.11717148,regist_target_img_scalef,False,3.3458983939753035,299,0.3920438667517094,33,6.787878787878788,28,19,19,2800,1900,4387,50.62685206291315,51207.00020175558,44166.03767401419,6000.0,False,3
CH_L_323a,CAVG10489_2024-10-04_12-36-57_2024-10-04_12-20-57_V44U10-376_A1_CH_L_323a_vis.tif,24057490,True,,True,3000,3000,5,4.6250069019420623,0.16394338,0.054647796,135.1770699759296,0.16394338,regist_target_img_scalef,False,2.4817942623073708,403,0.406873739827277,45,4.977777777777778,30,27,22,2430,2027,4155,86.32972322503008,36597.99930449162,33688.45835978454,5999.999707216005,False,3
CH_L_326a,CAVG10489_2024-10-08_12-12-21_2024-10-08_12-02-28_V44U19-363_D1_CH_L_326a_vis.tif,28466868,True,,True,3000,3000,5,4.6250069019420623,0.09888262,0.032960877,140.76027784128166,0.09888262,regist_target_img_scalef,False,3.9515056669010398,253,0.3907352332880221,28,8.0,29,22,16,2900,1801,4392,58.42440801457195,60677.9971297487,41534.08903531299,5999.999332542032,False,3
CH_L_327a,CAVG10489_2024-10-08_12-12-21_2024-10-08_12-02-28_V44U19-363_A1_CH_L_327a_vis.tif,23270660,True,,True,3000,3000,5,4.6250069019420623,0.11188811,0.037296038,132.2919748507169,0.11188811,regist_target_img_scalef,False,3.7157394380862057,269,0.4157470629799276,30,7.466666666666667,30,0,0,2430,0,4623,0.0,53624.99898782815,38529.561772754525,5999.999785500005,False,3
CH_L_328a,CAVG10489_2024-10-08_13-06-37_2024-10-08_12-52-24_V44U19-283_D1_CH_L_328a_vis.tif,26762624,True,,True,3000,3000,5,4.6250069019420623,0.10921999,0.036406662,132.32915288636846,0.10921999,regist_target_img_scalef,False,3.8054412780978613,263,0.4156302583394356,29,7.724137931034483,32,13,3,3200,1021,4431,24.102911306702776,54935.000632576535,44167.74050859153,6000.000219740003,False,3
CH_L_329a,CAVG10489_2024-10-08_13-06-37_2024-10-08_12-52-24_V44U19-283_A1_CH_L_329a_vis.tif,26897094,True,,True,3000,3000,5,4.6250069019420623,0.12338824,0.041129414,133.87690443842828,0.12338824,regist_target_img_scalef,False,3.329532497377639,300,0.4108251548742315,34,6.588235294117647,26,13,4,2106,413,3944,25.25354969574036,48626.99964555779,40725.112203154655,5999.999902746,False,3
CH_L_330a,CAVG10489_2024-12-03_11-32-56_2024-12-03_11-24-01_V44A01-325_D1_CH_L_330a_vis.tif,26139496,False,,True,3000,3000,5,4.6250069019420623,0.15538809,0.051796027,139.1453763019515,0.15538809,regist_target_img_scalef,False,2.543760278483171,393,0.39527005109136804,,,0,0,0,0,0,4362,54.470426409903716,35910.09016965722,38613.00018242712,5580.000323190811,False,0
CH_L_333a,CAVG10489_2024-10-11_10-17-24_2024-10-11_09-51-58_V44U17-293_D1_CH_L_333a_vis.tif,25380846,True,,True,3000,3000,5,4.6250069019420623,0.1476814,0.049227133,134.38566301116904,0.1476814,regist_target_img_scalef,False,2.771302607761674,361,0.4092698489378948,40,5.6,8,7,7,800,700,4857,65.2048589664402,40628.00082222948,37194.93475275109,6000.000040628,False,3
CH_L_334a,CAVG10489_2024-10-11_10-17-24_2024-10-11_09-51-58_V44U17-293_A1_CH_L_334a_vis.tif,24400124,True,,True,3000,3000,5,4.6250069019420623,0.12655024,0.042183414,131.998587738206,0.12655024,regist_target_img_scalef,False,3.292535238269315,304,0.416671124611439,34,6.588235294117647,27,27,21,2187,1823,4402,84.91594729668333,47411.999417590996,33543.98958794563,5999.999905176001,False,3
CH_L_335a,CAVG10489_2024-10-11_11-11-32_2024-10-11_10-53-10_V44U10-352_D1_CH_L_335a_vis.tif,24440988,True,,True,3000,3000,5,4.6250069019420623,0.15223403,0.05074468,132.8817628034367,0.15223403,regist_target_img_scalef,False,2.718851980026743,368,0.4139017938929506,41,5.463414634146342,10,4,2,810,306,4573,27.006341570085286,39412.99856457859,25638.155566258374,5999.999605870014,False,3
CH_L_336a,CAVG10489_2024-10-11_11-11-32_2024-10-11_10-53-10_V44U10-352_A1_CH_L_336a_vis.tif,26800582,True,,True,3000,3000,5,4.6250069019420623,0.10520594,0.035068646,134.15029426174976,0.10520594,regist_target_img_scalef,False,3.8970035262921865,257,0.4099879191668842,29,7.724137931034483,23,6,3,1863,324,4975,16.603015075376884,57031.00142503363,43885.35559656338,6000.0001140620025,False,2
CH_L_337a,CAVG10489_2024-10-22_12-16-14_2024-10-22_12-07-23_V44U10-354_D1_CH_L_337a_vis.tif,28725638,True,,True,3000,3000,5,4.6250069019420623,0.0881899,0.029396635,139.31087318818263,0.0881899,regist_target_img_scalef,False,4.476708589568459,223,0.3948004828431835,25,8.96,16,11,6,1296,756,4658,69.944182052383,68034.99788326112,41807.50619926396,5999.99965982501,False,3
CH_L_338a,CAVG10489_2024-10-22_12-16-14_2024-10-22_12-07-23_V44U10-354_A1_CH_L_338a_vis.tif,26492800,True,,True,3000,3000,5,4.6250069019420623,0.08611534,0.028705113,132.47007701704192,0.08611534,regist_target_img_scalef,False,4.821302489703444,207,0.4151881031436586,23,9.73913043478261,21,0,0,1701,0,4615,0.0,69673.99849636544,44486.84803992933,6000.000069673999,False,2
CH_L_339a,CAVG10489_2024-10-29_11-43-10_2024-10-29_11-22-12_V44U10-321_D1_CH_L_339a_vis.tif,23737852,True,,True,3000,3000,5,4.6250069019420623,0.15285066,0.05095022,148.33453028330246,0.15285066,regist_target_img_scalef,False,2.4257894920501517,412,0.3707835248809304,46,4.869565217391305,23,22,18,1863,1724,3226,94.35833849969002,35269.72013074723,39254.00125848328,5391.0,False,3
CH_L_340a,CAVG10489_2024-10-22_13-10-00_2024-10-22_12-53-56_V44U17-363_D1_CH_L_340a_vis.tif,26046820,True,,True,3000,3000,5,4.6250069019420623,0.09022692,0.03007564,139.12595124516136,0.09022692,regist_target_img_scalef,False,4.381455551447574,228,0.3953252395240161,26,8.615384615384615,30,0,0,2430,0,4915,0.0,66499.00052002218,36707.44828705225,6000.0,False,3
CH_L_341a,CAVG10489_2024-10-22_13-10-00_2024-10-22_12-53-56_V44U17-363_A1_CH_L_341a_vis.tif,26524496,True,,True,3000,3000,5,4.6250069019420623,0.10130515,0.033768382,133.3026101535704,0.10130515,regist_target_img_scalef,False,4.0727946382211435,245,0.4125950717441887,27,8.296296296296296,16,1,0,1600,80,4543,15.892581994276911,59227.00116339599,39267.50177133154,6000.000236908005,False,3
CH_L_342a,CAVG10489_2024-10-22_14-07-42_2024-10-22_13-59-38_V44U10-357_A1_CH_L_342a_vis.tif,25728448,True,,True,3000,3000,5,4.6250069019420623,0.09008874,0.03002958,133.22242854159393,0.09008874,regist_target_img_scalef,False,4.582630385689889,218,0.4128433973325161,24,9.333333333333334,13,0,0,1300,0,4948,0.0,66600.99808255727,39993.89934857564,6000.000000000001,False,3
CH_L_344a,CAVG10489_2024-10-25_11-43-18_2024-10-25_11-22-13_V44A03-399_D1_CH_L_344a_vis.tif,28126576,True,,True,3000,3000,5,4.6250069019420623,0.099923395,0.0333078,136.53779712353125,0.099923395,regist_target_img_scalef,False,4.0312767753780365,248,0.4028188615804258,28,8.0,24,0,0,1944,0,4753,0.0,60045.99523234798,36507.965101267575,5999.999699770024,False,3
CH_L_345a,CAVG10489_2024-10-25_11-43-18_2024-10-25_11-22-13_V44A03-399_A1_CH_L_345a_vis.tif,23535034,True,,True,3000,3000,5,4.6250069019420623,0.1870091,0.062336367,135.74665891271587,0.1870091,regist_target_img_scalef,False,2.1665603959170205,462,0.4051665097360857,52,4.3076923076923075,30,27,22,2430,2027,4743,83.91313514653173,32084.000018801227,31987.748018744824,5999.999967916001,False,2
CH_L_346a,CAVG10489_2024-10-29_12-33-06_2024-10-29_12-24-10_V44U17-390_D1_CH_L_346a_vis.tif,25587834,True,,True,3000,3000,5,4.6250069019420623,0.1058836,0.035294533,134.30631574882472,0.1058836,regist_target_img_scalef,False,3.867564408413234,258,0.4095116427946635,29,7.724137931034483,32,16,11,2592,1071,4092,41.71554252199414,56665.999802292325,44482.80984479947,6000.000056665999,False,3
CH_L_347a,CAVG10489_2024-10-29_12-33-06_2024-10-29_12-24-10_V44U17-390_A1_CH_L_347a_vis.tif,26020268,True,,True,3000,3000,5,4.6250069019420623,0.13275805,0.044252682,133.64452226505063,0.13275805,regist_target_img_scalef,False,3.0999212550011728,322,0.4115395009675084,36,6.222222222222222,29,29,23,2349,2255,4946,92.21593206631621,45195.000836333485,33308.71561637778,6000.000180780002,False,3
CH_L_348a,CAVG10489_2024-10-29_13-19-54_2024-10-29_13-13-09_V44U10-397_D1_CH_L_348a_vis.tif,24868848,True,,True,3000,3000,5,4.6250069019420623,0.119005114,0.039668374,134.9983542031502,0.119005114,regist_target_img_scalef,False,3.4234862730976627,292,0.4074123742074225,33,6.787878787878788,27,11,4,2187,779,4581,33.79174852652259,50417.99797491069,37510.99049333356,5999.999596656016,False,3
CH_L_349a,CAVG10489_2024-10-25_12-45-20_2024-10-25_12-33-14_V44U17-328_D1_CH_L_349a_vis.tif,23816272,True,,True,3000,3000,5,4.6250069019420623,0.07469562,0.024898538,140.39126004283395,0.07469562,regist_target_img_scalef,False,5.244782479873355,191,0.3917622790992778,21,10.666666666666666,17,17,17,1700,1700,4672,100.0,80326.00147044778,44500.60481462807,6000.000481956009,False,3
CH_L_350a,CAVG10489_2024-10-29_13-19-54_2024-10-29_13-13-09_V44U10-397_A1_CH_L_350a_vis.tif,24501694,True,,True,3000,3000,5,4.6250069019420623,0.15779093,0.052596975,134.60385971417963,0.15779093,regist_target_img_scalef,False,2.589543079678599,386,0.4086064108175503,43,5.209302325581396,30,24,18,2430,1638,3509,64.46280991735537,36808.20047160507,38025.00048719532,5808.000184041003,False,3
CH_L_351a,CAVG10489_2024-10-25_12-45-20_2024-10-25_12-33-14_V44U17-328_A1_CH_L_351a_vis.tif,27029478,True,,True,3000,3000,5,4.6250069019420623,0.0881899,0.029396635,133.2858839392956,0.0881899,regist_target_img_scalef,False,4.6790715129732705,214,0.4126468488219614,24,9.333333333333334,15,0,0,1215,0,4874,0.0,68034.99788326112,44290.78362200299,5999.99965982501,False,3
CH_L_352a,CAVG10489_2024-10-29_14-11-16_2024-10-29_13-57-19_V44U19-301_D1_CH_L_352a_vis.tif,24152134,True,,True,3000,3000,5,4.6250069019420623,0.1630612,0.054353733,133.67240643880424,0.1630612,regist_target_img_scalef,False,2.523308141296975,396,0.4114536534896543,44,5.090909090909091,23,22,19,1863,1667,4180,93.08612440191388,33208.390673001246,36796.00074570775,5415.00003320839,False,3
CH_L_353a,CAVG10489_2024-10-29_14-11-16_2024-10-29_13-57-19_V44U19-301_A1_CH_L_353a_vis.tif,24699752,True,,True,3000,3000,5,4.6250069019420623,0.1324591,0.044153035,139.98231741487305,0.1324591,regist_target_img_scalef,False,2.9662497225495668,337,0.3929067686241653,38,5.894736842105263,26,26,26,2106,2106,4568,100.0,45296.99940219285,36396.139019661954,5999.999773515003,False,3
CH_L_356a,CAVG10489_2024-11-05_11-35-49_2024-11-05_11-10-57_V44U19-398_D1_CH_L_356a_vis.tif,25180434,True,,True,3000,3000,5,4.6250069019420623,0.09891197,0.032970656,130.82025811487054,0.09891197,regist_target_img_scalef,False,4.250488408497935,235,0.4204241819466955,26,8.615384615384615,17,6,3,1700,420,4297,23.341866418431465,60660.0002135232,35152.4701237367,6000.00012132,False,3
CH_L_359a,CAVG10489_2024-11-05_11-35-49_2024-11-05_11-10-57_V44U19-398_A1_CH_L_359a_vis.tif,26111544,True,,True,3000,3000,5,4.6250069019420623,0.10437506,0.034791686,131.63494057515908,0.10437506,regist_target_img_scalef,False,4.00308461087206,250,0.4178221964448479,28,8.0,21,10,10,1701,810,4522,53.47191508182221,57484.99799636039,34663.45379180532,6000.000114969996,False,3
CH_L_360a,CAVG10489_2024-11-12_11-50-46_2024-11-12_11-35-22_V44U17-330_A1_CH_L_360a_vis.tif,27474924,True,,True,3000,3000,5,4.6250069019420623,0.082362145,0.027454048,139.2773929782065,0.082362145,regist_target_img_scalef,False,4.794622420246026,209,0.3948953869965541,23,9.73913043478261,26,1,0,2600,70,4491,2.694277443776442,72849.00208522983,44474.31577303281,6000.000072849001,False,3
CH_L_361a,CAVG10489_2024-11-05_12-31-45_2024-11-05_12-17-17_V44U17-405_D1_CH_L_361a_vis.tif,27553512,True,,True,3000,3000,5,4.6250069019420623,0.1080322,0.03601073,140.01646768882634,0.1080322,regist_target_img_scalef,False,3.636054231430629,275,0.39281093794076,31,7.225806451612903,31,24,16,2511,1376,4741,41.38367433031006,55539.0018475049,42848.33992535003,6000.000555390018,False,3
CH_L_362a,CAVG10489_2024-11-05_12-31-45_2024-11-05_12-17-17_V44U17-405_A1_CH_L_362a_vis.tif,28255778,True,,True,3000,3000,5,4.6250069019420623,0.120721914,0.040240638,132.40867544886476,0.120721914,regist_target_img_scalef,False,3.4408055969062237,291,0.4153806373604318,33,6.787878787878788,30,27,23,2430,2129,4881,89.18254456054088,49701.00126146111,41922.794564042444,6000.0,False,3
CH_L_363a,CAVG10489_2024-11-05_13-18-38_2024-11-05_13-07-04_V44U19-345_D1_CH_L_363a_vis.tif,24156512,True,,True,3000,3000,5,4.6250069019420623,0.10363589,0.0345453,145.64093607866195,0.10363589,regist_target_img_scalef,False,3.643921785222079,274,0.377641077301879,31,7.225806451612903,28,11,4,2268,395,4877,11.810539265942177,57894.99584603405,41713.34450706753,5999.999421050042,False,3
CH_L_364a,CAVG10489_2024-11-05_13-18-38_2024-11-05_13-07-04_V44U19-345_A1_CH_L_364a_vis.tif,26607894,True,,True,3000,3000,5,4.6250069019420623,0.10201132,0.034003776,140.37347178921075,0.10201132,regist_target_img_scalef,False,3.8408671074004346,260,0.3918119235705001,29,7.724137931034483,12,5,0,972,225,3962,14.13427561837456,58816.9972652449,43259.901488587624,5999.999529464022,False,2
CH_L_367a,CAVG10489_2024-11-12_12-32-35_2024-11-12_12-24-54_V44U10-314_D1_CH_L_367a_vis.tif,27760242,True,,True,3000,3000,5,4.6250069019420623,0.124571785,0.04152393,139.6762703155308,0.124571785,regist_target_img_scalef,False,3.160969985795971,316,0.3937676734620288,35,6.4,22,22,17,2200,2024,4074,89.24889543446245,48164.99786990297,36701.72837686606,5999.999759175011,False,3
CH_L_368a,CAVG10489_2024-11-08_12-19-27_2024-11-08_12-05-28_V44U19-361_D1_CH_L_368a_vis.tif,24239582,True,,True,3000,3000,5,4.6250069019420623,0.19128384,0.06376128,133.01547940130814,0.19128384,regist_target_img_scalef,False,2.1616343045065958,463,0.413485710441751,52,4.3076923076923075,26,22,17,2106,1622,4364,76.0999083409716,30755.342427253654,31366.998905919078,5883.0,False,3
CH_L_369a,CAVG10489_2024-11-12_12-32-35_2024-11-12_12-24-54_V44U10-314_A1_CH_L_369a_vis.tif,24607440,True,,True,3000,3000,5,4.6250069019420623,0.15245451,0.05081817,133.42223487560918,0.15245451,regist_target_img_scalef,False,2.703922265841289,370,0.4122251441169234,41,5.463414634146342,25,18,11,2500,1739,4670,74.13276231263384,39356.001996923536,39257.61199193123,5999.999999999999,False,3
CH_L_371a,CAVG10489_2024-11-08_12-19-27_2024-11-08_12-05-28_V44U19-361_A1_CH_L_371a_vis.tif,24958606,True,,True,3000,3000,5,4.6250069019420623,0.121221915,0.040407307,133.98332248892333,0.121221915,regist_target_img_scalef,False,3.3863419125670378,295,0.4104988514861389,33,6.787878787878788,30,7,1,2430,513,4848,19.863861386138616,49495.998335152595,42442.81857239335,5999.999703024009,False,3
CH_L_372a,CAVG10489_2024-11-08_13-09-38_2024-11-08_12-56-59_V44U10-311_D1_CH_L_372a_vis.tif,28396680,True,,True,3000,3000,5,4.6250069019420623,0.09808249,0.03269416,133.33938102679258,0.09808249,regist_target_img_scalef,False,4.205452887635366,238,0.4124812907969669,27,8.296296296296296,31,31,31,2511,2511,4788,100.0,61173.00459776303,44472.77434257372,6000.000611730046,False,3
CH_L_373a,CAVG10489_2024-11-12_13-15-55_2024-11-12_13-07-48_V44U10-284_A1_CH_L_373a_vis.tif,21665272,True,,True,3000,3000,5,4.6250069019420623,0.19510292,0.06503431,134.8330135615483,0.19510292,regist_target_img_scalef,False,2.0907527608674457,478,0.4079119686433004,54,4.148148148148148,19,14,10,1539,1076,3528,70.29478458049887,30752.997917560748,25432.72927782274,5999.999692470022,False,3
CH_L_375a,CAVG10489_2024-11-12_14-00-09_2024-11-12_13-50-49_V44U10-339_D1_CH_L_375a_vis.tif,19961690,False,,True,3000,3000,5,4.6250069019420623,0.2647721,0.08825736,132.72888444171542,0.2647721,regist_target_img_scalef,False,1.5650384984783636,639,0.41437852982296314,,,0,0,0,0,0,633,100.0,22660.999603885724,13245.354268471207,6000.000453219992,False,0
CH_L_376a,CAVG10489_2024-11-12_14-00-09_2024-11-12_13-50-49_V44U10-339_A1_CH_L_376a_vis.tif,19909648,True,,True,3000,3000,5,4.6250069019420623,0.26717728,0.08905909,144.3693155812108,0.26717728,regist_target_img_scalef,False,1.4258973690718963,701,0.3809673806277854,79,2.8354430379746836,3,3,3,243,243,1183,100.0,17033.634635161892,22457.000178196296,4551.000170336347,False,3
CH_L_377a,CAVG10489_2024-11-15_13-45-55_2024-11-15_13-29-40_V44F14-072_D1_CH_L_377a_vis.tif,19415914,False,,True,3000,3000,5,4.6250069019420623,0.30156815,0.10052272,137.61191919530276,0.30156815,regist_target_img_scalef,False,1.3253212638064378,755,0.3996746816817694,,,0,0,0,0,0,921,57.54614549402823,19895.999630730246,19697.039634422945,5999.999801040003,False,0
CH_L_378a,CAVG10489_2024-11-19_11-16-31_2024-11-19_11-00-25_V44U10-276_D1_CH_L_378a_vis.tif,19706428,False,,True,3000,3000,5,4.6250069019420623,0.24079946,0.08026648,145.1663484626497,0.24079946,regist_target_img_scalef,False,1.5734075440985915,635,0.37887568697886703,,,0,0,0,0,0,884,83.710407239819,24917.001468109727,19223.466632646654,6000.0004983400295,False,0
CH_L_382a,CAVG10489_2024-11-19_11-16-31_2024-11-19_11-00-25_V44U10-276_A1_CH_L_382a_vis.tif,19120760,False,,True,3000,3000,5,4.6250069019420623,0.34052214,0.113507375,132.14520199240525,0.34052214,regist_target_img_scalef,False,1.2222665776465562,818,0.4162088306706815,,,0,0,0,0,0,833,43.33733493397359,17620.000462525015,14421.970378576723,6000.000264300007,False,0
CH_L_383a,CAVG10489_2024-11-19_12-07-10_2024-11-19_11-57-12_V44U10-304_D1_CH_L_383a_vis.tif,19004524,False,,True,3000,3000,5,4.6250069019420623,0.25731194,0.08577065,131.82656881828095,0.25731194,regist_target_img_scalef,False,1.6214359652351527,617,0.41721483380042973,,,0,0,0,0,0,473,66.59619450317125,23317.9998052947,18922.55684199665,5999.999766820002,False,0
CH_L_384a,CAVG10489_2024-11-19_12-07-10_2024-11-19_11-57-12_V44U10-304_A1_CH_L_384a_vis.tif,19093446,False,,True,3000,3000,5,4.6250069019420623,0.22373867,0.07457956,138.93242406549945,0.22373867,regist_target_img_scalef,False,1.7693674115450204,565,0.3958759114004255,,,0,0,0,0,0,753,99.867197875166,26816.999188517602,24524.145757899347,5999.9997318300075,False,0
CH_L_385a,CAVG10489_2024-11-19_12-59-59_2024-11-19_12-49-10_V44U10-366_D1_CH_L_385a_vis.tif,19245752,False,,True,3000,3000,5,4.6250069019420623,0.2814523,0.09381743,153.09068731100658,0.2814523,regist_target_img_scalef,False,1.2764655979590869,783,0.3592641784164603,,,0,0,0,0,0,1213,80.62654575432812,21318.000290564345,19825.74027022484,6000.000213180003,False,0
CH_L_386a,CAVG10489_2024-11-19_12-59-59_2024-11-19_12-49-10_V44U10-366_A1_CH_L_386a_vis.tif,19065308,False,,True,3000,3000,5,4.6250069019420623,0.11879071,0.039596904,138.9073141112917,0.11879071,regist_target_img_scalef,False,3.333151834635928,300,0.39594747297420446,,,0,0,0,0,0,1209,100.0,50508.99939045739,32527.795607454562,5999.999898982001,False,0
CH_L_387a,CAVG10489_2024-11-19_13-54-11_2024-11-19_13-45-56_V44U17-312_D1_CH_L_387a_vis.tif,18933318,True,,True,3000,3000,5,4.6250069019420623,0.2688413,0.089613765,127.87405593916411,0.2688413,regist_target_img_scalef,False,1.5998684065786086,625,0.4301107022535217,70,3.2,6,5,5,486,405,789,70.8491761723701,21815.844920699405,22317.99991887407,5865.000109079225,False,3
CH_L_388a,CAVG10489_2024-11-19_13-54-11_2024-11-19_13-45-56_V44U17-312_A1_CH_L_388a_vis.tif,18275290,True,,True,3000,3000,5,4.6250069019420623,0.27127227,0.09042409,131.12262544654337,0.27127227,regist_target_img_scalef,False,1.546249782215557,647,0.4194546884086197,72,3.111111111111111,2,2,2,162,162,770,60.51948051948052,22117.999749845425,16422.614814260225,6000.0,False,2
CH_L_389a,CAVG10489_2024-11-22_12-56-23_2024-11-22_12-38-49_V44U19-377_D1_CH_L_389a_vis.tif,20996420,True,,True,3000,3000,5,4.6250069019420623,0.243734,0.08124467,131.88324986293196,0.243734,regist_target_img_scalef,False,1.711027277203101,584,0.4170355223818206,65,3.4461538461538463,6,4,4,486,324,1812,82.17439293598234,24026.191502777965,24616.999490551196,5855.999759738084,False,1
CH_L_390a,CAVG10489_2024-11-22_12-56-23_2024-11-22_12-38-49_V44U19-377_A1_CH_L_390a_vis.tif,20838116,True,,True,3000,3000,5,4.6250069019420623,0.08151952,0.027173175,138.35343365650584,0.08151952,regist_target_img_scalef,False,4.876532621285653,205,0.3975325985515482,23,9.73913043478261,7,0,0,567,0,772,0.0,73601.99903029366,41401.124454540186,5999.999631990005,False,0
CH_L_391a,CAVG10489_2024-11-22_13-45-50_2024-11-22_13-37-06_V44U10-337_D1_CH_L_391a_vis.tif,19412098,False,,True,3000,3000,5,4.6250069019420623,0.1023786,0.0341262,137.72477726256227,0.1023786,regist_target_img_scalef,False,3.900689887526463,256,0.3993471697191167,,,0,0,0,0,0,945,0.0,58605.99773780848,27134.576952605326,5999.999999999999,False,0
CH_L_392a,CAVG10489_2024-11-22_13-45-50_2024-11-22_13-37-06_V44U10-337_A1_CH_L_392a_vis.tif,18766360,False,,True,3000,3000,5,4.6250069019420623,0.14629865,0.048766214,140.31916026885006,0.14629865,regist_target_img_scalef,False,2.67920159986542,373,0.3919635771381511,,,0,0,0,0,0,454,9.47136563876652,41012.0006445446,30615.458481152546,6000.0003280960045,False,0
CH_L_393a,CAVG10489_2024-11-26_11-02-30_2024-11-26_10-36-55_V44T19-319_D1_CH_L_393a_vis.tif,19917948,False,,True,3000,3000,5,4.6250069019420623,0.24775983,0.08258662,131.09349808426356,0.24775983,regist_target_img_scalef,False,1.6933652484317143,590,0.4195478860793493,,,0,0,0,0,0,1081,83.34875115633672,24216.9978623656,24023.261879466674,5999.999273490063,False,0
CH_L_394a,CAVG10489_2024-11-26_11-02-30_2024-11-26_10-36-55_V44T19-319_A1_CH_L_394a_vis.tif,18726620,False,,True,3000,3000,5,4.6250069019420623,0.25731194,0.08577065,131.20693624797406,0.25731194,regist_target_img_scalef,False,1.6290932931437008,614,0.41918515569979437,,,0,0,0,0,0,324,24.691358024691358,22525.187811914682,23317.9998052947,5795.999774748122,False,0
CH_L_395a,CAVG10489_2024-11-26_11-53-20_2024-11-26_11-37-58_V44U10-399_D1_CH_L_395a_vis.tif,18830364,True,,True,3000,3000,5,4.6250069019420623,0.27127227,0.09042409,141.32066513937858,0.27127227,regist_target_img_scalef,False,1.434668672414524,697,0.3891858274637742,78,2.871794871794872,5,3,3,405,243,929,69.7524219590958,22117.999749845425,19718.196776987195,6000.0,False,3
CH_L_396a,CAVG10489_2024-11-26_11-53-20_2024-11-26_11-37-58_V44U10-399_A1_CH_L_396a_vis.tif,18032054,False,,True,3000,3000,5,4.6250069019420623,0.23888204,0.07962734,141.9227770881776,0.23888204,regist_target_img_scalef,False,1.6222847647607084,616,0.3875346940669581,,,0,0,0,0,0,656,100.0,25117.001271171433,21525.270089393918,6000.000502340025,False,0
CH_L_397a,CAVG10489_2024-11-29_11-47-49_2024-11-29_11-19-15_V44T19-353_D1_CH_L_397a_vis.tif,21167712,False,,True,3000,3000,5,4.6250069019420623,0.14920919,0.049736395,142.7237170117904,0.14920919,regist_target_img_scalef,False,2.5826821981308643,387,0.3853599188105257,,,0,0,0,0,0,1189,36.08074011774601,20829.816877560184,40212.00169413163,3108.000104149084,False,0
CH_L_398a,CAVG10489_2024-11-29_11-47-49_2024-11-29_11-19-15_V44T19-353_A1_CH_L_398a_vis.tif,19590198,False,,True,3000,3000,5,4.6250069019420623,0.14523625,0.048412085,129.2262748674037,0.14523625,regist_target_img_scalef,False,2.930467014131024,341,0.425610039881087,,,0,0,0,0,0,1190,4.621848739495799,41311.99885317891,26315.743269474966,5999.999793440006,False,0
CH_L_399a,CAVG10489_2024-11-29_12-38-50_2024-11-29_12-26-21_V44L24-369_D1_CH_L_399a_vis.tif,21630798,True,,True,3000,3000,5,4.6250069019420623,0.17588086,0.058626957,133.44261153065747,0.17588086,regist_target_img_scalef,False,2.343417000777931,427,0.4121621974354432,48,4.666666666666667,3,3,3,243,243,2234,84.69113697403759,34113.99981070142,34113.99981070142,5999.999624746002,False,3
CH_L_400a,CAVG10489_2024-11-29_12-38-50_2024-11-29_12-26-21_V44L24-369_A1_CH_L_400a_vis.tif,18536354,True,,True,3000,3000,5,4.6250069019420623,0.2629503,0.0876501,141.04743224038836,0.2629503,regist_target_img_scalef,False,1.4829408701813145,674,0.3899397466964377,76,2.9473684210526314,2,0,0,162,0,628,70.38216560509554,21118.05919217434,22818.000207643803,5553.000000000001,False,2
CH_L_401a,CAVG10489_2024-11-29_13-29-06_2024-11-29_13-14-27_V44T19-315_D1_CH_L_401a_vis.tif,18738688,False,,True,3000,3000,5,4.6250069019420623,0.29971528,0.09990509,127.22536024098207,0.29971528,regist_target_img_scalef,False,1.4423814075397723,693,0.43230374742757693,,,0,0,0,0,0,638,69.59247648902821,18317.385030132096,20019.000032931253,5490.000183173849,False,0
CH_L_402a,CAVG10489_2024-11-29_13-29-06_2024-11-29_13-14-27_V44T19-315_A1_CH_L_402a_vis.tif,18374446,False,,True,3000,3000,5,4.6250069019420623,0.1022042,0.034068067,138.39789907045562,0.1022042,regist_target_img_scalef,False,3.888341932983574,257,0.39740487658703977,,,0,0,0,0,0,664,0.0,58706.00172296244,24832.638728813115,5999.999941293998,False,0
CH_L_403a,CAVG10489_2024-11-29_14-20-03_2024-11-29_14-10-42_V44T20-384_D1_CH_L_403a_vis.tif,24131604,True,,True,3000,3000,5,4.6250069019420623,0.16342984,0.054476615,150.7486293333097,0.16342984,regist_target_img_scalef,False,2.232430575027606,448,0.3648457716878696,50,4.48,11,5,2,891,261,1467,42.331288343558285,36713.00061503454,33518.96956152654,5999.999816434996,False,2
CH_L_405a,CAVG10489_2024-12-03_11-32-56_2024-12-03_11-24-01_V44A01-325_A1_CH_L_405a_vis.tif,19725244,False,,True,3000,3000,5,4.6250069019420623,0.33333334,0.11111111,143.49950172128223,0.33333334,regist_target_img_scalef,False,1.1498297535588524,870,0.38327659218514915,,,0,0,0,0,0,857,100.0,18000.000180000003,14382.000143820002,6000.000180000002,False,0
CH_L_406a,CAVG10489_2024-12-03_12-18-57_2024-12-03_12-09-42_V44A03-375_D1_CH_L_406a_vis.tif,27155090,False,,True,3000,3000,5,4.6250069019420623,0.09739469,0.0324649,145.05196038428954,0.09739469,regist_target_img_scalef,False,3.8931739360029813,257,0.37917446861309023,,,0,0,0,0,0,4992,0.0,61604.99493298917,41829.791559499645,5999.999383950051,False,0
CH_L_407a,CAVG10489_2024-12-03_12-18-57_2024-12-03_12-09-42_V44A03-375_A1_CH_L_407a_vis.tif,18927892,False,,True,3000,3000,5,4.6250069019420623,0.118555985,0.03951866,139.66485166224206,0.118555985,regist_target_img_scalef,False,3.321636330163964,301,0.39379986693437397,,,0,0,0,0,0,993,3.5246727089627394,50609.00344293051,32819.93873274043,6000.000253045018,False,0
CH_L_409a,CAVG10489_2024-12-03_13-05-11_2024-12-03_12-54-07_V44A01-345_D1_CH_L_409a_vis.tif,23889438,False,,True,3000,3000,5,4.6250069019420623,0.11950049,0.039833497,161.70259408577365,0.11950049,regist_target_img_scalef,False,2.8462694826456874,351,0.34013059784820615,,,0,0,0,0,0,4575,97.68306010928963,50208.9987228588,36326.21057598834,5999.999949791001,False,0
CH_L_410a,CAVG10489_2024-12-03_13-05-11_2024-12-03_12-54-07_V44A01-345_A1_CH_L_410a_vis.tif,17768736,False,,True,3000,3000,5,4.6250069019420623,0.3257506,0.108583525,131.01117103694813,0.3257506,regist_target_img_scalef,False,1.28875136002165,776,0.4198115287778685,,,0,0,0,0,0,824,63.95631067961165,17820.382972462903,18419.00048833375,5805.000445509574,False,0
CH_L_410b,CAVG10489_2024-12-03_13-51-43_2024-12-03_13-39-51_V44A03-298_D1_CH_L_410b_vis.tif,24506190,False,,True,3000,3000,5,4.6250069019420623,0.10361442,0.03453814,141.2060253363167,0.10361442,regist_target_img_scalef,False,3.759146580558405,266,0.3895017926395424,,,0,0,0,0,0,3464,4.099307159353349,57906.997886973644,38131.75810857215,6000.0,False,0
CH_L_411a,CAVG10489_2024-12-03_13-51-43_2024-12-03_13-39-51_V44A03-298_A1_CH_L_411a_vis.tif,22294460,False,,True,3000,3000,5,4.6250069019420623,0.104699254,0.03489975,137.38600973562365,0.104699254,regist_target_img_scalef,False,3.8236364432897525,261,0.4003318831796504,,,0,0,0,0,0,3897,100.0,57307.000766481135,42321.22006604632,6000.000229228003,False,0
CH_L_412a,CAVG10489_2024-12-06_11-48-06_2024-12-06_11-23-45_V44A03-348_D1_CH_L_412a_vis.tif,27006152,False,,True,3000,3000,5,4.6250069019420623,0.10618153,0.035393845,140.31407571174157,0.10618153,regist_target_img_scalef,False,3.6915815840191204,271,0.3919777807109737,,,0,0,0,0,0,4979,75.69793131150834,56507.0000165283,37605.40851099958,5999.999717465,False,0
CH_L_413a,CAVG10489_2024-12-06_11-48-06_2024-12-06_11-23-45_V44A03-348_A1_CH_L_413a_vis.tif,26151762,False,,True,3000,3000,5,4.6250069019420623,0.15033072,0.050110243,141.1711531604152,0.15033072,regist_target_img_scalef,False,2.591606077497642,386,0.38959800758659635,,,0,0,0,0,0,4801,54.259529264736514,34424.09967958048,39911.99962849911,5174.999690183104,False,0
CH_L_414a,CAVG10489_2024-12-10_15-37-13_2024-12-10_15-23-28_V44T20-359_A1_CH_L_414a_vis.tif,19174842,False,,True,3000,3000,5,4.6250069019420623,0.20191143,0.06730381,138.94782915769872,0.20191143,regist_target_img_scalef,False,1.9604240373657673,510,0.3958320207908955,,,0,0,0,0,0,1658,24.246079613992762,21514.38380680083,29715.99973315032,4343.999999999999,False,0
CH_L_414b,CAVG10489_2024-12-11_10-21-45_2024-12-11_10-05-57_V44T19-367_D1_CH_L_414b_vis.tif,25438646,False,,True,3000,3000,5,4.6250069019420623,0.17849706,0.059499018,133.94706277256546,0.17849706,regist_target_img_scalef,False,2.3003738788782435,435,0.41060997428056256,,,0,0,0,0,0,3677,68.5069350013598,29126.5311303121,33614.00015038904,5199.000174759188,False,0
CH_L_414c,CAVG10489_2024-12-11_10-21-45_2024-12-11_10-05-57_V44T19-367_A1_CH_L_414c_vis.tif,26213810,False,,True,3000,3000,5,4.6250069019420623,0.13479814,0.044932712,145.62767850341555,0.13479814,regist_target_img_scalef,False,2.801785371739497,357,0.37767545678969283,,,0,0,0,0,0,3645,1.262002743484225,44511.00125004696,32515.286413159305,6000.000178044005,False,0
CH_L_415a,CAVG10489_2024-12-11_11-06-22_2024-12-11_10-57-13_V44T19-362_D1_CH_L_415a_vis.tif,27044634,False,,True,3000,3000,5,4.6250069019420623,0.110075586,0.036691863,132.9863904427313,0.110075586,regist_target_img_scalef,False,3.757201481532219,266,0.41357615479972715,,,0,0,0,0,0,4514,100.0,54507.99813571745,35021.38880219846,5999.999836476006,False,0
CH_L_416a,CAVG10489_2024-12-11_11-06-22_2024-12-11_10-57-13_V44T19-362_A1_CH_L_416a_vis.tif,25336018,False,,True,3000,3000,5,4.6250069019420623,0.0749073,0.024969101,139.77268065022477,0.0749073,regist_target_img_scalef,False,5.25310705650382,190,0.3934960662136486,,,0,0,0,0,0,4123,0.0,80098.99915900055,41531.33106394179,5999.9997597030015,False,0
CH_L_417a,CAVG10489_2024-12-06_12-38-56_2024-12-06_12-28-11_V44A01-349_D1_CH_L_417a_vis.tif,27871990,False,,True,3000,3000,5,4.6250069019420623,0.15223403,0.05074468,135.78925924261986,0.15223403,regist_target_img_scalef,False,2.6606363855483197,376,0.40503939933665445,,,0,0,0,0,0,4992,77.68429487179486,36614.67566649351,39412.99856457859,5573.999633853243,False,0
CH_L_418a,CAVG10489_2024-12-06_12-38-56_2024-12-06_12-28-11_V44A01-349_A1_CH_L_418a_vis.tif,23254006,False,,True,3000,3000,5,4.6250069019420623,0.13885354,0.04628451,155.0618293073269,0.13885354,regist_target_img_scalef,False,2.554470137359922,391,0.3546972213967114,,,0,0,0,0,0,4404,100.0,43211.00082943516,37226.27721455839,6000.000432110008,False,0
CH_L_419a,CAVG10489_2024-12-13_11-50-05_2024-12-13_11-33-30_V44T12-331_D1_CH_L_419a_vis.tif,26582810,False,,True,3000,3000,5,4.6250069019420623,0.13330075,0.044433583,131.75218116386134,0.13330075,regist_target_img_scalef,False,3.1316432538943073,319,0.4174503944765516,,,0,0,0,0,0,4858,39.44009880609304,45010.99990068323,42017.7684072878,6000.000045011,False,0
CH_L_420a,CAVG10489_2024-12-17_12-44-54_2024-12-17_12-05-13_V44T13-300_D1_CH_L_420a_vis.tif,20178966,False,,True,3000,3000,5,4.6250069019420623,0.2149305,0.0716435,131.83150230279807,0.2149305,regist_target_img_scalef,False,1.941088959057137,515,0.41719922051463,,,0,0,0,0,0,938,90.08528784648188,24719.618667429706,27916.00075373202,5313.0,False,0
CH_L_420b,CAVG10489_2024-12-13_11-50-05_2024-12-13_11-33-30_V44T12-331_A1_CH_L_420b_vis.tif,29386238,False,,True,3000,3000,5,4.6250069019420623,0.11739615,0.03913205,143.89775240023943,0.11739615,regist_target_img_scalef,False,3.2557783015984163,307,0.38221583786119295,,,0,0,0,0,0,4305,44.29732868757259,51109.00144510702,35622.97400723959,6000.0,False,0
CH_L_421a,CAVG10489_2024-12-17_12-44-54_2024-12-17_12-05-13_V44T13-300_A1_CH_L_421a_vis.tif,20505878,False,,True,3000,3000,5,4.6250069019420623,0.17485574,0.058285248,144.55517879097258,0.17485574,regist_target_img_scalef,False,2.1759511478346685,460,0.38047754815848034,,,0,0,0,0,0,1223,75.8789860997547,19524.666001249578,34314.000002196095,3413.999921901336,False,0
CH_L_421b,CAVG10489_2024-12-13_12-40-40_2024-12-13_12-25-49_V44L24-370_D1_CH_L_421b_vis.tif,28253022,False,,True,3000,3000,5,4.6250069019420623,0.15033072,0.050110243,132.9732391662639,0.15033072,regist_target_img_scalef,False,2.751380810092377,363,0.41361705817537026,,,0,0,0,0,0,4763,68.17132059626286,36220.139662862945,39911.99962849911,5444.9996740187435,False,0
CH_L_422a,CAVG10489_2024-12-13_12-40-40_2024-12-13_12-25-49_V44L24-370_A1_CH_L_422a_vis.tif,25297896,False,,True,3000,3000,5,4.6250069019420623,0.16254435,0.054181453,144.22004295195245,0.16254435,regist_target_img_scalef,False,2.346200866226884,426,0.3813616947702858,,,0,0,0,0,0,3517,100.0,36119.37095891467,36913.00046899813,5870.999674925662,False,0
CH_L_423a,CAVG10489_2024-12-17_13-32-41_2024-12-17_13-20-44_V44T20-289_D1_CH_L_423a_vis.tif,27148162,False,,True,3000,3000,5,4.6250069019420623,0.13664003,0.045546673,125.763299981097,0.13664003,regist_target_img_scalef,False,3.2005956911799593,312,0.43732949126070036,,,0,0,0,0,0,4032,78.47222222222221,36907.196273150395,43911.0009198696,5043.000405979158,False,0
CH_L_424a,CAVG10489_2024-12-17_13-32-41_2024-12-17_13-20-44_V44T20-289_A1_CH_L_424a_vis.tif,25199542,False,,True,3000,3000,5,4.6250069019420623,0.13664003,0.045546673,114.26462140543866,0.13664003,regist_target_img_scalef,False,3.522678070229996,284,0.4813388371965687,,,0,0,0,0,0,3702,100.0,32011.11967058494,43911.0009198696,4374.000352122316,False,0
CH_L_425a,CAVG10489_2024-12-17_14-28-01_2024-12-17_14-20-31_V44T19-323_D1_CH_L_425a_vis.tif,28951982,False,,True,3000,3000,5,4.6250069019420623,0.092586875,0.030862292,136.0896942707796,0.092586875,regist_target_img_scalef,False,4.365037962265796,229,0.404145224182558,,,0,0,0,0,0,1871,15.285943345804382,64804.00094717528,36419.848532312506,5999.999935195999,False,0
CH_L_426a,CAVG10489_2024-12-17_14-28-01_2024-12-17_14-20-31_V44T19-323_A1_CH_L_426a_vis.tif,29027664,False,,True,3000,3000,5,4.6250069019420623,0.112977326,0.03765911,135.75258104090886,0.112977326,regist_target_img_scalef,False,3.5861074865620317,279,0.4051488345803593,,,0,0,0,0,0,4631,90.43403152666811,53107.99963143048,39406.13572652142,5999.999787568001,False,0
CH_L_427a,CAVG10489_2024-12-17_15-16-15_2024-12-17_15-08-01_V44T20-320_D1_CH_L_427a_vis.tif,27277074,False,,True,3000,3000,5,4.6250069019420623,0.09630046,0.032100152,138.1533458691841,0.09630046,regist_target_img_scalef,False,4.134023304428656,242,0.3981083458671996,,,0,0,0,0,0,4379,0.0,62305.000923360116,39532.523085871995,6000.000249220004,False,0
CH_L_428a,CAVG10489_2024-12-17_15-16-15_2024-12-17_15-08-01_V44T20-320_A1_CH_L_428a_vis.tif,28367028,False,,True,3000,3000,5,4.6250069019420623,0.13183627,0.04394542,135.0949202586159,0.13183627,regist_target_img_scalef,False,3.088081566777434,324,0.4071211552196929,,,0,0,0,0,0,4992,99.53926282051282,45510.99978109209,43918.11478875387,6000.000455109998,False,0
CH_L_429a,CAVG10489_2024-12-20_11-21-34_2024-12-20_11-07-00_V44T19-305_D1_CH_L_429a_vis.tif,28126388,False,,True,3000,3000,5,4.6250069019420623,0.07936403,0.026454676,140.38237370248922,0.07936403,regist_target_img_scalef,False,4.936582454687931,203,0.3917870780313266,,,0,0,0,0,0,4992,100.0,75601.00150158709,39728.32628908402,6000.000151202003,False,0
CH_L_430a,CAVG10489_2024-12-20_11-21-34_2024-12-20_11-07-00_V44T19-305_A1_CH_L_430a_vis.tif,25490326,False,,True,3000,3000,5,4.6250069019420623,0.08287064,0.027623547,137.27062755824073,0.08287064,regist_target_img_scalef,False,4.834865282233457,207,0.4006683802524672,,,0,0,0,0,0,4799,16.7951656595124,72401.99819378735,40327.91299393956,5999.999927598002,False,0
CH_L_431a,CAVG10489_2024-12-20_12-11-40_2024-12-20_11-57-23_V44T12-358_D1_CH_L_431a_vis.tif,23965880,False,,True,3000,3000,5,4.6250069019420623,0.124714196,0.041571397,153.2582560279592,0.124714196,regist_target_img_scalef,False,2.877550267114234,347,0.35887136801273695,,,0,0,0,0,0,4796,46.517931609674726,48110.00217288824,38127.17672201394,6000.00024055001,False,0
CH_L_432a,CAVG10489_2024-12-20_12-11-40_2024-12-20_11-57-23_V44T12-358_A1_CH_L_432a_vis.tif,22791942,False,,True,3000,3000,5,4.6250069019420623,0.10488227,0.034960758,134.10495479497382,0.10488227,regist_target_img_scalef,False,3.910351403968233,256,0.41012653174587527,,,0,0,0,0,0,4531,100.0,57206.99762859833,34009.5600902017,5999.99977117201,False,0
CH_L_433a,CAVG10489_2024-12-31_09-37-50_2024-12-31_09-13-04_V44U10-301_D1_CH_L_433a_vis.tif,29061106,False,,True,3000,3000,5,4.6250069019420623,0.112099245,0.037366416,136.38107186278967,0.112099245,regist_target_img_scalef,False,3.5975422456623125,278,0.40328176959434975,,,0,0,0,0,0,4782,33.228774571309074,53523.998662328224,40116.236997415006,5999.999839428004,False,0
CH_L_437a,CAVG10489_2024-12-31_09-37-50_2024-12-31_09-13-04_V44U10-301_A1_CH_L_437a_vis.tif,20780544,False,,True,3000,3000,5,4.6250069019420623,0.33206043,0.11068681,254.32833058244415,0.33206043,regist_target_img_scalef,False,0.6512546286694757,1535,0.21625589203547643,,,0,0,0,0,0,1166,100.0,17102.308757475257,18069.0002720288,5679.0,False,0
CH_L_437b,CAVG10489_2024-12-31_10-21-40_2024-12-31_10-11-56_V44U10-303_D1_CH_L_437b_vis.tif,26092572,False,,True,3000,3000,5,4.6250069019420623,0.115355775,0.038451925,137.36183991515585,0.115355775,regist_target_img_scalef,False,3.471021060737774,288,0.40040232450272795,,,0,0,0,0,0,4245,80.16489988221437,52013.000649512345,40336.08200369683,6000.0,False,0
CH_L_438a,CAVG10489_2024-12-31_10-21-40_2024-12-31_10-11-56_V44U10-303_A1_CH_L_438a_vis.tif,27176704,False,,True,3000,3000,5,4.6250069019420623,0.14695077,0.04898359,134.00648688781052,0.14695077,regist_target_img_scalef,False,2.79296183708056,358,0.4104278925396029,,,0,0,0,0,0,4349,28.305357553460563,33990.9753450084,40830.0004144245,4995.000000000001,False,0
CH_L_439a,CAVG10489_2024-12-31_11-03-51_2024-12-31_10-56-09_V44U10-395_D1_CH_L_439a_vis.tif,26401576,False,,True,3000,3000,5,4.6250069019420623,0.13138878,0.04379626,152.86275144623337,0.13138878,regist_target_img_scalef,False,2.738436892718273,365,0.35979988244124483,,,0,0,0,0,0,4504,100.0,45665.999790849724,33792.839845228795,6000.000000000001,False,0
CH_L_439b,CAVG10489_2024-12-31_11-03-51_2024-12-31_10-56-09_V44U10-395_A1_CH_L_439b_vis.tif,24354210,False,,True,3000,3000,5,4.6250069019420623,0.15538809,0.051796027,144.12345575556117,0.15538809,regist_target_img_scalef,False,2.45589782257105,407,0.38161727188447436,,,0,0,0,0,0,4550,48.96703296703297,38613.00018242712,31064.15864676262,6000.0003475170015,False,0
CH_L_440a,CAVG10489_2024-12-31_11-45-28_2024-12-31_11-38-15_V44M27-377_D1_CH_L_440a_vis.tif,29319088,False,,True,3000,3000,5,4.6250069019420623,0.08780274,0.02926758,139.07950389995267,0.08780274,regist_target_img_scalef,False,4.503928503227538,222,0.3954572633474767,,,0,0,0,0,0,4849,73.21097133429572,68334.99729051735,44144.40824967421,5999.999999999999,False,0
CH_L_442a,CAVG10489_2024-12-31_11-45-28_2024-12-31_11-38-15_V44M27-377_A1_CH_L_442a_vis.tif,29053594,False,,True,3000,3000,5,4.6250069019420623,0.13588803,0.04529601,134.89840689735664,0.13588803,regist_target_img_scalef,False,3.0003689749974174,333,0.40771422928551826,,,0,0,0,0,0,4945,79.29221435793731,40533.37148238885,44153.999436153426,5508.0,False,0
